p,p_index,dataset_index,A,B,C,empirical_optimum,empirical_g12,empirical_g13,empirical_g23,theory_optimum,theory_g12,theory_g13,theory_g23,theory_D,best_initialization,alpha,beta,g12,g13,g23,D,deployed_gap,optimization_error,gram_error_to_empirical,gram_error_to_population,gradient_norm
0.0,0,0,0.0,1.009918426140783,1.0092021369566908,0.0,1.0,0.0,0.0,0.0,1.0,0.0,0.0,1.0,6,1.5707963268404421,1.570796326802409,1.0,2.074393124564053e-21,5.643576140438635e-23,1.0,-0.5,2.1519229305670744e-21,2.074393124564053e-21,2.074393124564053e-21,9.199449164685789e-11
0.0,0,1,0.0,0.9706344028445413,1.0420337525780548,0.0,1.0,0.0,0.0,0.0,1.0,0.0,0.0,1.0,1,1.5707963267480503,1.570796326796058,1.0,2.194581992940575e-21,1.3489756171683288e-24,1.0,-0.5,2.1315424603357526e-21,2.194581992940575e-21,2.194581992940575e-21,9.094138867597784e-11
0.0,0,2,0.0,1.0377411327853654,0.9668520312138495,0.0,1.0,0.0,0.0,0.0,1.0,0.0,0.0,1.0,3,1.5707963267887344,1.5707963267474563,1.0,3.797324012479781e-23,2.250585400452042e-21,1.0,-0.5,2.21538945906993e-21,2.250585400452042e-21,2.250585400452042e-21,9.173556882913833e-11
0.0,0,3,0.0,0.9602960968020421,1.0153614457421112,0.0,1.0,0.0,0.0,0.0,1.0,0.0,0.0,1.0,3,1.5707963267906557,1.5707963268399503,1.0,1.7985157676624255e-23,2.029833836934138e-21,1.0,-0.5,2.0782860960029346e-21,2.029833836934138e-21,2.029833836934138e-21,9.149153380894074e-11
0.0,0,4,0.0,1.0147793469758322,0.9904247998530037,0.0,1.0,0.0,0.0,0.0,1.0,0.0,0.0,1.0,7,1.5707963267501457,1.5707963267997118,1.0,2.0026458172158953e-21,2.318613245395069e-23,1.0,-0.5,2.055207735213297e-21,2.0026458172158953e-21,2.0026458172158953e-21,9.08246408886507e-11
0.0,0,5,0.0,1.017231693802246,0.9604671443822622,0.0,1.0,0.0,0.0,0.0,1.0,0.0,0.0,1.0,3,1.5707963268423575,1.5707963267918843,1.0,2.252533502215998e-21,9.074061798085773e-24,1.0,-0.5,2.300063808028641e-21,2.252533502215998e-21,2.252533502215998e-21,9.655738780707396e-11
0.0,0,6,0.0,1.0031539032142542,1.019063129891333,0.0,1.0,0.0,0.0,0.0,1.0,0.0,0.0,1.0,3,1.570796326841649,1.5707963267942648,1.0,2.1857792863452177e-21,3.9914360978132234e-25,1.0,-0.5,2.193079775198332e-21,2.1857792863452177e-21,2.1857792863452177e-21,9.379954160135443e-11
0.0,0,7,0.0,0.9810319757156647,0.9968967744949737,0.0,1.0,0.0,0.0,0.0,1.0,0.0,0.0,1.0,2,1.570796326805117,1.5707963267496863,1.0,1.0445718709050156e-22,2.0439749511058132e-21,1.0,-0.5,2.140107876535002e-21,2.0439749511058132e-21,2.0439749511058132e-21,9.014008662525736e-11
0.0,0,8,0.0,0.9566539066318434,0.9723601571585606,0.0,1.0,0.0,0.0,0.0,1.0,0.0,0.0,1.0,0,1.5707963267462495,1.5707963267904468,1.0,2.3665449687940776e-21,1.9801032551021552e-23,1.0,-0.5,2.2832182247400013e-21,2.3665449687940776e-21,2.3665449687940776e-21,9.307696757990491e-11
0.0,0,9,0.0,1.0127846546145647,0.9751529657129925,0.0,1.0,0.0,0.0,0.0,1.0,0.0,0.0,1.0,0,1.5707963267948877,1.570796326746725,1.0,7.997754478031534e-29,2.3204961144600665e-21,1.0,-0.5,2.2628387489412393e-21,2.3204961144600665e-21,2.3204961144600665e-21,9.394921687747925e-11
0.0,0,10,0.0,0.9785292414933464,1.001125068902119,0.0,1.0,0.0,0.0,0.0,1.0,0.0,0.0,1.0,3,1.5707963268005143,1.570796326840188,1.0,3.1558185581858576e-23,2.0513187998564376e-21,1.0,-0.5,2.0845072822468106e-21,2.0513187998564376e-21,2.0513187998564376e-21,9.068488620172426e-11
0.0,0,11,0.0,1.0004618745293454,0.9958935368838026,0.0,1.0,0.0,0.0,0.0,1.0,0.0,0.0,1.0,0,1.570796326794604,1.5707963267495055,1.0,8.568266931956708e-26,2.060350643315833e-21,1.0,-0.5,2.051975611636585e-21,2.060350643315833e-21,2.060350643315833e-21,9.040937737299896e-11
0.0,0,12,0.0,0.9764180012390975,1.0240543768685977,0.0,1.0,0.0,0.0,0.0,1.0,0.0,0.0,1.0,1,1.570796326797577,1.570796326839263,1.0,7.184872450109293e-24,1.968381817555513e-21,1.0,-0.5,2.022745454413182e-21,1.968381817555513e-21,1.968381817555513e-21,9.086731304660147e-11
0.0,0,13,0.0,0.9916610387227056,1.0066046826870723,0.0,1.0,0.0,0.0,0.0,1.0,0.0,0.0,1.0,3,1.570796326781202,1.5707963267490292,1.0,1.8754377389757076e-22,2.103815739192665e-21,1.0,-0.5,2.3036906282113424e-21,2.103815739192665e-21,2.103815739192665e-21,9.234062122968872e-11
0.0,0,14,0.0,1.006329475436424,1.0210962131123065,0.0,1.0,0.0,0.0,0.0,1.0,0.0,0.0,1.0,3,1.5707963267966834,1.5707963268394847,1.0,3.192410180262601e-24,1.9880941804051022e-21,1.0,-0.5,2.033248055384346e-21,1.9880941804051022e-21,1.9880941804051022e-21,9.105737749720895e-11
0.0,0,15,0.0,0.9829489314608848,0.9984773707900668,0.0,1.0,0.0,0.0,0.0,1.0,0.0,0.0,1.0,5,1.5707963268413458,1.5707963267985205,1.0,2.1575307471748117e-21,1.3132859691195912e-23,1.0,-0.5,2.1338554057449057e-21,2.1575307471748117e-21,2.1575307471748117e-21,9.131443732691995e-11
0.0,0,16,0.0,0.9757426411609047,1.0261017612584635,0.0,1.0,0.0,0.0,0.0,1.0,0.0,0.0,1.0,3,1.5707963268421392,1.5707963267951013,1.0,2.231862593431636e-21,4.1887309262023753e-26,1.0,-0.5,2.177766482265019e-21,2.231862593431636e-21,2.231862593431636e-21,9.219322493962353e-11
0.0,0,17,0.0,1.016142630712256,1.0170566041918403,0.0,1.0,0.0,0.0,0.0,1.0,0.0,0.0,1.0,2,1.5707963267962972,1.5707963267488505,1.0,1.961669534853559e-24,2.12024489901612e-21,1.0,-0.5,2.1584024130901405e-21,2.12024489901612e-21,2.12024489901612e-21,9.3663014966449e-11
0.0,0,18,0.0,1.0627286143469017,0.9696958316718847,0.0,1.0,0.0,0.0,0.0,1.0,0.0,0.0,1.0,1,1.5707963267950358,1.5707963267482135,1.0,1.9365710151277875e-26,2.179317713378831e-21,1.0,-0.5,2.1132958830464705e-21,2.179317713378831e-21,2.179317713378831e-21,9.053693725899869e-11
0.0,0,19,0.0,1.037277316897555,0.9726036185968282,0.0,1.0,0.0,0.0,0.0,1.0,0.0,0.0,1.0,1,1.5707963267852387,1.5707963268416003,1.0,9.327486481758338e-23,2.1812347291641064e-21,1.0,-0.5,2.2182286921060477e-21,2.1812347291641064e-21,2.1812347291641064e-21,9.084835723998515e-11
0.0,0,20,0.0,0.9992093893535197,1.0215444261989215,0.0,1.0,0.0,0.0,0.0,1.0,0.0,0.0,1.0,2,1.570796326841355,1.5707963267925837,1.0,2.1583765616871122e-21,5.3494038899917406e-24,1.0,-0.5,2.1621347799256365e-21,2.1583765616871122e-21,2.1583765616871122e-21,9.284320200931483e-11
0.0,0,21,0.0,0.9389672937767095,1.0253702609354227,0.0,1.0,0.0,0.0,0.0,1.0,0.0,0.0,1.0,2,1.5707963268127836,1.570796326750964,1.0,3.1994347977791766e-22,1.930081825256576e-21,1.0,-0.5,2.2794649681586267e-21,1.930081825256576e-21,1.930081825256576e-21,9.009456102918608e-11
0.0,0,22,0.0,0.9843776661010967,0.9186141360245619,0.0,1.0,0.0,0.0,0.0,1.0,0.0,0.0,1.0,1,1.5707963267969112,1.5707963268450151,1.0,4.0584095596027044e-24,2.5118655181105912e-21,1.0,-0.5,2.3114301804594134e-21,2.5118655181105912e-21,2.5118655181105912e-21,9.207915220350764e-11
0.0,0,23,0.0,0.9774173055087815,1.0382485345765988,0.0,1.0,0.0,0.0,0.0,1.0,0.0,0.0,1.0,4,1.5707963267974814,1.5707963267479523,1.0,6.680984327865832e-24,2.2037661304205728e-21,1.0,-0.5,2.2945870651585906e-21,2.2037661304205728e-21,2.2037661304205728e-21,9.747967544124858e-11
0.0,0,24,0.0,1.0090919606378241,1.0099207681761484,0.0,1.0,0.0,0.0,0.0,1.0,0.0,0.0,1.0,4,1.5707963268403455,1.5707963267940697,1.0,2.0656040275796626e-21,6.838551361420192e-25,1.0,-0.5,2.0850750575961617e-21,2.0656040275796626e-21,2.0656040275796626e-21,9.172427288728174e-11
0.0,0,25,0.0,1.0350644710121548,0.9743444680351168,0.0,1.0,0.0,0.0,0.0,1.0,0.0,0.0,1.0,5,1.5707963268392602,1.5707963267968228,1.0,1.968125691289867e-21,3.710152886537719e-24,1.0,-0.5,2.04075194448094e-21,1.968125691289867e-21,1.968125691289867e-21,9.18382950198256e-11
0.0,0,26,0.0,0.9877617986524516,1.0041809992272073,0.0,1.0,0.0,0.0,0.0,1.0,0.0,0.0,1.0,0,1.570796326842131,1.5707963267988074,1.0,2.2310864036740596e-21,1.529443793941889e-23,1.0,-0.5,2.2191403030147432e-21,2.2310864036740596e-21,2.2310864036740596e-21,9.331262705959563e-11
0.0,0,27,0.0,1.0007775364178249,0.9810813391579882,0.0,1.0,0.0,0.0,0.0,1.0,0.0,0.0,1.0,5,1.5707963267494567,1.5707963267999827,1.0,2.064787721705218e-21,2.5868336797230667e-23,1.0,-0.5,2.0917721118607383e-21,2.064787721705218e-21,2.064787721705218e-21,9.095053304509301e-11
0.0,0,28,0.0,0.9767237382040976,1.007925833852407,0.0,1.0,0.0,0.0,0.0,1.0,0.0,0.0,1.0,5,1.5707963267963438,1.5707963268398966,1.0,2.0944616552640876e-24,2.0249948241912133e-21,1.0,-0.5,2.0430903071371917e-21,2.0249948241912133e-21,2.0249948241912133e-21,9.071320911705618e-11
0.0,0,29,0.0,1.0157671476029293,1.0244371213312373,0.0,1.0,0.0,0.0,0.0,1.0,0.0,0.0,1.0,0,1.57079632674979,1.570796326794412,1.0,2.0346095463892458e-21,2.348008748312875e-25,1.0,-0.5,2.0669300741537924e-21,2.0346095463892458e-21,2.0346095463892458e-21,9.16356990342937e-11
0.0,0,30,0.0,1.0353592929897566,0.966472127970363,0.0,1.0,0.0,0.0,0.0,1.0,0.0,0.0,1.0,1,1.5707963267507332,1.5707963267935374,1.0,1.950405977667314e-21,1.8474144707135778e-24,1.0,-0.5,2.0211564286753788e-21,1.950405977667314e-21,1.950405977667314e-21,9.144997503118229e-11
0.0,0,31,0.0,1.0101220631308225,0.9953532925779739,0.0,1.0,0.0,0.0,0.0,1.0,0.0,0.0,1.0,4,1.5707963268051481,1.5707963267495793,1.0,1.0509358301375576e-22,2.0536637242682974e-21,1.0,-0.5,2.1502782966940596e-21,2.0536637242682974e-21,2.0536637242682974e-21,9.021358030384221e-11
0.0,0,32,0.0,0.9890580377148653,0.9589928099304644,0.0,1.0,0.0,0.0,0.0,1.0,0.0,0.0,1.0,6,1.5707963267458729,1.5707963267868725,1.0,2.4033266170289976e-21,6.438597411762776e-23,1.0,-0.5,2.43877519406578e-21,2.4033266170289976e-21,2.4033266170289976e-21,9.697463875882838e-11
0.0,0,33,0.0,1.0211982430636608,0.9924467959746246,0.0,1.0,0.0,0.0,0.0,1.0,0.0,0.0,1.0,1,1.5707963268392406,1.570796326789695,1.0,1.966392351703881e-21,2.7057455548241305e-23,1.0,-0.5,2.034929499799901e-21,1.966392351703881e-21,1.966392351703881e-21,9.056807620047486e-11
0.0,0,34,0.0,1.016492461537939,0.972407380621171,0.0,1.0,0.0,0.0,0.0,1.0,0.0,0.0,1.0,4,1.5707963267929161,1.5707963267456548,1.0,3.922289399708336e-24,2.424753197307017e-21,1.0,-0.5,2.3618348828528997e-21,2.424753197307017e-21,2.424753197307017e-21,9.576614653296854e-11
0.0,0,35,0.0,1.0143086224145472,1.017130564375889,0.0,1.0,0.0,0.0,0.0,1.0,0.0,0.0,1.0,5,1.5707963267883396,1.5707963267502336,1.0,4.299475278596396e-23,1.9947836802448564e-21,1.0,-0.5,2.0725653989646487e-21,1.9947836802448564e-21,1.9947836802448564e-21,9.085620732686972e-11
0.0,0,36,0.0,1.0429002273527928,0.9783436455009755,0.0,1.0,0.0,0.0,0.0,1.0,0.0,0.0,1.0,5,1.5707963267957907,1.5707963267478053,1.0,7.994369689792336e-25,2.2175887504441636e-21,1.0,-0.5,2.1703975953281987e-21,2.2175887504441636e-21,2.2175887504441636e-21,9.214291113744068e-11
0.0,0,37,0.0,1.0004290520155068,1.0071194880330354,0.0,1.0,0.0,0.0,0.0,1.0,0.0,0.0,1.0,1,1.5707963267836027,1.570796326839553,1.0,1.2755253799709412e-22,1.9941975876701786e-21,1.0,-0.5,2.1360025182017094e-21,1.9941975876701786e-21,1.9941975876701786e-21,8.9948740947369e-11
0.0,0,38,0.0,0.993581895612264,0.9747019300208354,0.0,1.0,0.0,0.0,0.0,1.0,0.0,0.0,1.0,0,1.570796326748654,1.5707963267945024,1.0,2.138380511613131e-21,1.5538607624700373e-25,1.0,-0.5,2.1248076173773136e-21,2.138380511613131e-21,2.138380511613131e-21,9.189167312072208e-11
0.0,0,39,0.0,1.0445082277387616,0.9997056663018045,0.0,1.0,0.0,0.0,0.0,1.0,0.0,0.0,1.0,1,1.5707963267500051,1.5707963267992906,1.0,2.015245438420354e-21,1.9307055446756947e-23,1.0,-0.5,2.1242418140727937e-21,2.015245438420354e-21,2.015245438420354e-21,9.37790511763239e-11
0.0,0,40,0.0,1.000675907602014,1.0267534997437928,0.0,1.0,0.0,0.0,0.0,1.0,0.0,0.0,1.0,6,1.5707963268403435,1.5707963267884903,1.0,2.0654223812117895e-21,4.104029696612813e-23,1.0,-0.5,2.1089566844411172e-21,2.0654223812117895e-21,2.0654223812117895e-21,9.09552723964897e-11
0.0,0,41,0.0,1.0007714770189917,1.007302066780113,0.0,1.0,0.0,0.0,0.0,1.0,0.0,0.0,1.0,3,1.570796326796553,1.5707963268412617,1.0,2.7436328688555954e-24,2.1497199685215253e-21,1.0,-0.5,2.168163116808774e-21,2.1497199685215253e-21,2.1497199685215253e-21,9.340726715867414e-11
0.0,0,42,0.0,1.0772685219965243,0.9759687996387116,0.0,1.0,0.0,0.0,0.0,1.0,0.0,0.0,1.0,4,1.5707963267947587,1.5707963268425404,1.0,1.9030459639227685e-26,2.269934308551858e-21,1.0,-0.5,2.2154055632912144e-21,2.269934308551858e-21,2.269934308551858e-21,9.299777846948218e-11
0.0,0,43,0.0,0.9948935039204211,0.9855571193935793,0.0,1.0,0.0,0.0,0.0,1.0,0.0,0.0,1.0,6,1.5707963267946223,1.570796326749078,1.0,7.523298502227096e-26,2.09933690047911e-21,1.0,-0.5,2.0690912770809164e-21,2.09933690047911e-21,2.09933690047911e-21,9.031353987141838e-11
0.0,0,44,0.0,1.0026683050347436,0.9999476299404142,0.0,1.0,0.0,0.0,0.0,1.0,0.0,0.0,1.0,2,1.570796326749389,1.570796326796508,1.0,2.0709470206079844e-21,2.5963407523168823e-24,1.0,-0.5,2.0790691437515568e-21,2.0709470206079844e-21,2.0709470206079844e-21,9.125817447587523e-11
0.0,0,45,0.0,1.0374018968591328,0.9927469792721261,0.0,1.0,0.0,0.0,0.0,1.0,0.0,0.0,1.0,1,1.5707963267951086,1.5707963268409963,1.0,4.4940338988658697e-26,2.125185052520726e-21,1.0,-0.5,2.109817662477138e-21,2.125185052520726e-21,2.125185052520726e-21,9.153073425228758e-11
0.0,0,46,0.0,0.9782707353667386,1.002920558473409,0.0,1.0,0.0,0.0,0.0,1.0,0.0,0.0,1.0,0,1.5707963267470721,1.5707963267955263,1.0,2.2871801536719225e-21,3.9646827417231697e-25,1.0,-0.5,2.2378790370317917e-21,2.2871801536719225e-21,2.2871801536719225e-21,9.357056343018362e-11
0.0,0,47,0.0,0.9781689950590404,1.0048196552879705,0.0,1.0,0.0,0.0,0.0,1.0,0.0,0.0,1.0,0,1.5707963268422296,1.5707963267938934,1.0,2.240409590357253e-21,1.0065281342822325e-24,1.0,-0.5,2.192510576773318e-21,2.240409590357253e-21,2.240409590357253e-21,9.259927791751324e-11
0.0,0,48,0.0,1.0057513079074796,0.9803293217103751,0.0,1.0,0.0,0.0,0.0,1.0,0.0,0.0,1.0,7,1.5707963267482854,1.570796326794782,1.0,2.172605886660184e-21,1.3141469465860288e-26,1.0,-0.5,2.185114095043817e-21,2.172605886660184e-21,2.172605886660184e-21,9.375859218131691e-11
0.0,0,49,0.0,1.046390928390426,0.9860136995833213,0.0,1.0,0.0,0.0,0.0,1.0,0.0,0.0,1.0,5,1.5707963267905314,1.5707963268416807,1.0,1.9055286388251737e-23,2.1887492891855162e-21,1.0,-0.5,2.178076062904724e-21,2.1887492891855162e-21,2.1887492891855162e-21,9.225946964268992e-11
0.05,1,0,0.06060887987628179,0.9547672695405313,0.9416552629320235,0.06060887987628179,1.0,0.0,0.0,0.05,1.0,0.0,0.0,1.0,0,1.5707963267455916,1.5707963268547744,1.0,2.430989509197879e-21,3.585353232072867e-21,1.0,-0.5,0.0,3.585353232072867e-21,3.585353232072867e-21,9.953362244635915e-11
0.05,1,1,0.055165253953355774,1.027693083705259,0.9340665509499582,0.055165253953355774,1.0,0.0,0.0,0.05,1.0,0.0,0.0,1.0,0,1.5707963268211584,1.5707963267386416,1.0,6.896832068329149e-22,3.1646319882586035e-21,1.0,-0.5,0.0,3.1646319882586035e-21,3.1646319882586035e-21,9.598781374054238e-11
0.05,1,2,0.049994529008715684,1.0074415132891759,0.9703124539753619,0.049994529008715684,1.0,0.0,0.0,0.05,1.0,0.0,0.0,1.0,0,1.5707963268188578,1.570796326741827,1.0,5.741398805529747e-22,2.8163835042616744e-21,1.0,-0.5,0.0,2.8163835042616744e-21,2.8163835042616744e-21,9.528596725137687e-11
0.05,1,3,0.053312495678373144,1.0125339940079374,0.9718538452884403,0.053312495678373144,1.0,0.0,0.0,0.05,1.0,0.0,0.0,1.0,0,1.5707963268331735,1.5707963267417966,1.0,1.465119231960148e-21,2.819613196484638e-21,1.0,-0.5,0.0,2.819613196484638e-21,2.819613196484638e-21,9.34678750558295e-11
0.05,1,4,0.04008604953812541,1.0218308065340134,0.9291955497296136,0.04008604953812541,1.0,0.0,0.0,0.05,1.0,0.0,0.0,1.0,0,1.5707963267745841,1.570796326851445,1.0,4.125968293804132e-22,3.1977308609658637e-21,1.0,-0.5,0.0,3.1977308609658637e-21,3.1977308609658637e-21,9.892709170359608e-11
0.05,1,5,0.05554091576673481,1.0013915228842174,0.9617014564141353,0.05554091576673481,1.0,0.0,0.0,0.05,1.0,0.0,0.0,1.0,0,1.5707963268327452,1.5707963267418663,1.0,1.4325128809388213e-21,2.812213576414151e-21,1.0,-0.5,0.0,2.812213576414151e-21,2.812213576414151e-21,9.190365883812716e-11
0.05,1,6,0.05303263803877615,0.9384667733833832,0.9194389788192247,0.05303263803877615,1.0,0.0,0.0,0.05,1.0,0.0,0.0,1.0,0,1.5707963268365077,1.5707963267365341,1.0,1.731483454346452e-21,3.40617991630691e-21,1.0,-0.5,0.0,3.40617991630691e-21,3.40617991630691e-21,9.671776544031934e-11
0.05,1,7,0.06287792866199625,1.0153843128517943,0.9912305743836434,0.06287792866199625,1.0,0.0,0.0,0.05,1.0,0.0,0.0,1.0,0,1.5707963267531635,1.570796326847436,1.0,1.7416535289072707e-21,2.760395598024779e-21,1.0,-0.5,0.0,2.760395598024779e-21,2.760395598024779e-21,9.230212186172746e-11
0.05,1,8,0.05716641390954991,1.0574643879209344,0.9381114648495533,0.05716641390954991,1.0,0.0,0.0,0.05,1.0,0.0,0.0,1.0,0,1.570796326802093,1.5707963268498415,1.0,5.178823647948029e-23,3.018939426826607e-21,1.0,-0.5,0.0,3.018939426826607e-21,3.018939426826607e-21,9.762961889180097e-11
0.05,1,9,0.046406832291318166,1.0320900391866128,0.9547174624730734,0.046406832291318166,1.0,0.0,0.0,0.05,1.0,0.0,0.0,1.0,0,1.5707963267705736,1.5707963268491105,1.0,5.916107272712851e-22,2.939147540557549e-21,1.0,-0.5,0.0,2.939147540557549e-21,2.939147540557549e-21,9.6228621848363e-11
0.05,1,10,0.05855452463577814,0.9630578954400789,0.9356255062404394,0.05855452463577814,1.0,0.0,0.0,0.05,1.0,0.0,0.0,1.0,0,1.5707963267472895,1.570796326850708,1.0,2.2664350813076425e-21,3.1149005719743787e-21,1.0,-0.5,0.0,3.1149005719743787e-21,3.1149005719743787e-21,9.23257122350128e-11
0.05,1,11,0.03568107213219779,1.0286815177046715,0.9066236715108822,0.03568107213219779,1.0,0.0,0.0,0.05,1.0,0.0,0.0,1.0,0,1.5707963268096266,1.5707963267396525,1.0,2.1697094884433417e-22,3.0519097897229298e-21,1.0,-0.5,0.0,3.0519097897229298e-21,3.0519097897229298e-21,9.517770791520381e-11
0.05,1,12,0.04190587402705408,1.0037015531089768,0.959052037448343,0.04190587402705408,1.0,0.0,0.0,0.05,1.0,0.0,0.0,1.0,0,1.5707963268408172,1.5707963267385952,1.0,2.108695940898922e-21,3.16985543548901e-21,1.0,-0.5,0.0,3.16985543548901e-21,3.16985543548901e-21,9.942467228587115e-11
0.05,1,13,0.039161089016392446,1.0226644484585123,0.9202123631714276,0.039161089016392446,1.0,0.0,0.0,0.05,1.0,0.0,0.0,1.0,0,1.5707963267761695,1.5707963268520493,1.0,3.5070356903960742e-22,3.266427203831895e-21,1.0,-0.5,0.0,3.266427203831895e-21,3.266427203831895e-21,9.92421121987177e-11
0.05,1,14,0.0401756767777488,0.9796219049770118,0.9332055830837864,0.0401756767777488,1.0,0.0,0.0,0.05,1.0,0.0,0.0,1.0,0,1.5707963268263514,1.5707963267417246,1.0,9.894030276588035e-22,2.8272586649337323e-21,1.0,-0.5,0.0,2.8272586649337323e-21,2.8272586649337323e-21,9.244088938212045e-11
0.05,1,15,0.0567522099033497,0.9848629460564057,0.9411657529539635,0.0567522099033497,1.0,0.0,0.0,0.05,1.0,0.0,0.0,1.0,0,1.5707963267467544,1.5707963268504601,1.0,2.317673169360294e-21,3.0873017016513167e-21,1.0,-0.5,0.0,3.0873017016513167e-21,3.0873017016513167e-21,9.281785603735345e-11
0.05,1,16,0.05004946374465777,0.9794521048398401,0.9191411579982722,0.05004946374465777,1.0,0.0,0.0,0.05,1.0,0.0,0.0,1.0,0,1.5707963268319491,1.5707963267375737,1.0,1.3728893859305922e-21,3.285911928925711e-21,1.0,-0.5,0.0,3.285911928925711e-21,3.285911928925711e-21,9.592875034306675e-11
0.05,1,17,0.05512681332097323,1.0178565753980586,0.9240298535632522,0.05512681332097323,1.0,0.0,0.0,0.05,1.0,0.0,0.0,1.0,0,1.5707963268211456,1.5707963267376965,1.0,6.890069424107291e-22,3.271849578565437e-21,1.0,-0.5,0.0,3.271849578565437e-21,3.271849578565437e-21,9.650861228566309e-11
0.05,1,18,0.04361596249441893,0.9664916607652092,0.9367901133229878,0.04361596249441893,1.0,0.0,0.0,0.05,1.0,0.0,0.0,1.0,0,1.5707963268225034,1.570796326738028,1.0,7.621323417772562e-22,3.2340343827664618e-21,1.0,-0.5,0.0,3.2340343827664618e-21,3.2340343827664618e-21,9.91788859967693e-11
0.05,1,19,0.04752202655570745,1.0228751069255355,0.9777758601633857,0.04752202655570745,1.0,0.0,0.0,0.05,1.0,0.0,0.0,1.0,0,1.5707963268338023,1.5707963267422504,1.0,1.5136539799165477e-21,2.7716193131959424e-21,1.0,-0.5,0.0,2.7716193131959424e-21,2.7716193131959424e-21,9.425084864530637e-11
0.05,1,20,0.05262774218458485,0.993001160672889,0.930633566181772,0.05262774218458485,1.0,0.0,0.0,0.05,1.0,0.0,0.0,1.0,0,1.5707963267632759,1.5707963268495264,1.0,9.998729237489736e-22,2.9844144975869284e-21,1.0,-0.5,0.0,2.9844144975869284e-21,2.9844144975869284e-21,9.260229710396236e-11
0.05,1,21,0.05445576583171097,0.9997717873438667,1.0068808028942,0.05445576583171097,1.0,0.0,0.0,0.05,1.0,0.0,0.0,1.0,0,1.5707963267454539,1.5707963268462168,1.0,2.4445838871508874e-21,2.6337649937362236e-21,1.0,-0.5,0.0,2.6337649937362236e-21,2.6337649937362236e-21,9.237244128487064e-11
0.05,1,22,0.04021443891447432,1.0328652528921025,0.9481455265446985,0.04021443891447432,1.0,0.0,0.0,0.05,1.0,0.0,0.0,1.0,0,1.5707963268219967,1.570796326741707,1.0,7.344120980591228e-22,2.8291244074816103e-21,1.0,-0.5,0.0,2.8291244074816103e-21,2.8291244074816103e-21,9.440520102584062e-11
0.05,1,23,0.047478117762551134,1.0208644942973173,0.9453121920913954,0.047478117762551134,1.0,0.0,0.0,0.05,1.0,0.0,0.0,1.0,0,1.570796326826673,1.5707963267423362,1.0,1.0097331202582345e-21,2.7626021350368747e-21,1.0,-0.5,0.0,2.7626021350368747e-21,2.7626021350368747e-21,9.136378932366201e-11
0.05,1,24,0.042303542504755924,1.0157585403252984,0.9243802666480977,0.042303542504755924,1.0,0.0,0.0,0.05,1.0,0.0,0.0,1.0,0,1.5707963268202625,1.5707963267383684,1.0,6.434273783637016e-22,3.1954347671489254e-21,1.0,-0.5,0.0,3.1954347671489254e-21,3.1954347671489254e-21,9.757824559757376e-11
0.05,1,25,0.051148951831392134,0.9753909732692104,0.9602328969632484,0.051148951831392134,1.0,0.0,0.0,0.05,1.0,0.0,0.0,1.0,0,1.5707963267496101,1.5707963268514775,1.0,2.050867308321115e-21,3.2013983472719754e-21,1.0,-0.5,0.0,3.2013983472719754e-21,3.2013983472719754e-21,9.824086295891488e-11
0.05,1,26,0.04509509094353757,0.9837015791227683,0.953641391503171,0.04509509094353757,1.0,0.0,0.0,0.05,1.0,0.0,0.0,1.0,0,1.5707963267472145,1.5707963268502205,1.0,2.273586640774801e-21,3.060734619020263e-21,1.0,-0.5,0.0,3.060734619020263e-21,3.060734619020263e-21,9.622819994277714e-11
0.05,1,27,0.054720607289446,1.016061545448128,0.9607373378239711,0.054720607289446,1.0,0.0,0.0,0.05,1.0,0.0,0.0,1.0,0,1.5707963267629126,1.5707963268486536,1.0,1.0229783195803345e-21,2.889808342281659e-21,1.0,-0.5,0.0,2.889808342281659e-21,2.889808342281659e-21,9.390899839444367e-11
0.05,1,28,0.05978834968879007,0.9908596956219805,0.9413616306008824,0.05978834968879007,1.0,0.0,0.0,0.05,1.0,0.0,0.0,1.0,0,1.570796326753645,1.5707963268514014,1.0,1.7017052263359997e-21,3.1927855979370487e-21,1.0,-0.5,0.0,3.1927855979370487e-21,3.1927855979370487e-21,9.469339164840093e-11
0.05,1,29,0.05620181249761548,1.020458246223987,0.9273072521872437,0.05620181249761548,1.0,0.0,0.0,0.05,1.0,0.0,0.0,1.0,0,1.5707963268270084,1.5707963267373786,1.0,1.0311681801022604e-21,3.308326260195043e-21,1.0,-0.5,0.0,3.308326260195043e-21,3.308326260195043e-21,9.659909169656468e-11
0.05,1,30,0.04652359090577343,1.012875700305579,0.9083475565215038,0.04652359090577343,1.0,0.0,0.0,0.05,1.0,0.0,0.0,1.0,0,1.570796326816422,1.5707963267358434,1.0,4.633422793995789e-22,3.487288461640671e-21,1.0,-0.5,0.0,3.487288461640671e-21,3.487288461640671e-21,9.978416663843607e-11
0.05,1,31,0.05057789049471422,0.9770699701506083,0.9390216361145655,0.05057789049471422,1.0,0.0,0.0,0.05,1.0,0.0,0.0,1.0,0,1.5707963268320597,1.5707963267374325,1.0,1.3810960168284887e-21,3.3021221870360238e-21,1.0,-0.5,0.0,3.3021221870360238e-21,3.3021221870360238e-21,9.834796875621054e-11
0.05,1,32,0.05691447736769904,0.9618314292857759,0.962926079501106,0.05691447736769904,1.0,0.0,0.0,0.05,1.0,0.0,0.0,1.0,0,1.5707963268471992,1.5707963268358989,1.0,2.735556261360127e-21,1.6811846218292403e-21,1.0,-0.5,0.0,2.735556261360127e-21,2.735556261360127e-21,9.932616344775095e-11
0.05,1,33,0.037784100723595254,0.9672907897326453,0.9703864486002743,0.037784100723595254,1.0,0.0,0.0,0.05,1.0,0.0,0.0,1.0,0,1.5707963268471077,1.5707963267624954,1.0,2.725995107998253e-21,1.0498412654519296e-21,1.0,-0.5,0.0,2.725995107998253e-21,2.725995107998253e-21,9.461256025236702e-11
0.05,1,34,0.047744602137881786,0.9734610207742612,0.9466913115092299,0.047744602137881786,1.0,0.0,0.0,0.05,1.0,0.0,0.0,1.0,0,1.5707963268322727,1.5707963267417122,1.0,1.3969684394041062e-21,2.828581153109938e-21,1.0,-0.5,0.0,2.828581153109938e-21,2.828581153109938e-21,9.205088700014756e-11
0.05,1,35,0.05658644307185359,1.002765004775608,0.9580039877726261,0.05658644307185359,1.0,0.0,0.0,0.05,1.0,0.0,0.0,1.0,0,1.5707963268336163,1.570796326738275,1.0,1.4992099707706356e-21,3.206012101764843e-21,1.0,-0.5,0.0,3.206012101764843e-21,3.206012101764843e-21,9.769749841620779e-11
0.05,1,36,0.05107838384362796,1.0383479599174703,0.9717145354517611,0.05107838384362796,1.0,0.0,0.0,0.05,1.0,0.0,0.0,1.0,0,1.5707963267596603,1.5707963268493104,1.0,1.2415982181001446e-21,2.9608557060184234e-21,1.0,-0.5,0.0,2.9608557060184234e-21,2.9608557060184234e-21,9.659089410212872e-11
0.05,1,37,0.055277078434537434,0.9709692084283787,0.9512475430510288,0.055277078434537434,1.0,0.0,0.0,0.05,1.0,0.0,0.0,1.0,0,1.5707963267429603,1.5707963268513465,1.0,2.6973786681408133e-21,3.186590599057379e-21,1.0,-0.5,0.0,3.186590599057379e-21,3.186590599057379e-21,9.541310333416627e-11
0.05,1,38,0.06108855451983533,0.9355078814792677,0.9668245794257841,0.06108855451983533,1.0,0.0,0.0,0.05,1.0,0.0,0.0,1.0,0,1.5707963267372127,1.5707963268442848,1.0,3.3274345022909203e-21,2.4391952887929538e-21,1.0,-0.5,0.0,3.3274345022909203e-21,3.3274345022909203e-21,9.484575840103882e-11
0.05,1,39,0.06036952827473159,1.030579283801255,0.9417236401802405,0.06036952827473159,1.0,0.0,0.0,0.05,1.0,0.0,0.0,1.0,0,1.5707963267652068,1.5707963268513367,1.0,8.814882263169197e-22,3.185487667789855e-21,1.0,-0.5,0.0,3.185487667789855e-21,3.185487667789855e-21,9.590274525190307e-11
0.05,1,40,0.05939974242349081,1.0027542852353672,0.9618078005004758,0.05939974242349081,1.0,0.0,0.0,0.05,1.0,0.0,0.0,1.0,0,1.5707963268373075,1.5707963267367082,1.0,1.798684642174586e-21,3.385890390927889e-21,1.0,-0.5,0.0,3.385890390927889e-21,3.385890390927889e-21,9.99809764343526e-11
0.05,1,41,0.046328047542873285,0.9852207983566315,0.9536438029452288,0.046328047542873285,1.0,0.0,0.0,0.05,1.0,0.0,0.0,1.0,0,1.5707963267521239,1.5707963268480258,1.0,1.8295069041764242e-21,2.8227137544879907e-21,1.0,-0.5,0.0,2.8227137544879907e-21,2.8227137544879907e-21,9.244679760985689e-11
0.05,1,42,0.051171414041698206,0.9894960802879924,0.9437012685264069,0.051171414041698206,1.0,0.0,0.0,0.05,1.0,0.0,0.0,1.0,0,1.5707963268281802,1.570796326738159,1.0,1.1077938264104004e-21,3.2191512613177426e-21,1.0,-0.5,0.0,3.2191512613177426e-21,3.2191512613177426e-21,9.7873609647513e-11
0.05,1,43,0.04350674720806613,0.9699269746541375,0.9629294478414596,0.04350674720806613,1.0,0.0,0.0,0.05,1.0,0.0,0.0,1.0,0,1.5707963268003318,1.570796326741037,1.0,2.954081863974622e-23,2.900861326366301e-21,1.0,-0.5,0.0,2.900861326366301e-21,2.900861326366301e-21,9.85666288571111e-11
0.05,1,44,0.052463948627656104,1.0021238260829226,0.9797613786389909,0.052463948627656104,1.0,0.0,0.0,0.05,1.0,0.0,0.0,1.0,0,1.570796326754038,1.570796326847217,1.0,1.6694342669676612e-21,2.7374147365913274e-21,1.0,-0.5,0.0,2.7374147365913274e-21,2.7374147365913274e-21,9.274575756183013e-11
0.05,1,45,0.04752768647992965,0.9661330187585752,0.9576443368048438,0.04752768647992965,1.0,0.0,0.0,0.05,1.0,0.0,0.0,1.0,0,1.5707963268503022,1.570796326742684,1.0,3.0697825958939387e-21,2.726147016355249e-21,1.0,-0.5,0.0,3.0697825958939387e-21,3.0697825958939387e-21,9.682871340315603e-11
0.05,1,46,0.04551154974799701,1.0169598807377267,0.9275692567805474,0.04551154974799701,1.0,0.0,0.0,0.05,1.0,0.0,0.0,1.0,0,1.5707963268200051,1.570796326739562,1.0,6.304378091299204e-22,3.061927585684827e-21,1.0,-0.5,0.0,3.061927585684827e-21,3.061927585684827e-21,9.533131890076168e-11
0.05,1,47,0.05757365873497748,0.9760634393876387,0.9630555571468105,0.05757365873497748,1.0,0.0,0.0,0.05,1.0,0.0,0.0,1.0,0,1.570796326740559,1.5707963268514178,1.0,2.9525863723026215e-21,3.1946427606668585e-21,1.0,-0.5,0.0,3.1946427606668585e-21,3.1946427606668585e-21,9.610095309912274e-11
0.05,1,48,0.0423388906467026,1.0935286697213993,0.9288413573816094,0.0423388906467026,1.0,0.0,0.0,0.05,1.0,0.0,0.0,1.0,0,1.5707963268064016,1.5707963267423157,1.0,1.3236405690769173e-22,2.7647499734639763e-21,1.0,-0.5,0.0,2.7647499734639763e-21,2.7647499734639763e-21,9.225196273246854e-11
0.05,1,49,0.043666193151684296,1.0037998381975506,0.9815772695045375,0.043666193151684296,1.0,0.0,0.0,0.05,1.0,0.0,0.0,1.0,0,1.5707963267629865,1.5707963268450953,1.0,1.0182539335466916e-21,2.5199067535004743e-21,1.0,-0.5,0.0,2.5199067535004743e-21,2.5199067535004743e-21,9.137699809394426e-11
0.1,2,0,0.09588885663634719,0.9319119771049544,0.9145676658030465,0.09588885663634719,1.0,0.0,0.0,0.1,1.0,0.0,0.0,1.0,0,1.5707963267367462,1.570796326858374,1.0,3.3814730485576894e-21,4.0293783162766264e-21,1.0,-0.5,0.0,4.0293783162766264e-21,4.0293783162766264e-21,9.278322137816404e-11
0.1,2,1,0.1040321341179404,0.981397328753847,0.9124248908179664,0.1040321341179404,1.0,0.0,0.0,0.1,1.0,0.0,0.0,1.0,0,1.5707963268437166,1.5707963267274274,1.0,2.3833921924278093e-21,4.5520933018048914e-21,1.0,-0.5,0.0,4.5520933018048914e-21,4.5520933018048914e-21,9.89255322592377e-11
0.1,2,2,0.09573527625071802,1.0240141069373687,0.8842927285070257,0.09573527625071802,1.0,0.0,0.0,0.1,1.0,0.0,0.0,1.0,0,1.5707963267628904,1.5707963268577187,1.0,1.024399188979797e-21,3.946620100747482e-21,1.0,-0.5,0.0,3.946620100747482e-21,3.946620100747482e-21,9.294946676991703e-11
0.1,2,3,0.09919943295047806,0.969721605855997,0.9523391097959799,0.09919943295047806,1.0,0.0,0.0,0.1,1.0,0.0,0.0,1.0,0,1.5707963268490714,1.570796326733451,1.0,2.9349117251584298e-21,3.7755588806125806e-21,1.0,-0.5,0.0,3.7755588806125806e-21,3.7755588806125806e-21,9.40950947324905e-11
0.1,2,4,0.09816739748828936,1.0114770965937092,0.863976833428824,0.09816739748828936,1.0,0.0,0.0,0.1,1.0,0.0,0.0,1.0,0,1.5707963268379899,1.570796326724702,1.0,1.8570278050071454e-21,4.9272787943674875e-21,1.0,-0.5,0.0,4.9272787943674875e-21,4.9272787943674875e-21,9.905063700481881e-11
0.1,2,5,0.11780785013832756,1.0034579936969892,0.8643535387790555,0.11780785013832756,1.0,0.0,0.0,0.1,1.0,0.0,0.0,1.0,0,1.5707963268342162,1.5707963267260212,1.0,1.54603074031026e-21,4.743822254224396e-21,1.0,-0.5,0.0,4.743822254224396e-21,4.743822254224396e-21,9.35729679426236e-11
0.1,2,6,0.09024988448182833,0.9770713839623304,0.9527301740156994,0.09024988448182833,1.0,0.0,0.0,0.1,1.0,0.0,0.0,1.0,0,1.5707963267423444,1.5707963268545198,1.0,2.761738565779131e-21,3.554918112456616e-21,1.0,-0.5,0.0,3.554918112456616e-21,3.554918112456616e-21,9.336188754314546e-11
0.1,2,7,0.09466632288459043,0.9968479785658894,0.8900968681185182,0.09466632288459043,1.0,0.0,0.0,0.1,1.0,0.0,0.0,1.0,0,1.5707963268316512,1.5707963267318896,1.0,1.3508960732739e-21,3.969881322738127e-21,1.0,-0.5,0.0,3.969881322738127e-21,3.969881322738127e-21,9.327654160993279e-11
0.1,2,8,0.1044563907062538,0.9652877803282642,0.8922338821792113,0.1044563907062538,1.0,0.0,0.0,0.1,1.0,0.0,0.0,1.0,0,1.570796326841687,1.5707963267290326,1.0,2.189331064269823e-21,4.338072050738033e-21,1.0,-0.5,0.0,4.338072050738033e-21,4.338072050738033e-21,9.399733059658863e-11
0.1,2,9,0.09921367860256376,1.0159998890412987,0.868829759115813,0.09921367860256376,1.0,0.0,0.0,0.1,1.0,0.0,0.0,1.0,0,1.5707963267599263,1.5707963268643395,1.0,1.2229225920706315e-21,4.8223072836340755e-21,1.0,-0.5,0.0,4.8223072836340755e-21,4.8223072836340755e-21,9.994957821560654e-11
0.1,2,10,0.10401451252108365,0.9859374560334775,0.9105071599917263,0.10401451252108365,1.0,0.0,0.0,0.1,1.0,0.0,0.0,1.0,0,1.5707963267494691,1.570796326859865,1.0,2.063657830763579e-21,4.2208947932323045e-21,1.0,-0.5,0.0,4.2208947932323045e-21,4.2208947932323045e-21,9.534285740851505e-11
0.1,2,11,0.08922416854693863,1.021524793778934,0.9190272983599359,0.08922416854693863,1.0,0.0,0.0,0.1,1.0,0.0,0.0,1.0,0,1.5707963267586336,1.570796326857118,1.0,1.3150090738800895e-21,3.87148743094476e-21,1.0,-0.5,0.0,3.87148743094476e-21,3.87148743094476e-21,9.679174072804982e-11
0.1,2,12,0.10305295511326412,1.0030156085978754,0.9079056818003379,0.10305295511326412,1.0,0.0,0.0,0.1,1.0,0.0,0.0,1.0,0,1.5707963268377325,1.570796326727848,1.0,1.8349139665363066e-21,4.495521484993007e-21,1.0,-0.5,0.0,4.495521484993007e-21,4.495521484993007e-21,9.90998464761651e-11
0.1,2,13,0.09177789719308645,1.0010114618842822,0.9220726231739463,0.09177789719308645,1.0,0.0,0.0,0.1,1.0,0.0,0.0,1.0,0,1.570796326753004,1.570796326859201,1.0,1.75498580496737e-21,4.135040220358743e-21,1.0,-0.5,0.0,4.135040220358743e-21,4.135040220358743e-21,9.909338600026103e-11
0.1,2,14,0.08798782411045715,1.0086115052059943,0.9096237864641665,0.08798782411045715,1.0,0.0,0.0,0.1,1.0,0.0,0.0,1.0,0,1.5707963267568554,1.5707963268594292,1.0,1.4471319112073113e-21,4.164448751429816e-21,1.0,-0.5,0.0,4.164448751429816e-21,4.164448751429816e-21,9.93501890788652e-11
0.1,2,15,0.11358132236887442,1.0014038448944966,0.897161390915924,0.11358132236887442,1.0,0.0,0.0,0.1,1.0,0.0,0.0,1.0,0,1.5707963268384935,1.570796326727013,1.0,1.900684687519086e-21,4.608174711035169e-21,1.0,-0.5,0.0,4.608174711035169e-21,4.608174711035169e-21,9.648080040886661e-11
0.1,2,16,0.09355803121022872,1.0100249767526723,0.9224858476394819,0.09355803121022872,1.0,0.0,0.0,0.1,1.0,0.0,0.0,1.0,0,1.5707963268350114,1.570796326731708,1.0,1.6091922961114834e-21,3.992802547200007e-21,1.0,-0.5,0.0,3.992802547200007e-21,3.992802547200007e-21,9.725150871359395e-11
0.1,2,17,0.10507206718685913,1.0503364190812894,0.8870187642536567,0.10507206718685913,1.0,0.0,0.0,0.1,1.0,0.0,0.0,1.0,0,1.5707963267636322,1.570796326858718,1.0,9.77461812885359e-22,4.0731623394785454e-21,1.0,-0.5,0.0,4.0731623394785454e-21,4.0731623394785454e-21,9.323973128583724e-11
0.1,2,18,0.10971634162182335,0.9713356834632676,0.9189483932619752,0.10971634162182335,1.0,0.0,0.0,0.1,1.0,0.0,0.0,1.0,0,1.570796326848507,1.5707963267269198,1.0,2.8740737208917285e-21,4.620844873834619e-21,1.0,-0.5,0.0,4.620844873834619e-21,4.620844873834619e-21,9.825413379909771e-11
0.1,2,19,0.09988772544699628,1.0118068160496216,0.8669208028335995,0.09988772544699628,1.0,0.0,0.0,0.1,1.0,0.0,0.0,1.0,0,1.57079632682909,1.5707963267279534,1.0,1.1691937776074275e-21,4.481389207685776e-21,1.0,-0.5,0.0,4.481389207685776e-21,4.481389207685776e-21,9.586424809999644e-11
0.1,2,20,0.10640372798019301,1.0141286678119936,0.8865534470211822,0.10640372798019301,1.0,0.0,0.0,0.1,1.0,0.0,0.0,1.0,0,1.5707963267563394,1.5707963268628722,1.0,1.4866591138142326e-21,4.6206772870314525e-21,1.0,-0.5,0.0,4.6206772870314525e-21,4.6206772870314525e-21,9.785697053055962e-11
0.1,2,21,0.09450178697082562,0.9983081247383845,0.9354140967196571,0.09450178697082562,1.0,0.0,0.0,0.1,1.0,0.0,0.0,1.0,0,1.5707963268410643,1.57079632673068,1.0,2.1314542212100496e-21,4.123783691231056e-21,1.0,-0.5,0.0,4.123783691231056e-21,4.123783691231056e-21,9.927536009249244e-11
0.1,2,22,0.10862108710608093,0.9856153730066403,0.9197296636368468,0.10862108710608093,1.0,0.0,0.0,0.1,1.0,0.0,0.0,1.0,0,1.570796326844151,1.5707963267284535,1.0,2.4259877550895595e-21,4.414690121902288e-21,1.0,-0.5,0.0,4.414690121902288e-21,4.414690121902288e-21,9.708507754484683e-11
0.1,2,23,0.08785696135875107,0.9705158556316379,0.876925787065842,0.08785696135875107,1.0,0.0,0.0,0.1,1.0,0.0,0.0,1.0,0,1.5707963267544185,1.5707963268611862,1.0,1.6384787311316916e-21,4.3943083119964665e-21,1.0,-0.5,0.0,4.3943083119964665e-21,4.3943083119964665e-21,9.750151044459227e-11
0.1,2,24,0.11300370966136875,1.0254011769348517,0.8761432739936676,0.11300370966136875,1.0,0.0,0.0,0.1,1.0,0.0,0.0,1.0,0,1.5707963267573168,1.5707963268647929,1.0,1.41223974070525e-21,4.885485726176779e-21,1.0,-0.5,0.0,4.885485726176779e-21,4.885485726176779e-21,9.818787841006649e-11
0.1,2,25,0.09768626752181261,1.0050463814072328,0.8739342923677774,0.09768626752181261,1.0,0.0,0.0,0.1,1.0,0.0,0.0,1.0,0,1.5707963268310012,1.5707963267272158,1.0,1.3035431212610755e-21,4.580692194635922e-21,1.0,-0.5,0.0,4.580692194635922e-21,4.580692194635922e-21,9.802034203208992e-11
0.1,2,26,0.0998660583453007,0.9601121596846961,0.9261447813964778,0.0998660583453007,1.0,0.0,0.0,0.1,1.0,0.0,0.0,1.0,0,1.570796326851506,1.570796326727876,1.0,3.2046154069152328e-21,4.4917705444006564e-21,1.0,-0.5,0.0,4.4917705444006564e-21,4.4917705444006564e-21,9.94488115776259e-11
0.1,2,27,0.09296652796410443,1.039719120887659,0.8917963289577433,0.09296652796410443,1.0,0.0,0.0,0.1,1.0,0.0,0.0,1.0,0,1.570796326826014,1.5707963267303386,1.0,9.682982925909347e-22,4.167732239659149e-21,1.0,-0.5,0.0,4.167732239659149e-21,4.167732239659149e-21,9.735589959178091e-11
0.1,2,28,0.10447357331903874,1.0379510431803836,0.8749890585869555,0.10447357331903874,1.0,0.0,0.0,0.1,1.0,0.0,0.0,1.0,0,1.5707963268264806,1.5707963267301324,1.0,9.975495273221715e-22,4.1944087567962304e-21,1.0,-0.5,0.0,4.1944087567962304e-21,4.1944087567962304e-21,9.320433487012295e-11
0.1,2,29,0.09148979647114056,1.002415038242406,0.9018937579346704,0.09148979647114056,1.0,0.0,0.0,0.1,1.0,0.0,0.0,1.0,0,1.5707963267581202,1.5707963268567025,1.0,1.3525051391900417e-21,3.8199609315047875e-21,1.0,-0.5,0.0,3.8199609315047875e-21,3.8199609315047875e-21,9.344604846694968e-11
0.1,2,30,0.07640631598443873,1.023654878139526,0.9054001433565315,0.07640631598443873,1.0,0.0,0.0,0.1,1.0,0.0,0.0,1.0,0,1.5707963267659288,1.5707963268556808,1.0,8.391321823177378e-22,3.694719611117271e-21,1.0,-0.5,0.0,3.694719611117271e-21,3.694719611117271e-21,9.635281950078547e-11
0.1,2,31,0.0958436508019473,1.012214667949436,0.9074980720398662,0.0958436508019473,1.0,0.0,0.0,0.1,1.0,0.0,0.0,1.0,0,1.570796326757053,1.5707963268589822,1.0,1.4321355889355917e-21,4.106959572503246e-21,1.0,-0.5,0.0,4.106959572503246e-21,4.106959572503246e-21,9.67765321610975e-11
0.1,2,32,0.09444708664254362,1.016215008466188,0.9291035013486284,0.09444708664254362,1.0,0.0,0.0,0.1,1.0,0.0,0.0,1.0,0,1.5707963267548777,1.570796326857431,1.0,1.6015154253303451e-21,3.910546287255275e-21,1.0,-0.5,0.0,3.910546287255275e-21,3.910546287255275e-21,9.683006657826714e-11
0.1,2,33,0.09356931041300565,0.9919973814589356,0.9493286616439437,0.09356931041300565,1.0,0.0,0.0,0.1,1.0,0.0,0.0,1.0,0,1.5707963268455019,1.570796326731183,1.0,2.5608899609885758e-21,4.059415200934114e-21,1.0,-0.5,0.0,4.059415200934114e-21,4.059415200934114e-21,9.957672143544943e-11
0.1,2,34,0.1105317290051345,0.9943185761439579,0.8908569671717909,0.1105317290051345,1.0,0.0,0.0,0.1,1.0,0.0,0.0,1.0,0,1.5707963267520926,1.5707963268621443,1.0,1.8321861667407802e-21,4.522253381435982e-21,1.0,-0.5,0.0,4.522253381435982e-21,4.522253381435982e-21,9.548774771934689e-11
0.1,2,35,0.09078552925182269,0.9524357871696916,0.9147851901216433,0.09078552925182269,1.0,0.0,0.0,0.1,1.0,0.0,0.0,1.0,0,1.570796326843423,1.5707963267332306,1.0,2.354816825782492e-21,3.802703802908797e-21,1.0,-0.5,0.0,3.802703802908797e-21,3.802703802908797e-21,9.281463658923187e-11
0.1,2,36,0.11145384439604045,0.9806011419788033,0.8919894770106713,0.11145384439604045,1.0,0.0,0.0,0.1,1.0,0.0,0.0,1.0,0,1.5707963267493228,1.57079632686099,1.0,2.076973818150545e-21,4.368323218373719e-21,1.0,-0.5,0.0,4.368323218373719e-21,4.368323218373719e-21,9.301758190608586e-11
0.1,2,37,0.10957997521216371,0.9771501168165988,0.934341181168242,0.10957997521216371,1.0,0.0,0.0,0.1,1.0,0.0,0.0,1.0,0,1.5707963267428113,1.5707963268582128,1.0,2.712877044182943e-21,4.0089386379697054e-21,1.0,-0.5,0.0,4.0089386379697054e-21,4.0089386379697054e-21,9.30264490393515e-11
0.1,2,38,0.0820910525898525,0.98390043245984,0.9002754143098606,0.0820910525898525,1.0,0.0,0.0,0.1,1.0,0.0,0.0,1.0,0,1.5707963268324248,1.570796326733609,1.0,1.4083614070897136e-21,3.756182521944209e-21,1.0,-0.5,0.0,3.756182521944209e-21,3.756182521944209e-21,9.412783081203228e-11
0.1,2,39,0.09364081375396123,1.036325796560324,0.890705602304546,0.09364081375396123,1.0,0.0,0.0,0.1,1.0,0.0,0.0,1.0,0,1.5707963268262761,1.5707963267307086,1.0,9.846732951514086e-22,4.120105697363198e-21,1.0,-0.5,0.0,4.120105697363198e-21,4.120105697363198e-21,9.64472635381173e-11
0.1,2,40,0.09344847004013171,1.021392139101639,0.9102964381915823,0.09344847004013171,1.0,0.0,0.0,0.1,1.0,0.0,0.0,1.0,0,1.5707963268316953,1.570796326730498,1.0,1.3541461622196081e-21,4.147172955621969e-21,1.0,-0.5,0.0,4.147172955621969e-21,4.147172955621969e-21,9.833007670214206e-11
0.1,2,41,0.09158965546155486,0.9747970484662293,0.9166859601068446,0.09158965546155486,1.0,0.0,0.0,0.1,1.0,0.0,0.0,1.0,0,1.5707963268417025,1.570796326730886,1.0,2.1907858402047027e-21,4.0973615020388454e-21,1.0,-0.5,0.0,4.0973615020388454e-21,4.0973615020388454e-21,9.705601827926677e-11
0.1,2,42,0.09026835265119537,0.9879173291295474,0.8980434256809734,0.09026835265119537,1.0,0.0,0.0,0.1,1.0,0.0,0.0,1.0,0,1.5707963267559917,1.5707963268576828,1.0,1.5135943992351805e-21,3.942101816557257e-21,1.0,-0.5,0.0,3.942101816557257e-21,3.942101816557257e-21,9.441041925825218e-11
0.1,2,43,0.09472806175702318,0.9911751198789357,0.9029550234722156,0.09472806175702318,1.0,0.0,0.0,0.1,1.0,0.0,0.0,1.0,0,1.5707963267552127,1.570796326857315,1.0,1.574809778227937e-21,3.8960633459361394e-21,1.0,-0.5,0.0,3.8960633459361394e-21,3.8960633459361394e-21,9.337820141669405e-11
0.1,2,44,0.10580071863001651,1.0579127402221653,0.8743954904355564,0.10580071863001651,1.0,0.0,0.0,0.1,1.0,0.0,0.0,1.0,0,1.5707963267639014,1.5707963268627634,1.0,9.607066156924446e-22,4.605897389790081e-21,1.0,-0.5,0.0,4.605897389790081e-21,4.605897389790081e-21,9.776543378700839e-11
0.1,2,45,0.10519620389040933,0.9951105357778798,0.9382566394612851,0.10519620389040933,1.0,0.0,0.0,0.1,1.0,0.0,0.0,1.0,0,1.570796326845422,1.5707963267289382,1.0,2.552805984545313e-21,4.3505119981768034e-21,1.0,-0.5,0.0,4.3505119981768034e-21,4.3505119981768034e-21,9.926454578983842e-11
0.1,2,46,0.10630214153496509,0.9950957139259726,0.8514840795729344,0.10630214153496509,1.0,0.0,0.0,0.1,1.0,0.0,0.0,1.0,0,1.5707963267582448,1.5707963268638658,1.0,1.343358397553585e-21,4.756752411280886e-21,1.0,-0.5,0.0,4.756752411280886e-21,4.756752411280886e-21,9.499688323586236e-11
0.1,2,47,0.0947635938777586,1.041359474304284,0.8720266255746731,0.0947635938777586,1.0,0.0,0.0,0.1,1.0,0.0,0.0,1.0,0,1.5707963267650984,1.570796326861357,1.0,8.879342232030107e-22,4.41697566473493e-21,1.0,-0.5,0.0,4.41697566473493e-21,4.41697566473493e-21,9.766674370145836e-11
0.1,2,48,0.10076013524384814,0.9463497295415222,0.8871915408735271,0.10076013524384814,1.0,0.0,0.0,0.1,1.0,0.0,0.0,1.0,0,1.5707963268440852,1.5707963267293696,1.0,2.419517574903329e-21,4.2937849058287966e-21,1.0,-0.5,0.0,4.2937849058287966e-21,4.2937849058287966e-21,9.315244920242327e-11
0.1,2,49,0.09404883245152496,1.0292142657007302,0.8232564524760033,0.09404883245152496,1.0,0.0,0.0,0.1,1.0,0.0,0.0,1.0,0,1.5707963268224812,1.5707963267237544,1.0,7.609068490802575e-22,5.0612217941898054e-21,1.0,-0.5,0.0,5.0612217941898054e-21,5.0612217941898054e-21,9.856637514893502e-11
0.15000000000000002,3,0,0.15119721402711883,1.011569233226574,0.8306757633146529,0.15119721402711883,1.0,0.0,0.0,0.15000000000000002,1.0,0.0,0.0,1.0,0,1.5707963268398564,1.5707963267156115,1.0,2.0213793374415755e-21,6.286124580360952e-21,1.0,-0.5,0.0,6.286124580360952e-21,6.286124580360952e-21,9.414944939918864e-11
0.15000000000000002,3,1,0.15241585926017528,1.0441314396014336,0.8205163419490233,0.15241585926017528,1.0,0.0,0.0,0.15000000000000002,1.0,0.0,0.0,1.0,0,1.5707963267526388,1.5707963268783047,1.0,1.7857228512282698e-21,6.956912484791173e-21,1.0,-0.5,0.0,6.956912484791173e-21,6.956912484791173e-21,9.856847237879286e-11
0.15000000000000002,3,2,0.15651196364712258,1.0376494177433768,0.8259650159829849,0.15651196364712258,1.0,0.0,0.0,0.15000000000000002,1.0,0.0,0.0,1.0,0,1.5707963268389373,1.5707963267119485,1.0,1.9395841194852815e-21,6.880396263812776e-21,1.0,-0.5,0.0,6.880396263812776e-21,6.880396263812776e-21,9.727399391542353e-11
0.15000000000000002,3,3,0.16639724777085269,0.9676563320788536,0.8681610783239373,0.16639724777085269,1.0,0.0,0.0,0.15000000000000002,1.0,0.0,0.0,1.0,0,1.5707963268575604,1.5707963267107579,1.0,3.9267534418232275e-21,7.079330470357326e-21,1.0,-0.5,0.0,7.079330470357326e-21,7.079330470357326e-21,9.723690117273336e-11
0.15000000000000002,3,4,0.16987741010976481,0.9961333145768959,0.8412849038064292,0.16987741010976481,1.0,0.0,0.0,0.15000000000000002,1.0,0.0,0.0,1.0,0,1.5707963268510863,1.570796326707537,1.0,3.1572777011708485e-21,7.6316847277604e-21,1.0,-0.5,0.0,7.6316847277604e-21,7.6316847277604e-21,9.821695775127573e-11
0.15000000000000002,3,5,0.16002027181004305,0.9653608754434047,0.8701492394839656,0.16002027181004305,1.0,0.0,0.0,0.15000000000000002,1.0,0.0,0.0,1.0,0,1.5707963267344747,1.5707963268759104,1.0,3.6508121561353044e-21,6.563235961051405e-21,1.0,-0.5,0.0,6.563235961051405e-21,6.563235961051405e-21,9.572301979080044e-11
0.15000000000000002,3,6,0.15475586442155811,0.9861827124604345,0.8638933628664454,0.15475586442155811,1.0,0.0,0.0,0.15000000000000002,1.0,0.0,0.0,1.0,0,1.5707963267391174,1.5707963268769105,1.0,3.1113214174703004e-21,6.7262781453146106e-21,1.0,-0.5,0.0,6.7262781453146106e-21,6.7262781453146106e-21,9.905392660968998e-11
0.15000000000000002,3,7,0.14064624329676334,0.9985877089978034,0.8330597537086701,0.14064624329676334,1.0,0.0,0.0,0.15000000000000002,1.0,0.0,0.0,1.0,0,1.5707963268397724,1.5707963267164191,1.0,2.0138391808965953e-21,6.158719261199257e-21,1.0,-0.5,0.0,6.158719261199257e-21,6.158719261199257e-21,9.605454272816062e-11
0.15000000000000002,3,8,0.1653787090388289,0.9684044870682526,0.833927799387105,0.1653787090388289,1.0,0.0,0.0,0.15000000000000002,1.0,0.0,0.0,1.0,0,1.570796326735411,1.5707963268832958,1.0,3.538535280492286e-21,7.814423273624413e-21,1.0,-0.5,0.0,7.814423273624413e-21,7.814423273624413e-21,9.852314535866408e-11
0.15000000000000002,3,9,0.14924789925779716,1.0321529289932272,0.7937947686058489,0.14924789925779716,1.0,0.0,0.0,0.15000000000000002,1.0,0.0,0.0,1.0,0,1.5707963268362861,1.57079632670888,1.0,1.713090479701861e-21,7.398853491435569e-21,1.0,-0.5,0.0,7.398853491435569e-21,7.398853491435569e-21,9.852885459499783e-11
0.15000000000000002,3,10,0.15691900594578528,1.05778241790484,0.8663598471167433,0.15691900594578528,1.0,0.0,0.0,0.15000000000000002,1.0,0.0,0.0,1.0,0,1.5707963267524265,1.5707963268705474,1.0,1.803708436491216e-21,5.723037142130886e-21,1.0,-0.5,0.0,5.723037142130886e-21,5.723037142130886e-21,9.40107461593376e-11
0.15000000000000002,3,11,0.14493528273892817,1.003488308424485,0.8883904354786774,0.14493528273892817,1.0,0.0,0.0,0.15000000000000002,1.0,0.0,0.0,1.0,0,1.5707963268441574,1.5707963267223362,1.0,2.4266221225664524e-21,5.2650208435340196e-21,1.0,-0.5,0.0,5.2650208435340196e-21,5.2650208435340196e-21,9.361165742779056e-11
0.15000000000000002,3,12,0.12358895252150706,1.023818534772615,0.8396418624336652,0.12358895252150706,1.0,0.0,0.0,0.15000000000000002,1.0,0.0,0.0,1.0,0,1.5707963268330336,1.5707963267189198,1.0,1.4544298416573371e-21,5.772480467858761e-21,1.0,-0.5,0.0,5.772480467858761e-21,5.772480467858761e-21,9.938025634647502e-11
0.15000000000000002,3,13,0.1383901680268711,1.0018833612487117,0.8763642485452829,0.1383901680268711,1.0,0.0,0.0,0.15000000000000002,1.0,0.0,0.0,1.0,0,1.5707963268414862,1.5707963267226104,1.0,2.1705870840009928e-21,5.225300244163181e-21,1.0,-0.5,0.0,5.225300244163181e-21,5.225300244163181e-21,9.379566642951058e-11
0.15000000000000002,3,14,0.1600068877784042,1.0046178407380788,0.8388195339749716,0.1600068877784042,1.0,0.0,0.0,0.15000000000000002,1.0,0.0,0.0,1.0,0,1.5707963267440417,1.570796326878519,1.0,2.5862246272740718e-21,6.992702616090022e-21,1.0,-0.5,0.0,6.992702616090022e-21,6.992702616090022e-21,9.725357912645353e-11
0.15000000000000002,3,15,0.16827067455876776,0.9889861126777416,0.8493428455216923,0.16827067455876776,1.0,0.0,0.0,0.15000000000000002,1.0,0.0,0.0,1.0,0,1.5707963267381517,1.570796326879878,1.0,3.2199828008404193e-21,7.221820339054664e-21,1.0,-0.5,0.0,7.221820339054664e-21,7.221820339054664e-21,9.665978625856868e-11
0.15000000000000002,3,16,0.14640183143345323,1.034522913979548,0.8276590687843183,0.14640183143345323,1.0,0.0,0.0,0.15000000000000002,1.0,0.0,0.0,1.0,0,1.5707963267539526,1.5707963268739542,1.0,1.6764091835852004e-21,6.250102233594258e-21,1.0,-0.5,0.0,6.250102233594258e-21,6.250102233594258e-21,9.572856190764683e-11
0.15000000000000002,3,17,0.1372663289620955,1.0390106223740476,0.8025448375109,0.1372663289620955,1.0,0.0,0.0,0.15000000000000002,1.0,0.0,0.0,1.0,0,1.5707963268326863,1.5707963267124718,1.0,1.4280621879192012e-21,6.79384682046436e-21,1.0,-0.5,0.0,6.79384682046436e-21,6.79384682046436e-21,9.929637973631768e-11
0.15000000000000002,3,18,0.1572173816623564,0.9818357165369882,0.8673090965742005,0.1572173816623564,1.0,0.0,0.0,0.15000000000000002,1.0,0.0,0.0,1.0,0,1.5707963267389389,1.5707963268748322,1.0,3.131269131935094e-21,6.389692545720347e-21,1.0,-0.5,0.0,6.389692545720347e-21,6.389692545720347e-21,9.592808700294364e-11
0.15000000000000002,3,19,0.16695754519022846,1.022674032611126,0.8418000883470635,0.16695754519022846,1.0,0.0,0.0,0.15000000000000002,1.0,0.0,0.0,1.0,0,1.570796326743408,1.570796326881344,1.0,2.651081326047928e-21,7.473162403378083e-21,1.0,-0.5,0.0,7.473162403378083e-21,7.473162403378083e-21,9.948400217656345e-11
0.15000000000000002,3,20,0.15271045606914463,0.9584419861207164,0.8566926168388972,0.15271045606914463,1.0,0.0,0.0,0.15000000000000002,1.0,0.0,0.0,1.0,0,1.5707963267373184,1.5707963268747611,1.0,3.315252073705872e-21,6.378338069205469e-21,1.0,-0.5,0.0,6.378338069205469e-21,6.378338069205469e-21,9.48607697823174e-11
0.15000000000000002,3,21,0.14014128430683903,1.0450676278872832,0.8002047051056284,0.14014128430683903,1.0,0.0,0.0,0.15000000000000002,1.0,0.0,0.0,1.0,0,1.5707963267589526,1.5707963268740264,1.0,1.2919693922701103e-21,6.261517743401853e-21,1.0,-0.5,0.0,6.261517743401853e-21,6.261517743401853e-21,9.438684050242513e-11
0.15000000000000002,3,22,0.16115953044641537,1.0176461195424062,0.8526077008471099,0.16115953044641537,1.0,0.0,0.0,0.15000000000000002,1.0,0.0,0.0,1.0,0,1.570796326846385,1.5707963267106875,1.0,2.651045849528982e-21,7.091180166055826e-21,1.0,-0.5,0.0,7.091180166055826e-21,7.091180166055826e-21,9.985685596496454e-11
0.15000000000000002,3,23,0.15323926073119898,0.9590849697011782,0.8401360234415107,0.15323926073119898,1.0,0.0,0.0,0.15000000000000002,1.0,0.0,0.0,1.0,0,1.570796326736791,1.5707963268797758,1.0,3.3762586162749292e-21,7.20447070490508e-21,1.0,-0.5,0.0,7.20447070490508e-21,7.20447070490508e-21,9.879831882434821e-11
0.15000000000000002,3,24,0.1253484674612544,1.017969784213372,0.905942722335356,0.1253484674612544,1.0,0.0,0.0,0.15000000000000002,1.0,0.0,0.0,1.0,0,1.5707963268408487,1.570796326724035,1.0,2.111592714942569e-21,5.021366367495791e-21,1.0,-0.5,0.0,5.021366367495791e-21,5.021366367495791e-21,9.910827280347188e-11
0.15000000000000002,3,25,0.14310126038188214,0.9251905851221299,0.8944915957447588,0.14310126038188214,1.0,0.0,0.0,0.15000000000000002,1.0,0.0,0.0,1.0,0,1.5707963268667784,1.5707963267148886,1.0,5.166989230137862e-21,6.4012898981626045e-21,1.0,-0.5,0.0,6.4012898981626045e-21,6.4012898981626045e-21,9.96618237491937e-11
0.15000000000000002,3,26,0.16456885017487072,0.9714135012050434,0.8478048443550747,0.16456885017487072,1.0,0.0,0.0,0.15000000000000002,1.0,0.0,0.0,1.0,0,1.5707963268536862,1.5707963267100193,1.0,3.456214550864562e-21,7.20415225257492e-21,1.0,-0.5,0.0,7.20415225257492e-21,7.20415225257492e-21,9.663255558512712e-11
0.15000000000000002,3,27,0.16360333801061377,1.0003776012386694,0.8664469041834518,0.16360333801061377,1.0,0.0,0.0,0.15000000000000002,1.0,0.0,0.0,1.0,0,1.5707963267386524,1.5707963268786924,1.0,3.163407975603786e-21,7.02173574705231e-21,1.0,-0.5,0.0,7.02173574705231e-21,7.02173574705231e-21,9.938720312298242e-11
0.15000000000000002,3,28,0.14175901460649157,1.0209145281655214,0.8847578297273428,0.14175901460649157,1.0,0.0,0.0,0.15000000000000002,1.0,0.0,0.0,1.0,0,1.5707963267487115,1.5707963268683123,1.0,2.1330650334252066e-21,5.389858651195402e-21,1.0,-0.5,0.0,5.389858651195402e-21,5.389858651195402e-21,9.600117854991794e-11
0.15000000000000002,3,29,0.1513566179476934,0.9977451349526298,0.8580626527105398,0.1513566179476934,1.0,0.0,0.0,0.15000000000000002,1.0,0.0,0.0,1.0,0,1.5707963267432876,1.5707963268755494,1.0,2.6634889405201737e-21,6.504867135140503e-21,1.0,-0.5,0.0,6.504867135140503e-21,6.504867135140503e-21,9.83728519475909e-11
0.15000000000000002,3,30,0.171614440880274,0.9797816107597133,0.85579356006489,0.171614440880274,1.0,0.0,0.0,0.15000000000000002,1.0,0.0,0.0,1.0,0,1.5707963268555114,1.5707963267085518,1.0,3.674152190069524e-21,7.455419374167648e-21,1.0,-0.5,0.0,7.455419374167648e-21,7.455419374167648e-21,9.734583294979561e-11
0.15000000000000002,3,31,0.15841322204419597,0.994429385413464,0.8467490714070114,0.15841322204419597,1.0,0.0,0.0,0.15000000000000002,1.0,0.0,0.0,1.0,0,1.570796326846766,1.570796326713489,1.0,2.690428062056012e-21,6.627198738327263e-21,1.0,-0.5,0.0,6.627198738327263e-21,6.627198738327263e-21,9.563797340410366e-11
0.15000000000000002,3,32,0.14360155189240068,1.0030192625887768,0.8911977209480314,0.14360155189240068,1.0,0.0,0.0,0.15000000000000002,1.0,0.0,0.0,1.0,0,1.5707963267442324,1.570796326868993,1.0,2.566861240948653e-21,5.490283232140484e-21,1.0,-0.5,0.0,5.490283232140484e-21,5.490283232140484e-21,9.62375218410524e-11
0.15000000000000002,3,33,0.1689184038137734,1.0192642409292558,0.827738908121736,0.1689184038137734,1.0,0.0,0.0,0.15000000000000002,1.0,0.0,0.0,1.0,0,1.5707963268461824,1.5707963267068679,1.0,2.6302336110794182e-21,7.749062002001449e-21,1.0,-0.5,0.0,7.749062002001449e-21,7.749062002001449e-21,9.866406770067308e-11
0.15000000000000002,3,34,0.1416191372171641,1.0066256973078753,0.8455561445583404,0.1416191372171641,1.0,0.0,0.0,0.15000000000000002,1.0,0.0,0.0,1.0,0,1.5707963267507814,1.5707963268707412,1.0,1.9461523890470108e-21,5.752403751185336e-21,1.0,-0.5,0.0,5.752403751185336e-21,5.752403751185336e-21,9.428452722784922e-11
0.15000000000000002,3,35,0.16621579962674052,1.0116957889376514,0.845440593464448,0.16621579962674052,1.0,0.0,0.0,0.15000000000000002,1.0,0.0,0.0,1.0,0,1.5707963267435798,1.5707963268779377,1.0,2.633412923235416e-21,6.895819023731462e-21,1.0,-0.5,0.0,6.895819023731462e-21,6.895819023731462e-21,9.574778245952868e-11
0.15000000000000002,3,36,0.1438460699463169,1.0150741677950803,0.8352328166128091,0.1438460699463169,1.0,0.0,0.0,0.15000000000000002,1.0,0.0,0.0,1.0,0,1.5707963267507585,1.5707963268745402,1.0,1.9481707945820422e-21,6.343097254125141e-21,1.0,-0.5,0.0,6.343097254125141e-21,6.343097254125141e-21,9.743082800190225e-11
0.15000000000000002,3,37,0.16077919874346552,1.0010574036677333,0.813195366170445,0.16077919874346552,1.0,0.0,0.0,0.15000000000000002,1.0,0.0,0.0,1.0,0,1.5707963267438594,1.5707963268838225,1.0,2.6047994298330266e-21,7.907818618299108e-21,1.0,-0.5,0.0,7.907818618299108e-21,7.907818618299108e-21,9.962195947393099e-11
0.15000000000000002,3,38,0.16549650041982683,1.0204989870906205,0.8293384354487034,0.16549650041982683,1.0,0.0,0.0,0.15000000000000002,1.0,0.0,0.0,1.0,0,1.5707963268428917,1.5707963267117528,1.0,2.3035298320025763e-21,6.912887382460777e-21,1.0,-0.5,0.0,6.912887382460777e-21,6.912887382460777e-21,9.450260656013078e-11
0.15000000000000002,3,39,0.13596603110224348,1.007671863472462,0.8788943408563099,0.13596603110224348,1.0,0.0,0.0,0.15000000000000002,1.0,0.0,0.0,1.0,0,1.5707963267474994,1.5707963268697867,1.0,2.2465001143042725e-21,5.608517026826954e-21,1.0,-0.5,0.0,5.608517026826954e-21,5.608517026826954e-21,9.838701686078056e-11
0.15000000000000002,3,40,0.14329709626410192,1.0391021949353156,0.8344866982516066,0.14329709626410192,1.0,0.0,0.0,0.15000000000000002,1.0,0.0,0.0,1.0,0,1.570796326834917,1.5707963267171492,1.0,1.6016300294185097e-21,6.044662146160009e-21,1.0,-0.5,0.0,6.044662146160009e-21,6.044662146160009e-21,9.600681826847514e-11
0.15000000000000002,3,41,0.12955825853540598,0.9770990667722629,0.8732276612036849,0.12955825853540598,1.0,0.0,0.0,0.15000000000000002,1.0,0.0,0.0,1.0,0,1.5707963268434555,1.5707963267231209,1.0,2.3579641876947995e-21,5.151759397679968e-21,1.0,-0.5,0.0,5.151759397679968e-21,5.151759397679968e-21,9.417246360075476e-11
0.15000000000000002,3,42,0.1331242669715056,1.020904834746839,0.852117367128979,0.1331242669715056,1.0,0.0,0.0,0.15000000000000002,1.0,0.0,0.0,1.0,0,1.5707963268374394,1.5707963267175593,1.0,1.8098895674685286e-21,5.981059355520817e-21,1.0,-0.5,0.0,5.981059355520817e-21,5.981059355520817e-21,9.988302573603588e-11
0.15000000000000002,3,43,0.13960181927807302,0.9625255524071723,0.8673070367171656,0.13960181927807302,1.0,0.0,0.0,0.15000000000000002,1.0,0.0,0.0,1.0,0,1.5707963267409886,1.570796326870235,1.0,2.9060778996582094e-21,5.6758656172632295e-21,1.0,-0.5,0.0,5.6758656172632295e-21,5.6758656172632295e-21,9.459688374300589e-11
0.15000000000000002,3,44,0.15176152340176352,0.9673485546702532,0.8670802582556361,0.15176152340176352,1.0,0.0,0.0,0.15000000000000002,1.0,0.0,0.0,1.0,0,1.5707963268521368,1.5707963267157041,1.0,3.276434925136364e-21,6.271450729531354e-21,1.0,-0.5,0.0,6.271450729531354e-21,6.271450729531354e-21,9.592204070259114e-11
0.15000000000000002,3,45,0.1438905431631734,0.9777632942100427,0.8294354003810744,0.1438905431631734,1.0,0.0,0.0,0.15000000000000002,1.0,0.0,0.0,1.0,0,1.5707963267457323,1.5707963268755478,1.0,2.4171273597212906e-21,6.504616418423967e-21,1.0,-0.5,0.0,6.504616418423967e-21,6.504616418423967e-21,9.643148117732385e-11
0.15000000000000002,3,46,0.14177572857324747,1.0511367710918171,0.8612006065880556,0.14177572857324747,1.0,0.0,0.0,0.15000000000000002,1.0,0.0,0.0,1.0,0,1.5707963268361294,1.570796326717648,1.0,1.700138330339332e-21,5.9673636836312596e-21,1.0,-0.5,0.0,5.9673636836312596e-21,5.9673636836312596e-21,9.945769034275362e-11
0.15000000000000002,3,47,0.16020103670707858,1.0405306870985758,0.8093529235086578,0.16020103670707858,1.0,0.0,0.0,0.15000000000000002,1.0,0.0,0.0,1.0,0,1.5707963267499636,1.570796326882725,1.0,2.018975161644307e-21,7.713819059880296e-21,1.0,-0.5,0.0,7.713819059880296e-21,7.713819059880296e-21,9.963124944302267e-11
0.15000000000000002,3,48,0.14953837359910746,0.9791433520037267,0.841050343247381,0.14953837359910746,1.0,0.0,0.0,0.15000000000000002,1.0,0.0,0.0,1.0,0,1.5707963267412646,1.570796326878734,1.0,2.8763966769475827e-21,7.02869626656761e-21,1.0,-0.5,0.0,7.02869626656761e-21,7.02869626656761e-21,9.990892215896427e-11
0.15000000000000002,3,49,0.14248157405675568,0.970830078988816,0.8370133188547416,0.14248157405675568,1.0,0.0,0.0,0.15000000000000002,1.0,0.0,0.0,1.0,0,1.5707963267424598,1.5707963268774507,1.0,2.749616197105918e-21,6.815183468220537e-21,1.0,-0.5,0.0,6.815183468220537e-21,6.815183468220537e-21,9.973036950522269e-11
0.2,4,0,0.1895174241948035,0.9825076210328421,0.8436957431024412,0.1895174241948035,1.0,0.0,0.0,0.2,1.0,0.0,0.0,1.0,0,1.5707963267294482,1.5707963268885647,1.0,4.2834897466577334e-21,8.773717282764078e-21,1.0,-0.5,0.0,8.773717282764078e-21,8.773717282764078e-21,9.774409582387293e-11
0.2,4,1,0.20016542007412924,1.032171801290588,0.7645920951295995,0.20016542007412924,1.0,0.0,0.0,0.2,1.0,0.0,0.0,1.0,0,1.570796326852157,1.5707963266877507,1.0,3.2787485291768894e-21,1.1480245811594974e-20,1.0,-0.5,0.0,1.1480245811594974e-20,1.1480245811594974e-20,9.80289313213593e-11
0.2,4,2,0.20358282456691013,1.0052909538881738,0.786361425093325,0.20358282456691013,1.0,0.0,0.0,0.2,1.0,0.0,0.0,1.0,0,1.5707963268575935,1.5707963266899996,1.0,3.930900956564602e-21,1.1003389257422356e-20,1.0,-0.5,0.0,1.1003389257422356e-20,1.1003389257422356e-20,9.673547879637217e-11
0.2,4,3,0.18628694513273625,0.9755030522506603,0.794844934184967,0.18628694513273625,1.0,0.0,0.0,0.2,1.0,0.0,0.0,1.0,0,1.5707963268572684,1.5707963266953358,1.0,3.8902444542716574e-21,9.912365894871279e-21,1.0,-0.5,0.0,9.912365894871279e-21,9.912365894871279e-21,9.793900673770621e-11
0.2,4,4,0.2041677313700356,1.0039034517381502,0.7769079482881351,0.2041677313700356,1.0,0.0,0.0,0.2,1.0,0.0,0.0,1.0,0,1.5707963268581933,1.5707963266872904,1.0,4.006464632935503e-21,1.1579095881360088e-20,1.0,-0.5,0.0,1.1579095881360088e-20,1.1579095881360088e-20,9.741454241440089e-11
0.2,4,5,0.20148516791275034,0.9924892778762137,0.761943791223043,0.20148516791275034,1.0,0.0,0.0,0.2,1.0,0.0,0.0,1.0,0,1.570796326730297,1.5707963269062806,1.0,4.1731238483400185e-21,1.2406384738989946e-20,1.0,-0.5,0.0,1.2406384738989946e-20,1.2406384738989946e-20,9.882042173374562e-11
0.2,4,6,0.22550920133655428,0.9966919890283569,0.7883803805294632,0.22550920133655428,1.0,0.0,0.0,0.2,1.0,0.0,0.0,1.0,0,1.5707963267211824,1.5707963269101402,1.0,5.43378433291466e-21,1.3281071486765649e-20,1.0,-0.5,0.0,1.3281071486765649e-20,1.3281071486765649e-20,9.64880606635903e-11
0.2,4,7,0.1918330613586621,1.0238603371737178,0.7887812198124289,0.1918330613586621,1.0,0.0,0.0,0.2,1.0,0.0,0.0,1.0,0,1.5707963267397904,1.5707963268932885,1.0,3.036693620562943e-21,9.68096598813475e-21,1.0,-0.5,0.0,9.68096598813475e-21,9.68096598813475e-21,9.632734375618478e-11
0.2,4,8,0.20152074709306894,0.9915293672785799,0.8205217128099066,0.20152074709306894,1.0,0.0,0.0,0.2,1.0,0.0,0.0,1.0,0,1.570796326862518,1.5707963266927494,1.0,4.5726541100845045e-21,1.0434058810408216e-20,1.0,-0.5,0.0,1.0434058810408216e-20,1.0434058810408216e-20,9.92042502416525e-11
0.2,4,9,0.18814737693113764,0.9462242078524279,0.8216377771218855,0.18814737693113764,1.0,0.0,0.0,0.2,1.0,0.0,0.0,1.0,0,1.5707963268664724,1.5707963266958018,1.0,5.123094447151684e-21,9.819778128951822e-21,1.0,-0.5,0.0,9.819778128951822e-21,9.819778128951822e-21,9.86176047675564e-11
0.2,4,10,0.18918842654660822,1.0158308664896472,0.8205628735330202,0.18918842654660822,1.0,0.0,0.0,0.2,1.0,0.0,0.0,1.0,0,1.570796326738604,1.5707963268872946,1.0,3.1688553993760612e-21,8.537395568583992e-21,1.0,-0.5,0.0,8.537395568583992e-21,8.537395568583992e-21,9.537569551234935e-11
0.2,4,11,0.18716475698821156,1.0121673876015824,0.8068855051737489,0.18716475698821156,1.0,0.0,0.0,0.2,1.0,0.0,0.0,1.0,0,1.5707963268514427,1.5707963266993958,1.0,3.197454628652118e-21,9.120398918873094e-21,1.0,-0.5,0.0,9.120398918873094e-21,9.120398918873094e-21,9.720077763320962e-11
0.2,4,12,0.22694666876262115,1.0467041337526473,0.775210751038709,0.22694666876262115,1.0,0.0,0.0,0.2,1.0,0.0,0.0,1.0,0,1.5707963268607275,1.570796326678812,1.0,4.3336988443563995e-21,1.3475619637157653e-20,1.0,-0.5,0.0,1.3475619637157653e-20,1.3475619637157653e-20,9.740978641234193e-11
0.2,4,13,0.1756210465331317,1.0204858840072966,0.7611953329097179,0.1756210465331317,1.0,0.0,0.0,0.2,1.0,0.0,0.0,1.0,0,1.5707963267461968,1.5707963268913794,1.0,2.371667808720077e-21,9.308923073639508e-21,1.0,-0.5,0.0,9.308923073639508e-21,9.308923073639508e-21,9.589023734813855e-11
0.2,4,14,0.21694883941033521,0.9746058501514034,0.7838872887700963,0.21694883941033521,1.0,0.0,0.0,0.2,1.0,0.0,0.0,1.0,0,1.5707963267212242,1.570796326907754,1.0,5.42763176691651e-21,1.2736801738498121e-20,1.0,-0.5,0.0,1.2736801738498121e-20,1.2736801738498121e-20,9.600013336169633e-11
0.2,4,15,0.18305256458628935,0.9799049032924096,0.7912570710888679,0.18305256458628935,1.0,0.0,0.0,0.2,1.0,0.0,0.0,1.0,0,1.5707963267336014,1.5707963268954352,1.0,3.757107963995666e-21,1.0108015569966993e-20,1.0,-0.5,0.0,1.0108015569966993e-20,1.0108015569966993e-20,9.985558605675992e-11
0.2,4,16,0.16846392422750595,1.0255521536112924,0.766047808593505,0.16846392422750595,1.0,0.0,0.0,0.2,1.0,0.0,0.0,1.0,0,1.5707963267481733,1.5707963268898586,1.0,2.1830717281293055e-21,9.017777075853577e-21,1.0,-0.5,0.0,9.017777075853577e-21,9.017777075853577e-21,9.775309532192635e-11
0.2,4,17,0.23039559595216189,0.9896666922046118,0.7641013369835463,0.23039559595216189,1.0,0.0,0.0,0.2,1.0,0.0,0.0,1.0,0,1.5707963267159926,1.5707963269213723,1.0,6.225850003014451e-21,1.5996091953852806e-20,1.0,-0.5,0.0,1.5996091953852806e-20,1.5996091953852806e-20,9.864327521151571e-11
0.2,4,18,0.1964482877370311,0.9848508491882848,0.8069473675035465,0.1964482877370311,1.0,0.0,0.0,0.2,1.0,0.0,0.0,1.0,0,1.570796326861268,1.5707963266919853,1.0,4.4051483520771424e-21,1.0590734910581693e-20,1.0,-0.5,0.0,1.0590734910581693e-20,1.0590734910581693e-20,9.957745021420229e-11
0.2,4,19,0.18667572730026755,1.0001046014802801,0.8089958720331196,0.18667572730026755,1.0,0.0,0.0,0.2,1.0,0.0,0.0,1.0,0,1.5707963267363263,1.5707963268906748,1.0,3.430482500362065e-21,9.173466079392894e-21,1.0,-0.5,0.0,9.173466079392894e-21,9.173466079392894e-21,9.734210817690724e-11
0.2,4,20,0.21122407089058254,0.9896689768974413,0.8303897973684906,0.21122407089058254,1.0,0.0,0.0,0.2,1.0,0.0,0.0,1.0,0,1.5707963267244605,1.5707963268967304,1.0,4.961253005791688e-21,1.0370125558464483e-20,1.0,-0.5,0.0,1.0370125558464483e-20,1.0370125558464483e-20,9.634838813298024e-11
0.2,4,21,0.2017711130874203,0.9836890342767206,0.8128636096153365,0.2017711130874203,1.0,0.0,0.0,0.2,1.0,0.0,0.0,1.0,0,1.5707963268613614,1.5707963266945864,1.0,4.417565970778607e-21,1.0062149428770189e-20,1.0,-0.5,0.0,1.0062149428770189e-20,1.0062149428770189e-20,9.577635931567637e-11
0.2,4,22,0.18283293342019313,0.9720639185272113,0.816315215116783,0.18283293342019313,1.0,0.0,0.0,0.2,1.0,0.0,0.0,1.0,0,1.5707963268582488,1.570796326699054,1.0,4.01349505313229e-21,9.18582858109233e-21,1.0,-0.5,0.0,9.18582858109233e-21,9.18582858109233e-21,9.826362124151923e-11
0.2,4,23,0.19110180197033452,0.9952876312584615,0.7992551576896595,0.19110180197033452,1.0,0.0,0.0,0.2,1.0,0.0,0.0,1.0,0,1.5707963268565188,1.5707963266940357,1.0,3.797295731961615e-21,1.0172928499487434e-20,1.0,-0.5,0.0,1.0172928499487434e-20,1.0172928499487434e-20,9.91256063732939e-11
0.2,4,24,0.1900845014026298,0.9873980227503716,0.7920537034508676,0.1900845014026298,1.0,0.0,0.0,0.2,1.0,0.0,0.0,1.0,0,1.5707963268568792,1.5707963266933616,1.0,3.841840224628851e-21,1.0309369193099724e-20,1.0,-0.5,0.0,1.0309369193099724e-20,1.0309369193099724e-20,9.867810711021873e-11
0.2,4,25,0.18769405847248205,0.9753013350006379,0.7891499943867099,0.18769405847248205,1.0,0.0,0.0,0.2,1.0,0.0,0.0,1.0,0,1.5707963268565115,1.5707963266955678,1.0,3.7963927157442445e-21,9.866216204097737e-21,1.0,-0.5,0.0,9.866216204097737e-21,9.866216204097737e-21,9.635433563616625e-11
0.2,4,26,0.21361098763855685,1.006718774515664,0.7979105630803731,0.21361098763855685,1.0,0.0,0.0,0.2,1.0,0.0,0.0,1.0,0,1.570796326726524,1.5707963269044167,1.0,4.67482639446145e-21,1.1994654380041971e-20,1.0,-0.5,0.0,1.1994654380041971e-20,1.1994654380041971e-20,9.877478608804401e-11
0.2,4,27,0.2039040672723429,1.0148583658410302,0.7988733478137378,0.2039040672723429,1.0,0.0,0.0,0.2,1.0,0.0,0.0,1.0,0,1.5707963268558847,1.5707963266935825,1.0,3.719541294316248e-21,1.0264552831950476e-20,1.0,-0.5,0.0,1.0264552831950476e-20,1.0264552831950476e-20,9.568616971989014e-11
0.2,4,28,0.20523288911726936,1.0146082945046144,0.8034834581294008,0.20523288911726936,1.0,0.0,0.0,0.2,1.0,0.0,0.0,1.0,0,1.570796326857341,1.5707963266925575,1.0,3.8993071861778294e-21,1.0473288804677748e-20,1.0,-0.5,0.0,1.0473288804677748e-20,1.0473288804677748e-20,9.681753180752354e-11
0.2,4,29,0.19554114285420268,1.0078640417612426,0.8122555340794233,0.19554114285420268,1.0,0.0,0.0,0.2,1.0,0.0,0.0,1.0,0,1.5707963267339218,1.570796326893571,1.0,3.717931358435079e-21,9.73662552250527e-21,1.0,-0.5,0.0,9.73662552250527e-21,9.73662552250527e-21,9.786159138582428e-11
0.2,4,30,0.19889237742334293,0.9946724624323027,0.773286654553572,0.19889237742334293,1.0,0.0,0.0,0.2,1.0,0.0,0.0,1.0,0,1.570796326731432,1.5707963269028493,1.0,4.02775902842729e-21,1.1653784705736032e-20,1.0,-0.5,0.0,1.1653784705736032e-20,1.1653784705736032e-20,9.876956071205534e-11
0.2,4,31,0.21557352849787925,1.0388517171593827,0.7670508076638443,0.21557352849787925,1.0,0.0,0.0,0.2,1.0,0.0,0.0,1.0,0,1.5707963267332166,1.5707963269066938,1.0,3.80442926839492e-21,1.249860876311489e-20,1.0,-0.5,0.0,1.249860876311489e-20,1.249860876311489e-20,9.67140313912581e-11
0.2,4,32,0.19574351521125072,1.0011045517180355,0.7611343655729127,0.19574351521125072,1.0,0.0,0.0,0.2,1.0,0.0,0.0,1.0,0,1.5707963267336345,1.5707963269043046,1.0,3.753053195120303e-21,1.1970105420810483e-20,1.0,-0.5,0.0,1.1970105420810483e-20,1.1970105420810483e-20,9.973319412858451e-11
0.2,4,33,0.21272388764535372,1.0134005713750462,0.780019367788862,0.21272388764535372,1.0,0.0,0.0,0.2,1.0,0.0,0.0,1.0,0,1.570796326859146,1.570796326686371,1.0,4.1279896897972325e-21,1.1777826292275755e-20,1.0,-0.5,0.0,1.1777826292275755e-20,1.1777826292275755e-20,9.579749305380134e-11
0.2,4,34,0.19329158088632717,1.02859006426841,0.8033283920589628,0.19329158088632717,1.0,0.0,0.0,0.2,1.0,0.0,0.0,1.0,0,1.5707963267393619,1.570796326891532,1.0,3.0841083677872274e-21,9.338382200132547e-21,1.0,-0.5,0.0,9.338382200132547e-21,9.338382200132547e-21,9.643338786180139e-11
0.2,4,35,0.20921897284794666,1.0171611458193373,0.7587509725774175,0.20921897284794666,1.0,0.0,0.0,0.2,1.0,0.0,0.0,1.0,0,1.5707963268588836,1.5707963266801757,1.0,4.094333181846303e-21,1.3160898819133739e-20,1.0,-0.5,0.0,1.3160898819133739e-20,1.3160898819133739e-20,9.931109880162147e-11
0.2,4,36,0.21134023252130324,1.0039333341956342,0.8287861260151392,0.21134023252130324,1.0,0.0,0.0,0.2,1.0,0.0,0.0,1.0,0,1.5707963267253633,1.5707963268989757,1.0,4.834883878621157e-21,1.0832464984901332e-20,1.0,-0.5,0.0,1.0832464984901332e-20,1.0832464984901332e-20,9.913608100574632e-11
0.2,4,37,0.18976029610518202,1.041519175633115,0.7935222324897716,0.18976029610518202,1.0,0.0,0.0,0.2,1.0,0.0,0.0,1.0,0,1.5707963268486815,1.570796326695501,1.0,2.8928171073987976e-21,9.879498040244198e-21,1.0,-0.5,0.0,9.879498040244198e-21,9.879498040244198e-21,9.96101543566033e-11
0.2,4,38,0.2249614079571307,0.9815766721938838,0.8028539377733754,0.2249614079571307,1.0,0.0,0.0,0.2,1.0,0.0,0.0,1.0,0,1.5707963268724943,1.570796326680577,1.0,6.02139447947008e-21,1.3068999770547198e-20,1.0,-0.5,0.0,1.3068999770547198e-20,1.3068999770547198e-20,9.721608056269942e-11
0.2,4,39,0.1953014466388705,0.9920170658269143,0.7920719600599213,0.1953014466388705,1.0,0.0,0.0,0.2,1.0,0.0,0.0,1.0,0,1.570796326856938,1.570796326693441,1.0,3.8491380226585985e-21,1.0293233067863919e-20,1.0,-0.5,0.0,1.0293233067863919e-20,1.0293233067863919e-20,9.685782858465505e-11
0.2,4,40,0.21827125373529094,0.9365542220968557,0.8030775903417889,0.21827125373529094,1.0,0.0,0.0,0.2,1.0,0.0,0.0,1.0,0,1.5707963267102596,1.5707963269092797,1.0,7.163426057763787e-21,1.3083495480456591e-20,1.0,-0.5,0.0,1.3083495480456591e-20,1.3083495480456591e-20,9.683627388629869e-11
0.2,4,41,0.19375243758215993,1.0224099464267553,0.7840676642519022,0.19375243758215993,1.0,0.0,0.0,0.2,1.0,0.0,0.0,1.0,0,1.5707963267397023,1.5707963268936442,1.0,3.0464168031537657e-21,9.751091560995177e-21,1.0,-0.5,0.0,9.751091560995177e-21,9.751091560995177e-21,9.51963604471022e-11
0.2,4,42,0.2015121925213682,0.9992558023649529,0.8095146901107448,0.2015121925213682,1.0,0.0,0.0,0.2,1.0,0.0,0.0,1.0,0,1.5707963267290903,1.5707963268986118,1.0,4.3304705109599125e-21,1.0756842165768289e-20,1.0,-0.5,0.0,1.0756842165768289e-20,1.0756842165768289e-20,9.959665022966728e-11
0.2,4,43,0.20382190971035258,1.0265606071794249,0.760930797101356,0.20382190971035258,1.0,0.0,0.0,0.2,1.0,0.0,0.0,1.0,0,1.570796326853901,1.5707963266860219,1.0,3.4815069138378604e-21,1.1853710812166873e-20,1.0,-0.5,0.0,1.1853710812166873e-20,1.1853710812166873e-20,9.725744328306247e-11
0.2,4,44,0.20774341786565764,0.9916645276841878,0.793379239608131,0.20774341786565764,1.0,0.0,0.0,0.2,1.0,0.0,0.0,1.0,0,1.5707963268629828,1.570796326686961,1.0,4.635722747373708e-21,1.1650120006334567e-20,1.0,-0.5,0.0,1.1650120006334567e-20,1.1650120006334567e-20,9.81331543358305e-11
0.2,4,45,0.1941002171694875,1.0228526963426716,0.8067297450242463,0.1941002171694875,1.0,0.0,0.0,0.2,1.0,0.0,0.0,1.0,0,1.5707963268518568,1.5707963266979927,1.0,3.2444590401112667e-21,9.390361868992403e-21,1.0,-0.5,0.0,9.390361868992403e-21,9.390361868992403e-21,9.66203997642053e-11
0.2,4,46,0.1885638442988558,1.0188960495064758,0.826236377040035,0.1885638442988558,1.0,0.0,0.0,0.2,1.0,0.0,0.0,1.0,0,1.5707963268505551,1.5707963267039622,1.0,3.097871696446499e-21,8.269070991635865e-21,1.0,-0.5,0.0,8.269070991635865e-21,8.269070991635865e-21,9.498240774301001e-11
0.2,4,47,0.18499614487089022,0.990047754717543,0.8055688073806115,0.18499614487089022,1.0,0.0,0.0,0.2,1.0,0.0,0.0,1.0,0,1.5707963267362655,1.5707963268896452,1.0,3.4376130645280556e-21,8.977295711606303e-21,1.0,-0.5,0.0,8.977295711606303e-21,8.977295711606303e-21,9.590369459545726e-11
0.2,4,48,0.17086353291204803,1.022162576430404,0.7652249724422912,0.17086353291204803,1.0,0.0,0.0,0.2,1.0,0.0,0.0,1.0,0,1.570796326747914,1.5707963268890033,1.0,2.207374215152371e-21,8.856063678895622e-21,1.0,-0.5,0.0,8.856063678895622e-21,8.856063678895622e-21,9.581148058263646e-11
0.2,4,49,0.18348059342076048,0.9486687674369312,0.806416203799452,0.18348059342076048,1.0,0.0,0.0,0.2,1.0,0.0,0.0,1.0,0,1.5707963268632408,1.5707963266951033,1.0,4.6709239246042186e-21,9.958711901722686e-21,1.0,-0.5,0.0,9.958711901722686e-21,9.958711901722686e-21,9.925000446700736e-11
0.25,5,0,0.2805044452647256,0.9816066320869852,0.7588426688212156,0.2805044452647256,1.0,0.0,0.0,0.25,1.0,0.0,0.0,1.0,0,1.5707963266792448,1.5707963269652545,1.0,1.3375332288776253e-20,2.9021810254813e-20,1.0,-0.5,0.0,2.9021810254813e-20,2.9021810254813e-20,9.809570762586833e-11
0.25,5,1,0.2528666284428568,1.006399345040264,0.7497481054552556,0.2528666284428568,1.0,0.0,0.0,0.25,1.0,0.0,0.0,1.0,0,1.5707963267057763,1.5707963269400627,1.0,7.942432854674922e-21,2.1073179206878952e-20,1.0,-0.5,0.0,2.1073179206878952e-20,2.1073179206878952e-20,9.918951915214101e-11
0.25,5,2,0.2509550040660033,0.9653044126886807,0.7641953778567915,0.2509550040660033,1.0,0.0,0.0,0.25,1.0,0.0,0.0,1.0,0,1.5707963268900496,1.570796326654263,1.0,9.05408110777442e-21,1.977779990664597e-20,1.0,-0.5,0.0,1.977779990664597e-20,1.977779990664597e-20,9.659943747782368e-11
0.25,5,3,0.264562608764238,1.0380412685007556,0.7337852312646932,0.264562608764238,1.0,0.0,0.0,0.25,1.0,0.0,0.0,1.0,0,1.570796326704856,1.570796326950537,1.0,8.107328168222752e-21,2.4223911772482615e-20,1.0,-0.5,0.0,2.4223911772482615e-20,2.4223911772482615e-20,9.841711948314185e-11
0.25,5,4,0.2269594153448578,1.0104205197503813,0.7513120627826759,0.2269594153448578,1.0,0.0,0.0,0.25,1.0,0.0,0.0,1.0,0,1.570796326868395,1.5707963266683123,1.0,5.4020264674510295e-21,1.602360015383078e-20,1.0,-0.5,0.0,1.602360015383078e-20,1.602360015383078e-20,9.93873445970895e-11
0.25,5,5,0.23879608976146877,1.026372516900746,0.762870077366969,0.23879608976146877,1.0,0.0,0.0,0.25,1.0,0.0,0.0,1.0,0,1.5707963268710827,1.5707963266658498,1.0,5.80432293831951e-21,1.6653085494378777e-20,1.0,-0.5,0.0,1.6653085494378777e-20,1.6653085494378777e-20,9.8874289276008e-11
0.25,5,6,0.24658757078390903,0.9883892798973131,0.7333017764300993,0.24658757078390903,1.0,0.0,0.0,0.25,1.0,0.0,0.0,1.0,0,1.5707963268849234,1.5707963266469755,1.0,8.104827169037846e-21,2.1880642952158554e-20,1.0,-0.5,0.0,2.1880642952158554e-20,2.1880642952158554e-20,9.95915856263069e-11
0.25,5,7,0.2398869952702566,1.0086929127706266,0.7583761389871584,0.2398869952702566,1.0,0.0,0.0,0.25,1.0,0.0,0.0,1.0,0,1.5707963268759269,1.5707963266612244,1.0,6.565898555301396e-21,1.78682692610809e-20,1.0,-0.5,0.0,1.78682692610809e-20,1.78682692610809e-20,9.973901845617504e-11
0.25,5,8,0.23435383613957117,1.0685325926952682,0.7253909730536887,0.23435383613957117,1.0,0.0,0.0,0.25,1.0,0.0,0.0,1.0,0,1.5707963267273912,1.57079632692798,1.0,4.556978473973087e-21,1.7711213434768936e-20,1.0,-0.5,0.0,1.7711213434768936e-20,1.7711213434768936e-20,9.905756790624259e-11
0.25,5,9,0.2297687003774876,1.0344817771315133,0.7713994424610552,0.2297687003774876,1.0,0.0,0.0,0.25,1.0,0.0,0.0,1.0,0,1.5707963267241023,1.570796326917001,1.0,5.0118358258150164e-21,1.4909505858353806e-20,1.0,-0.5,0.0,1.4909505858353806e-20,1.4909505858353806e-20,9.973845024583457e-11
0.25,5,10,0.24993943936399593,0.9966320740693526,0.7483198735993739,0.24993943936399593,1.0,0.0,0.0,0.25,1.0,0.0,0.0,1.0,0,1.570796326883868,1.5707963266513563,1.0,7.915916353486665e-21,2.0603832651398722e-20,1.0,-0.5,0.0,2.0603832651398722e-20,2.0603832651398722e-20,9.860046444835705e-11
0.25,5,11,0.23722992733001436,1.0021855033747062,0.7579357162788254,0.23722992733001436,1.0,0.0,0.0,0.25,1.0,0.0,0.0,1.0,0,1.5707963267149232,1.5707963269260152,1.0,6.395748306200141e-21,1.7192089952192257e-20,1.0,-0.5,0.0,1.7192089952192257e-20,1.7192089952192257e-20,9.860426036991759e-11
0.25,5,12,0.25028333446659456,1.0082313204983293,0.7681025138887576,0.25028333446659456,1.0,0.0,0.0,0.25,1.0,0.0,0.0,1.0,0,1.5707963267098521,1.5707963269300176,1.0,7.232563099883701e-21,1.8257674979118574e-20,1.0,-0.5,0.0,1.8257674979118574e-20,1.8257674979118574e-20,9.736602300224168e-11
0.25,5,13,0.2455406230475029,0.9733572672104985,0.7550207886611251,0.2455406230475029,1.0,0.0,0.0,0.25,1.0,0.0,0.0,1.0,0,1.5707963268867278,1.5707963266535696,1.0,8.43295975605816e-21,1.9973324144196133e-20,1.0,-0.5,0.0,1.9973324144196133e-20,1.9973324144196133e-20,9.891006369695513e-11
0.25,5,14,0.2654702010301946,0.9979250123554534,0.7690477138334686,0.2654702010301946,1.0,0.0,0.0,0.25,1.0,0.0,0.0,1.0,0,1.5707963268918317,1.5707963266475522,1.0,9.39640689633137e-21,2.1710378154789185e-20,1.0,-0.5,0.0,2.1710378154789185e-20,2.1710378154789185e-20,9.693193069183537e-11
0.25,5,15,0.247219111401058,1.0394886624880246,0.7094493673161847,0.247219111401058,1.0,0.0,0.0,0.25,1.0,0.0,0.0,1.0,0,1.5707963267141873,1.5707963269458087,1.0,6.513987606886826e-21,2.277446507013483e-20,1.0,-0.5,0.0,2.277446507013483e-20,2.277446507013483e-20,9.960653470029193e-11
0.25,5,16,0.23675455367533824,0.998969636124085,0.7649255237950916,0.23675455367533824,1.0,0.0,0.0,0.25,1.0,0.0,0.0,1.0,0,1.5707963268752456,1.5707963266655538,1.0,6.455961721588171e-21,1.6729565074690217e-20,1.0,-0.5,0.0,1.6729565074690217e-20,1.6729565074690217e-20,9.858426235796721e-11
0.25,5,17,0.26646989919784175,1.007259976346563,0.7543650541008593,0.26646989919784175,1.0,0.0,0.0,0.25,1.0,0.0,0.0,1.0,0,1.570796326696038,1.570796326951232,1.0,9.773010573549571e-21,2.444073473285284e-20,1.0,-0.5,0.0,2.444073473285284e-20,2.444073473285284e-20,9.986484857892227e-11
0.25,5,18,0.29402509933706816,0.9755211326506961,0.7648960343144422,0.29402509933706816,1.0,0.0,0.0,0.25,1.0,0.0,0.0,1.0,0,1.570796326662241,1.5707963269833187,1.0,1.7597541498245248e-20,3.5502889850750556e-20,1.0,-0.5,0.0,3.5502889850750556e-20,3.5502889850750556e-20,9.943676028454701e-11
0.25,5,19,0.22006647042829325,1.0343071404340682,0.7595628034099438,0.22006647042829325,1.0,0.0,0.0,0.25,1.0,0.0,0.0,1.0,0,1.5707963268598657,1.5707963266777527,1.0,4.220981348990703e-21,1.3722695979973273e-20,1.0,-0.5,0.0,1.3722695979973273e-20,1.3722695979973273e-20,9.780238905027573e-11
0.25,5,20,0.24621758991033454,1.0185895883980542,0.7599981350407949,0.24621758991033454,1.0,0.0,0.0,0.25,1.0,0.0,0.0,1.0,0,1.570796326713011,1.5707963269303864,1.0,6.705263055604589e-21,1.8357480575517784e-20,1.0,-0.5,0.0,1.8357480575517784e-20,1.8357480575517784e-20,9.890064145668285e-11
0.25,5,21,0.22671199597873087,1.033341000868349,0.7399387214313531,0.22671199597873087,1.0,0.0,0.0,0.25,1.0,0.0,0.0,1.0,0,1.5707963268645062,1.5707963266669416,1.0,4.845495040019534e-21,1.6372492562666283e-20,1.0,-0.5,0.0,1.6372492562666283e-20,1.6372492562666283e-20,9.977723533546112e-11
0.25,5,22,0.24403131994868477,0.9989090796396473,0.7321303543226906,0.24403131994868477,1.0,0.0,0.0,0.25,1.0,0.0,0.0,1.0,0,1.5707963268805751,1.5707963266504217,1.0,7.34080778065309e-21,2.0873007634701236e-20,1.0,-0.5,0.0,2.0873007634701236e-20,2.0873007634701236e-20,9.921967342275285e-11
0.25,5,23,0.23095625368536388,0.9718434646614844,0.8036024070181015,0.23095625368536388,1.0,0.0,0.0,0.25,1.0,0.0,0.0,1.0,0,1.5707963267125395,1.5707963269125431,1.0,6.782687198523953e-21,1.3840698474935647e-20,1.0,-0.5,0.0,1.3840698474935647e-20,1.3840698474935647e-20,9.669786766504359e-11
0.25,5,24,0.25909244027374556,1.0223263259132338,0.7647059916714458,0.25909244027374556,1.0,0.0,0.0,0.25,1.0,0.0,0.0,1.0,0,1.570796326881679,1.5707963266548366,1.0,7.531167219141103e-21,1.9616810563593802e-20,1.0,-0.5,0.0,1.9616810563593802e-20,1.9616810563593802e-20,9.666321851384539e-11
0.25,5,25,0.21568670891319885,1.026617840004111,0.7382557905923547,0.21568670891319885,1.0,0.0,0.0,0.25,1.0,0.0,0.0,1.0,0,1.5707963267314782,1.5707963269135736,1.0,4.0218988985393094e-21,1.4084231976322544e-20,1.0,-0.5,0.0,1.4084231976322544e-20,1.4084231976322544e-20,9.667683860400306e-11
0.25,5,26,0.24033412713568594,1.0283975969934342,0.7338889227234888,0.24033412713568594,1.0,0.0,0.0,0.25,1.0,0.0,0.0,1.0,0,1.5707963267195248,1.5707963269294722,1.0,5.680903728988938e-21,1.8110598224446358e-20,1.0,-0.5,0.0,1.8110598224446358e-20,1.8110598224446358e-20,9.661207074478846e-11
0.25,5,27,0.25552451816541827,1.0295953990012552,0.7568473462596335,0.25552451816541827,1.0,0.0,0.0,0.25,1.0,0.0,0.0,1.0,0,1.5707963268807486,1.5707963266517637,1.0,7.370554047790156e-21,2.0487027104456484e-20,1.0,-0.5,0.0,2.0487027104456484e-20,2.0487027104456484e-20,9.963703401094069e-11
0.25,5,28,0.2710507024868629,1.0209366304517205,0.7247782494930481,0.2710507024868629,1.0,0.0,0.0,0.25,1.0,0.0,0.0,1.0,0,1.5707963268952723,1.5707963266256815,1.0,1.0075270412948962e-20,2.863376618398835e-20,1.0,-0.5,0.0,2.863376618398835e-20,2.863376618398835e-20,9.914136869166826e-11
0.25,5,29,0.25280265707774663,0.993973085353396,0.704433790438395,0.25280265707774663,1.0,0.0,0.0,0.25,1.0,0.0,0.0,1.0,0,1.5707963268873686,1.5707963266353808,1.0,8.551065013919027e-21,2.5445288914286995e-20,1.0,-0.5,0.0,2.5445288914286995e-20,2.5445288914286995e-20,9.733027990270523e-11
0.25,5,30,0.2307879699457328,0.949229461500397,0.7745770956653257,0.2307879699457328,1.0,0.0,0.0,0.25,1.0,0.0,0.0,1.0,0,1.5707963267068992,1.5707963269222796,1.0,7.743550922649918e-21,1.622641131657782e-20,1.0,-0.5,0.0,1.622641131657782e-20,1.622641131657782e-20,9.792140129405005e-11
0.25,5,31,0.27654799343556047,0.9733208827537696,0.7694177301907786,0.27654799343556047,1.0,0.0,0.0,0.25,1.0,0.0,0.0,1.0,0,1.5707963266798435,1.5707963269599345,1.0,1.323722488765042e-20,2.72375157136786e-20,1.0,-0.5,0.0,2.72375157136786e-20,2.72375157136786e-20,9.904896470460445e-11
0.25,5,32,0.2440220534639401,0.9684183962048875,0.7372227575300476,0.2440220534639401,1.0,0.0,0.0,0.25,1.0,0.0,0.0,1.0,0,1.5707963267026968,1.570796326940596,1.0,8.500815028564e-21,2.1228312616602316e-20,1.0,-0.5,0.0,2.1228312616602316e-20,2.1228312616602316e-20,9.872048414545422e-11
0.25,5,33,0.2215685169108445,1.0388149227969357,0.7894276757419938,0.2215685169108445,1.0,0.0,0.0,0.25,1.0,0.0,0.0,1.0,0,1.5707963268602751,1.570796326683082,1.0,4.274352210743752e-21,1.2502508987503644e-20,1.0,-0.5,0.0,1.2502508987503644e-20,1.2502508987503644e-20,9.801826285775297e-11
0.25,5,34,0.2346808794271431,1.0283337818393985,0.7363787428257784,0.2346808794271431,1.0,0.0,0.0,0.25,1.0,0.0,0.0,1.0,0,1.5707963267223795,1.5707963269254062,1.0,5.2587391711371766e-21,1.7032740524914833e-20,1.0,-0.5,0.0,1.7032740524914833e-20,1.7032740524914833e-20,9.691593268634402e-11
0.25,5,35,0.25145722399425846,1.0202961429975503,0.7405534581878586,0.25145722399425846,1.0,0.0,0.0,0.25,1.0,0.0,0.0,1.0,0,1.5707963268800842,1.5707963266500322,1.0,7.256922677412857e-21,2.0985695539346225e-20,1.0,-0.5,0.0,2.0985695539346225e-20,2.0985695539346225e-20,9.88632074087204e-11
0.25,5,36,0.25893839506777283,0.9673779709990711,0.7366852457892835,0.25893839506777283,1.0,0.0,0.0,0.25,1.0,0.0,0.0,1.0,0,1.5707963268991763,1.5707963266342864,1.0,1.0874242225057952e-20,2.5795653383221754e-20,1.0,-0.5,0.0,2.5795653383221754e-20,2.5795653383221754e-20,9.9458082647321e-11
0.25,5,37,0.2430418838861795,1.0608620961724617,0.7190118093361445,0.2430418838861795,1.0,0.0,0.0,0.25,1.0,0.0,0.0,1.0,0,1.5707963268676841,1.5707963266547216,1.0,5.2980190687632965e-21,1.9649042950497962e-20,1.0,-0.5,0.0,1.9649042950497962e-20,1.9649042950497962e-20,9.805739183607555e-11
0.25,5,38,0.21758516966998198,1.0519326153205317,0.7478163961734048,0.21758516966998198,1.0,0.0,0.0,0.25,1.0,0.0,0.0,1.0,0,1.570796326732632,1.5707963269143725,1.0,3.876892756802079e-21,1.427449627918395e-20,1.0,-0.5,0.0,1.427449627918395e-20,1.427449627918395e-20,9.960398058865735e-11
0.25,5,39,0.24183823045070346,1.0089089976305385,0.7525700909422066,0.24183823045070346,1.0,0.0,0.0,0.25,1.0,0.0,0.0,1.0,0,1.570796326713086,1.570796326930844,1.0,6.6929774728120534e-21,1.8481699445835795e-20,1.0,-0.5,0.0,1.8481699445835795e-20,1.8481699445835795e-20,9.929548070201525e-11
0.25,5,40,0.21881211874250495,0.9965248420439463,0.7815172634738062,0.21881211874250495,1.0,0.0,0.0,0.25,1.0,0.0,0.0,1.0,0,1.5707963268672942,1.570796326678664,1.0,5.24140990890769e-21,1.351002668259796e-20,1.0,-0.5,0.0,1.351002668259796e-20,1.351002668259796e-20,9.912647271309465e-11
0.25,5,41,0.24340739163317462,1.0093132554003204,0.7487725054004101,0.24340739163317462,1.0,0.0,0.0,0.25,1.0,0.0,0.0,1.0,0,1.5707963268756884,1.5707963266600227,1.0,6.5273079099614144e-21,1.81909826763406e-20,1.0,-0.5,0.0,1.81909826763406e-20,1.81909826763406e-20,9.699055784514503e-11
0.25,5,42,0.23926083447091653,0.9608931537009341,0.7882425911352088,0.23926083447091653,1.0,0.0,0.0,0.25,1.0,0.0,0.0,1.0,0,1.5707963268848877,1.570796326666759,1.0,8.098391677261767e-21,1.6419234754934627e-20,1.0,-0.5,0.0,1.6419234754934627e-20,1.6419234754934627e-20,9.762769324898308e-11
0.25,5,43,0.25193199273399125,1.0014283629744993,0.7696946443939569,0.25193199273399125,1.0,0.0,0.0,0.25,1.0,0.0,0.0,1.0,0,1.570796326707053,1.5707963269319858,1.0,7.716493049648832e-21,1.879343988021124e-20,1.0,-0.5,0.0,1.879343988021124e-20,1.879343988021124e-20,9.769808986550774e-11
0.25,5,44,0.23864625339516288,1.0103057767088963,0.7271284076110001,0.23864625339516288,1.0,0.0,0.0,0.25,1.0,0.0,0.0,1.0,0,1.5707963268740226,1.5707963266559464,1.0,6.260920366272571e-21,1.9307170842314057e-20,1.0,-0.5,0.0,1.9307170842314057e-20,1.9307170842314057e-20,9.798319460860759e-11
0.25,5,45,0.260088501352866,0.9983597483334796,0.7671359092017946,0.260088501352866,1.0,0.0,0.0,0.25,1.0,0.0,0.0,1.0,0,1.5707963267018181,1.5707963269381309,1.0,8.663606246665483e-21,2.0516050965092623e-20,1.0,-0.5,0.0,2.0516050965092623e-20,2.0516050965092623e-20,9.683581986321487e-11
0.25,5,46,0.2498172264472216,0.9896080125782833,0.7102251643370722,0.2498172264472216,1.0,0.0,0.0,0.25,1.0,0.0,0.0,1.0,0,1.5707963267042988,1.5707963269493561,1.0,8.207963676068232e-21,2.385773560307835e-20,1.0,-0.5,0.0,2.385773560307835e-20,2.385773560307835e-20,9.696296657354934e-11
0.25,5,47,0.25431466339071623,1.013813624549584,0.7513097121569279,0.25431466339071623,1.0,0.0,0.0,0.25,1.0,0.0,0.0,1.0,0,1.5707963267074037,1.57079632693851,1.0,7.655018582352582e-21,2.0624774826341242e-20,1.0,-0.5,0.0,2.0624774826341242e-20,2.0624774826341242e-20,9.824869349657134e-11
0.25,5,48,0.24197965395789703,1.0065133657980563,0.7415631612299216,0.24197965395789703,1.0,0.0,0.0,0.25,1.0,0.0,0.0,1.0,0,1.570796326877942,1.5707963266547562,1.0,6.896519716735825e-21,1.9639333115331062e-20,1.0,-0.5,0.0,1.9639333115331062e-20,1.9639333115331062e-20,9.983313039553729e-11
0.25,5,49,0.2309148208150284,0.9861879645632894,0.751639061449275,0.2309148208150284,1.0,0.0,0.0,0.25,1.0,0.0,0.0,1.0,0,1.5707963268728957,1.570796326667802,1.0,6.083859827305391e-21,1.6153042009247584e-20,1.0,-0.5,0.0,1.6153042009247584e-20,1.6153042009247584e-20,9.63402001694496e-11
0.30000000000000004,6,0,0.29047944577820944,0.9960602372895514,0.6831590260115487,0.29047944577820944,1.0,0.0,0.0,0.30000000000000004,1.0,0.0,0.0,1.0,0,1.5707963269288812,1.570796326570551,1.0,1.795185694810203e-20,5.033099956884293e-20,1.0,-0.5,0.0,5.033099956884293e-20,5.033099956884293e-20,9.835245209363027e-11
0.30000000000000004,6,1,0.28566312254873844,1.0106986180131674,0.7255556441807628,0.28566312254873844,1.0,0.0,0.0,0.30000000000000004,1.0,0.0,0.0,1.0,0,1.5707963269101872,1.5707963266085043,1.0,1.3291923525324006e-20,3.474208808725224e-20,1.0,-0.5,0.0,3.474208808725224e-20,3.474208808725224e-20,9.811660612562584e-11
0.30000000000000004,6,2,0.2944620311523794,0.9704996335517508,0.7140419457985163,0.2944620311523794,1.0,0.0,0.0,0.30000000000000004,1.0,0.0,0.0,1.0,0,1.5707963266534324,1.5707963270107954,1.0,2.0012129767404974e-20,4.661228886962602e-20,1.0,-0.5,0.0,4.661228886962602e-20,4.661228886962602e-20,9.786190246474275e-11
0.30000000000000004,6,3,0.3189268109279304,0.9966821801127537,0.6801558627970553,0.3189268109279304,1.0,0.0,0.0,0.30000000000000004,1.0,0.0,0.0,1.0,0,1.570796326981629,1.570796326493773,1.0,3.4868969073382594e-20,9.067544160154482e-20,1.0,-0.5,0.0,9.067544160154482e-20,9.067544160154482e-20,9.844130472255338e-11
0.30000000000000004,6,4,0.3271750482559625,0.9843597875112826,0.708284557469641,0.3271750482559625,1.0,0.0,0.0,0.30000000000000004,1.0,0.0,0.0,1.0,0,1.5707963265948277,1.5707963270964536,1.0,4.002756939198608e-20,9.093658827898646e-20,1.0,-0.5,0.0,9.093658827898646e-20,9.093658827898646e-20,9.893732346108754e-11
0.30000000000000004,6,5,0.3227443882879635,0.9638050081761018,0.7288103678157871,0.3227443882879635,1.0,0.0,0.0,0.30000000000000004,1.0,0.0,0.0,1.0,0,1.5707963269864245,1.5707963265213443,1.0,3.668291480313168e-20,7.483088992037498e-20,1.0,-0.5,0.0,7.483088992037498e-20,7.483088992037498e-20,9.853153515154221e-11
0.30000000000000004,6,6,0.3093715680543269,1.002658489443984,0.6920366969388496,0.3093715680543269,1.0,0.0,0.0,0.30000000000000004,1.0,0.0,0.0,1.0,0,1.5707963266348064,1.5707963270543959,1.0,2.5628880006202552e-20,6.733986059281321e-20,1.0,-0.5,0.0,6.733986059281321e-20,6.733986059281321e-20,9.954790004353755e-11
0.30000000000000004,6,7,0.29558870115890024,1.0155724175642251,0.6698868040845508,0.29558870115890024,1.0,0.0,0.0,0.30000000000000004,1.0,0.0,0.0,1.0,0,1.5707963269325347,1.5707963265549723,1.0,1.8944236080484333e-20,5.756370038310247e-20,1.0,-0.5,0.0,5.756370038310247e-20,5.756370038310247e-20,9.823795660423473e-11
0.30000000000000004,6,8,0.2606967315534491,1.0229290443371062,0.7239315985048709,0.2606967315534491,1.0,0.0,0.0,0.30000000000000004,1.0,0.0,0.0,1.0,0,1.570796326886875,1.5707963266361218,1.0,8.460019378660178e-21,2.5209447384856453e-20,1.0,-0.5,0.0,2.5209447384856453e-20,2.5209447384856453e-20,9.914315911792866e-11
0.30000000000000004,6,9,0.31895292340945797,0.9635235226353372,0.706342603175058,0.31895292340945797,1.0,0.0,0.0,0.30000000000000004,1.0,0.0,0.0,1.0,0,1.5707963266016256,1.5707963270812038,1.0,3.73536856365577e-20,8.197177780678275e-20,1.0,-0.5,0.0,8.197177780678275e-20,8.197177780678275e-20,9.853615059048874e-11
0.30000000000000004,6,10,0.3025065140795187,0.982105420529946,0.6860806554033214,0.3025065140795187,1.0,0.0,0.0,0.30000000000000004,1.0,0.0,0.0,1.0,0,1.5707963266364027,1.5707963270488945,1.0,2.5120330891894868e-20,6.45149192672554e-20,1.0,-0.5,0.0,6.45149192672554e-20,6.45149192672554e-20,9.896312957067876e-11
0.30000000000000004,6,11,0.30763826659511784,0.9932952942166313,0.6697455554328983,0.30763826659511784,1.0,0.0,0.0,0.30000000000000004,1.0,0.0,0.0,1.0,0,1.5707963269632936,1.5707963265160823,1.0,2.835755393025892e-20,7.773745080471827e-20,1.0,-0.5,0.0,7.773745080471827e-20,7.773745080471827e-20,9.831069822019498e-11
0.30000000000000004,6,12,0.3018222058187353,1.0187163263077486,0.68190838526985,0.3018222058187353,1.0,0.0,0.0,0.30000000000000004,1.0,0.0,0.0,1.0,0,1.5707963266512681,1.5707963270395078,1.0,2.0629147076557835e-20,5.983461907592852e-20,1.0,-0.5,0.0,5.983461907592852e-20,5.983461907592852e-20,9.924609808863758e-11
0.30000000000000004,6,13,0.2972154369355563,0.9755094422967451,0.7497103916798986,0.2972154369355563,1.0,0.0,0.0,0.30000000000000004,1.0,0.0,0.0,1.0,0,1.5707963266571998,1.5707963269944982,1.0,1.8960409867368986e-20,3.9840801634547285e-20,1.0,-0.5,0.0,3.9840801634547285e-20,3.9840801634547285e-20,9.878620891152133e-11
0.30000000000000004,6,14,0.2751900680916116,0.990608207829724,0.7257501174600935,0.2751900680916116,1.0,0.0,0.0,0.30000000000000004,1.0,0.0,0.0,1.0,0,1.5707963266834257,1.570796326972246,1.0,1.2425760163858395e-20,3.145281223842535e-20,1.0,-0.5,0.0,3.145281223842535e-20,3.145281223842535e-20,9.846174962941174e-11
0.30000000000000004,6,15,0.2905440274899295,1.0021340420841947,0.7016803690379952,0.2905440274899295,1.0,0.0,0.0,0.30000000000000004,1.0,0.0,0.0,1.0,0,1.570796326666788,1.5707963270053558,1.0,1.641183800205216e-20,4.429305145573893e-20,1.0,-0.5,0.0,4.429305145573893e-20,4.429305145573893e-20,9.86123723263743e-11
0.30000000000000004,6,16,0.31867899292490576,1.0212736665624966,0.7124280658889662,0.31867899292490576,1.0,0.0,0.0,0.30000000000000004,1.0,0.0,0.0,1.0,0,1.5707963269556968,1.570796326538293,1.0,2.5856704565186082e-20,6.584545293533267e-20,1.0,-0.5,0.0,6.584545293533267e-20,6.584545293533267e-20,9.958763682470566e-11
0.30000000000000004,6,17,0.34453846396504406,0.9962874432507469,0.7065542471012676,0.34453846396504406,1.0,0.0,0.0,0.30000000000000004,1.0,0.0,0.0,1.0,0,1.5707963265477272,1.5707963271669523,1.0,6.109274061893554e-20,1.3842541289834114e-19,1.0,-0.5,0.0,1.3842541289834114e-19,1.3842541289834114e-19,9.906127073389541e-11
0.30000000000000004,6,18,0.30534100723607815,0.9903541257301771,0.6751350637809392,0.30534100723607815,1.0,0.0,0.0,0.30000000000000004,1.0,0.0,0.0,1.0,0,1.5707963269593,1.5707963265250227,1.0,2.7028451155641154e-20,7.283195549330484e-20,1.0,-0.5,0.0,7.283195549330484e-20,7.283195549330484e-20,9.91974247346162e-11
0.30000000000000004,6,19,0.3045918600131977,1.0413168423975063,0.6931024170294974,0.3045918600131977,1.0,0.0,0.0,0.30000000000000004,1.0,0.0,0.0,1.0,0,1.570796326659686,1.5707963270279253,1.0,1.8281898425709467e-20,5.430234995405653e-20,1.0,-0.5,0.0,5.430234995405653e-20,5.430234995405653e-20,9.870009984046019e-11
0.30000000000000004,6,20,0.31803936044938774,0.995036913357939,0.6877150269212143,0.31803936044938774,1.0,0.0,0.0,0.30000000000000004,1.0,0.0,0.0,1.0,0,1.5707963266115599,1.5707963270870902,1.0,3.361236038189592e-20,8.537706564430156e-20,1.0,-0.5,0.0,8.537706564430156e-20,8.537706564430156e-20,9.941708499246986e-11
0.30000000000000004,6,21,0.287487891504996,0.9802893875258818,0.7347428590800231,0.287487891504996,1.0,0.0,0.0,0.30000000000000004,1.0,0.0,0.0,1.0,0,1.5707963266670613,1.570796326988494,1.0,1.6341879045218932e-20,3.7479914231484236e-20,1.0,-0.5,0.0,3.7479914231484236e-20,3.7479914231484236e-20,9.967247177732562e-11
0.30000000000000004,6,22,0.3034566491268728,0.9867311115935069,0.691092816781179,0.3034566491268728,1.0,0.0,0.0,0.30000000000000004,1.0,0.0,0.0,1.0,0,1.5707963266373286,1.5707963270469187,1.0,2.482768089932104e-20,6.351514880286155e-20,1.0,-0.5,0.0,6.351514880286155e-20,6.351514880286155e-20,9.975565060109197e-11
0.30000000000000004,6,23,0.2988772110524752,1.0403142021387184,0.6919706929073313,0.2988772110524752,1.0,0.0,0.0,0.30000000000000004,1.0,0.0,0.0,1.0,0,1.5707963266675866,1.570796327016437,1.0,1.6207836507372e-20,4.9080095837453834e-20,1.0,-0.5,0.0,4.9080095837453834e-20,4.9080095837453834e-20,9.80719639485285e-11
0.30000000000000004,6,24,0.34802958266723805,0.9923421595384228,0.6989082978559272,0.34802958266723805,1.0,0.0,0.0,0.30000000000000004,1.0,0.0,0.0,1.0,0,1.5707963265208922,1.570796327207764,1.0,7.507843093532495e-20,1.7045953681779206e-19,1.0,-0.5,0.0,1.7045953681779206e-19,1.7045953681779206e-19,9.900950650930572e-11
0.30000000000000004,6,25,0.31401660408958776,1.0036027477231941,0.7133612256135928,0.31401660408958776,1.0,0.0,0.0,0.30000000000000004,1.0,0.0,0.0,1.0,0,1.5707963266369236,1.5707963270419298,1.0,2.495547797751078e-20,6.102541251792379e-20,1.0,-0.5,0.0,6.102541251792379e-20,6.102541251792379e-20,9.809046829689141e-11
0.30000000000000004,6,26,0.3016810314598321,0.9943305648931389,0.6734237767044584,0.3016810314598321,1.0,0.0,0.0,0.30000000000000004,1.0,0.0,0.0,1.0,0,1.5707963269518819,1.5707963265335934,1.0,2.4644369472677962e-20,6.82793950094186e-20,1.0,-0.5,0.0,6.82793950094186e-20,6.82793950094186e-20,9.955623857033113e-11
0.30000000000000004,6,27,0.32446675196401087,0.9809715819851821,0.7422824985126277,0.32446675196401087,1.0,0.0,0.0,0.30000000000000004,1.0,0.0,0.0,1.0,0,1.5707963269747587,1.5707963265370972,1.0,3.2350362052407396e-20,6.646052995225443e-20,1.0,-0.5,0.0,6.646052995225443e-20,6.646052995225443e-20,9.870677703624572e-11
0.30000000000000004,6,28,0.2945774013333329,0.956677750037471,0.661716149602642,0.2945774013333329,1.0,0.0,0.0,0.30000000000000004,1.0,0.0,0.0,1.0,0,1.5707963269591625,1.5707963265289533,1.0,2.6983277017976722e-20,7.072585404826122e-20,1.0,-0.5,0.0,7.072585404826122e-20,7.072585404826122e-20,9.84981736088931e-11
0.30000000000000004,6,29,0.29683661268031225,0.9779824751988336,0.7407482675309144,0.29683661268031225,1.0,0.0,0.0,0.30000000000000004,1.0,0.0,0.0,1.0,0,1.5707963269334826,1.5707963265902756,1.0,1.920607116597409e-20,4.186977330651644e-20,1.0,-0.5,0.0,4.186977330651644e-20,4.186977330651644e-20,9.939255613541839e-11
0.30000000000000004,6,30,0.3083082170199974,0.992636413833764,0.6799677825217457,0.3083082170199974,1.0,0.0,0.0,0.30000000000000004,1.0,0.0,0.0,1.0,0,1.570796326626609,1.570796327068917,1.0,2.83207389669655e-20,7.508712520905381e-20,1.0,-0.5,0.0,7.508712520905381e-20,7.508712520905381e-20,9.991559050519674e-11
0.30000000000000004,6,31,0.2903071932753436,1.0090366822807055,0.6721729859949037,0.2903071932753436,1.0,0.0,0.0,0.30000000000000004,1.0,0.0,0.0,1.0,0,1.5707963269284018,1.570796326563091,1.0,1.7823623916964823e-20,5.373380139515253e-20,1.0,-0.5,0.0,5.373380139515253e-20,5.373380139515253e-20,9.952219283285198e-11
0.30000000000000004,6,32,0.3124486153525946,0.9892531759259344,0.6711117169390778,0.3124486153525946,1.0,0.0,0.0,0.30000000000000004,1.0,0.0,0.0,1.0,0,1.570796326976602,1.5707963264984894,1.0,3.301688083382222e-20,8.78572177203055e-20,1.0,-0.5,0.0,8.78572177203055e-20,8.78572177203055e-20,9.907338849827294e-11
0.30000000000000004,6,33,0.3054666686401106,1.0066400287288801,0.7106291385797889,0.3054666686401106,1.0,0.0,0.0,0.30000000000000004,1.0,0.0,0.0,1.0,0,1.5707963269399856,1.5707963265633749,1.0,2.1050815208296814e-20,5.3602321621448636e-20,1.0,-0.5,0.0,5.3602321621448636e-20,5.3602321621448636e-20,9.896814846029294e-11
0.30000000000000004,6,34,0.2956407520855747,1.0046969302582496,0.7029715487560235,0.2956407520855747,1.0,0.0,0.0,0.30000000000000004,1.0,0.0,0.0,1.0,0,1.5707963269293144,1.570796326575397,1.0,1.8068131241790324e-20,4.8180070403388693e-20,1.0,-0.5,0.0,4.8180070403388693e-20,4.8180070403388693e-20,9.933915765052096e-11
0.30000000000000004,6,35,0.2807729051658308,1.0539639116202408,0.6765046560755553,0.2807729051658308,1.0,0.0,0.0,0.30000000000000004,1.0,0.0,0.0,1.0,0,1.5707963269007896,1.5707963265961253,1.0,1.1213329748235231e-20,3.9510022920325114e-20,1.0,-0.5,0.0,3.9510022920325114e-20,3.9510022920325114e-20,9.785643906445105e-11
0.30000000000000004,6,36,0.3141891136877665,0.9671387110853529,0.6981472490737506,0.3141891136877665,1.0,0.0,0.0,0.30000000000000004,1.0,0.0,0.0,1.0,0,1.5707963266099407,1.570796327075261,1.0,3.420868112100539e-20,7.860416153526721e-20,1.0,-0.5,0.0,7.860416153526721e-20,7.860416153526721e-20,9.907408213853271e-11
0.30000000000000004,6,37,0.28815687683530145,1.0036682342438352,0.7041978513416263,0.28815687683530145,1.0,0.0,0.0,0.30000000000000004,1.0,0.0,0.0,1.0,0,1.5707963269185221,1.5707963265913376,1.0,1.528326252090744e-20,4.1436270026245734e-20,1.0,-0.5,0.0,4.1436270026245734e-20,4.1436270026245734e-20,9.813070478145688e-11
0.30000000000000004,6,38,0.28656211004032905,0.9927575696706066,0.6892615446551162,0.28656211004032905,1.0,0.0,0.0,0.30000000000000004,1.0,0.0,0.0,1.0,0,1.5707963269238403,1.570796326580708,1.0,1.6626473472842598e-20,4.587681121730417e-20,1.0,-0.5,0.0,4.587681121730417e-20,4.587681121730417e-20,9.860661141363042e-11
0.30000000000000004,6,39,0.3142928451375691,1.0094119188289141,0.7226271520178624,0.3142928451375691,1.0,0.0,0.0,0.30000000000000004,1.0,0.0,0.0,1.0,0,1.5707963269494483,1.5707963265545075,1.0,2.388621051939255e-20,5.778692095550137e-20,1.0,-0.5,0.0,5.778692095550137e-20,5.778692095550137e-20,9.916928416976021e-11
0.30000000000000004,6,40,0.30520006799443333,1.0047992213531043,0.7049188656484016,0.30520006799443333,1.0,0.0,0.0,0.30000000000000004,1.0,0.0,0.0,1.0,0,1.5707963266469709,1.5707963270323841,1.0,2.1882022467074628e-20,5.640032401794819e-20,1.0,-0.5,0.0,5.640032401794819e-20,5.640032401794819e-20,9.956256753335454e-11
0.30000000000000004,6,41,0.30796797534935955,0.9906529513627295,0.7224748126747529,0.30796797534935955,1.0,0.0,0.0,0.30000000000000004,1.0,0.0,0.0,1.0,0,1.57079632664211,1.57079632702806,1.0,2.3343718062909893e-20,5.43651838229668e-20,1.0,-0.5,0.0,5.43651838229668e-20,5.43651838229668e-20,9.918896449982946e-11
0.30000000000000004,6,42,0.3186539570987335,1.0191240950136882,0.6870727976945121,0.3186539570987335,1.0,0.0,0.0,0.30000000000000004,1.0,0.0,0.0,1.0,0,1.5707963269675025,1.5707963265103366,1.0,2.9792785777439057e-20,8.097438927832147e-20,1.0,-0.5,0.0,8.097438927832147e-20,8.097438927832147e-20,9.967143904930626e-11
0.30000000000000004,6,43,0.3024361368220881,1.0222567571438093,0.7053273914705334,0.3024361368220881,1.0,0.0,0.0,0.30000000000000004,1.0,0.0,0.0,1.0,0,1.5707963266597604,1.5707963270182648,1.0,1.8261788697736626e-20,4.9893331141449464e-20,1.0,-0.5,0.0,4.9893331141449464e-20,4.9893331141449464e-20,9.824601775602963e-11
0.30000000000000004,6,44,0.30747805123616556,0.9844046360521916,0.6732549145573652,0.30747805123616556,1.0,0.0,0.0,0.30000000000000004,1.0,0.0,0.0,1.0,0,1.5707963266226401,1.570796327075104,1.0,2.967229923370745e-20,7.851615988842415e-20,1.0,-0.5,0.0,7.851615988842415e-20,7.851615988842415e-20,9.905655099410086e-11
0.30000000000000004,6,45,0.3146703050114758,1.032217264873467,0.6774171917089667,0.3146703050114758,1.0,0.0,0.0,0.30000000000000004,1.0,0.0,0.0,1.0,0,1.570796326956223,1.5707963265187483,1.0,2.6026222332554828e-20,7.625787069014251e-20,1.0,-0.5,0.0,7.625787069014251e-20,7.625787069014251e-20,9.881457099662658e-11
0.30000000000000004,6,46,0.2824253682234601,1.0178506407650578,0.6531767797449463,0.2824253682234601,1.0,0.0,0.0,0.30000000000000004,1.0,0.0,0.0,1.0,0,1.5707963266711813,1.570796327022027,1.0,1.5305480771569552e-20,5.158825284112042e-20,1.0,-0.5,0.0,5.158825284112042e-20,5.158825284112042e-20,9.853719823099414e-11
0.30000000000000004,6,47,0.29802115842526433,1.0337158343995378,0.6932463537389328,0.29802115842526433,1.0,0.0,0.0,0.30000000000000004,1.0,0.0,0.0,1.0,0,1.5707963266670317,1.5707963270151908,1.0,1.6349430367736653e-20,4.852951960538758e-20,1.0,-0.5,0.0,4.852951960538758e-20,4.852951960538758e-20,9.791872370879897e-11
0.30000000000000004,6,48,0.3037063550930456,1.0347419007194554,0.6375627856879046,0.3037063550930456,1.0,0.0,0.0,0.30000000000000004,1.0,0.0,0.0,1.0,0,1.5707963269519807,1.5707963265044962,1.0,2.4675402614295168e-20,8.433241070234797e-20,1.0,-0.5,0.0,8.433241070234797e-20,8.433241070234797e-20,9.848924712667762e-11
0.30000000000000004,6,49,0.28836375401873543,0.9893928501296474,0.6801069306922751,0.28836375401873543,1.0,0.0,0.0,0.30000000000000004,1.0,0.0,0.0,1.0,0,1.570796326929907,1.5707963265692944,1.0,1.8227804337060932e-20,5.089638189077643e-20,1.0,-0.5,0.0,5.089638189077643e-20,5.089638189077643e-20,9.889209227209985e-11
0.35000000000000003,7,0,0.32897747769345126,1.0003444450405412,0.6550251029977867,0.32897747769345126,1.0,0.0,0.0,0.35000000000000003,1.0,0.0,0.0,1.0,0,1.570796326559115,1.5707963271849261,1.0,5.559299953226598e-20,1.521230131861358e-19,1.0,-0.5,0.0,1.521230131861358e-19,1.521230131861358e-19,9.920266326053436e-11
0.35000000000000003,7,1,0.34007046252215634,0.9983599714443361,0.6486962857151455,0.34007046252215634,1.0,0.0,0.0,0.35000000000000003,1.0,0.0,0.0,1.0,0,1.5707963264948372,1.5707963272865497,1.0,9.003562670340984e-20,2.4172277211044575e-19,1.0,-0.5,0.0,2.4172277211044575e-19,2.4172277211044575e-19,9.939102747049848e-11
0.35000000000000003,7,2,0.37235276571164216,1.0149116469853434,0.6259495894288568,0.37235276571164216,1.0,0.0,0.0,0.35000000000000003,1.0,0.0,0.0,1.0,0,1.5707963257153246,1.570796328576717,1.0,1.1654758081046797e-18,3.1748839653556924e-18,1.0,-0.5,0.0,3.1748839653556924e-18,3.1748839653556924e-18,9.976471550527882e-11
0.35000000000000003,7,3,0.36112094603234174,0.9184550709720498,0.6818332754092451,0.36112094603234174,1.0,0.0,0.0,0.35000000000000003,1.0,0.0,0.0,1.0,0,1.5707963274070769,1.5707963259501365,1.0,3.7476465263155294e-19,7.136196281233136e-19,1.0,-0.5,0.0,7.136196281233136e-19,7.136196281233136e-19,9.970774087913926e-11
0.35000000000000003,7,4,0.3590011459438251,0.9982477097814381,0.6658442618160578,0.3590011459438251,1.0,0.0,0.0,0.35000000000000003,1.0,0.0,0.0,1.0,0,1.5707963272066363,1.5707963261505564,1.0,1.6952957410890497e-19,4.1517429080254854e-19,1.0,-0.5,0.0,4.1517429080254854e-19,4.1517429080254854e-19,9.9792665453244e-11
0.35000000000000003,7,5,0.36078279286591713,0.9802719673810419,0.6622436681840516,0.36078279286591713,1.0,0.0,0.0,0.35000000000000003,1.0,0.0,0.0,1.0,0,1.570796326303572,1.5707963275483772,1.0,2.4139986044607654e-19,5.6773293923604555e-19,1.0,-0.5,0.0,5.6773293923604555e-19,5.6773293923604555e-19,9.976689105207402e-11
0.35000000000000003,7,6,0.3518740672790923,1.02081890862046,0.6232137200623622,0.3518740672790923,1.0,0.0,0.0,0.35000000000000003,1.0,0.0,0.0,1.0,0,1.570796326353677,1.5707963275509473,1.0,1.9467470595806147e-19,5.716126856285477e-19,1.0,-0.5,0.0,5.716126856285477e-19,5.716126856285477e-19,9.978563076744855e-11
0.35000000000000003,7,7,0.3435250763360887,0.9866653061876476,0.6840551825941892,0.3435250763360887,1.0,0.0,0.0,0.35000000000000003,1.0,0.0,0.0,1.0,0,1.5707963265178795,1.5707963272196053,1.0,7.673849428978568e-20,1.803774385830582e-19,1.0,-0.5,0.0,1.803774385830582e-19,1.803774385830582e-19,9.892749799688756e-11
0.35000000000000003,7,8,0.36488213197210584,1.0002859092143535,0.650217177132249,0.36488213197210584,1.0,0.0,0.0,0.35000000000000003,1.0,0.0,0.0,1.0,0,1.5707963273577383,1.57079632590065,1.0,3.167907927176716e-19,7.996768311918782e-19,1.0,-0.5,0.0,7.996768311918782e-19,7.996768311918782e-19,9.957797235214767e-11
0.35000000000000003,7,9,0.3388395687752696,1.024501292770723,0.664035758346269,0.3388395687752696,1.0,0.0,0.0,0.35000000000000003,1.0,0.0,0.0,1.0,0,1.57079632654906,1.570796327204111,1.0,6.043559630155393e-20,1.6745640788131546e-19,1.0,-0.5,0.0,1.6745640788131546e-19,1.6745640788131546e-19,9.95516302136591e-11
0.35000000000000003,7,10,0.3559227529847041,1.0149762147686294,0.6494949089171971,0.3559227529847041,1.0,0.0,0.0,0.35000000000000003,1.0,0.0,0.0,1.0,0,1.5707963263946638,1.57079632745029,1.0,1.601862918540377e-19,4.2954058217094053e-19,1.0,-0.5,0.0,4.2954058217094053e-19,4.2954058217094053e-19,9.990662178640733e-11
0.35000000000000003,7,11,0.33772707945151625,1.023924969972148,0.6393517886250653,0.33772707945151625,1.0,0.0,0.0,0.35000000000000003,1.0,0.0,0.0,1.0,0,1.5707963265205032,1.5707963272668752,1.0,7.529176986195351e-20,2.227638150280617e-19,1.0,-0.5,0.0,2.227638150280617e-19,2.227638150280617e-19,9.938062378950339e-11
0.35000000000000003,7,12,0.37041380214694647,0.9945089663584776,0.675814496465752,0.37041380214694647,1.0,0.0,0.0,0.35000000000000003,1.0,0.0,0.0,1.0,0,1.5707963262630051,1.570796327602729,1.0,2.829085475917422e-19,6.525931967558273e-19,1.0,-0.5,0.0,6.525931967558273e-19,6.525931967558273e-19,9.938526395213019e-11
0.35000000000000003,7,13,0.3620768701866681,0.9921522320229804,0.6466545277363673,0.3620768701866681,1.0,0.0,0.0,0.35000000000000003,1.0,0.0,0.0,1.0,0,1.570796326234973,1.5707963276824264,1.0,3.135145769475901e-19,7.87709085849844e-19,1.0,-0.5,0.0,7.87709085849844e-19,7.87709085849844e-19,9.96714245087039e-11
0.35000000000000003,7,14,0.3470549091115652,0.9931419349673476,0.640216411827088,0.3470549091115652,1.0,0.0,0.0,0.35000000000000003,1.0,0.0,0.0,1.0,0,1.5707963271744847,1.570796326176054,1.0,1.440871085549908e-19,3.829661561559459e-19,1.0,-0.5,0.0,3.829661561559459e-19,3.829661561559459e-19,9.936583815608787e-11
0.35000000000000003,7,15,0.34603338176801823,1.0129793476378979,0.6750780445565012,0.34603338176801823,1.0,0.0,0.0,0.35000000000000003,1.0,0.0,0.0,1.0,0,1.570796327069564,1.5707963263551328,1.0,7.544214695023488e-20,1.9339223688756407e-19,1.0,-0.5,0.0,1.9339223688756407e-19,1.9339223688756407e-19,9.931575416706008e-11
0.35000000000000003,7,16,0.3505147356310335,0.986429185219174,0.6554622877156031,0.3505147356310335,1.0,0.0,0.0,0.35000000000000003,1.0,0.0,0.0,1.0,0,1.570796327175591,1.5707963261941758,1.0,1.4492815286094923e-19,3.6086556084716827e-19,1.0,-0.5,0.0,3.6086556084716827e-19,3.6086556084716827e-19,9.949878973330085e-11
0.35000000000000003,7,17,0.34990982028823325,1.00800199214435,0.6730023880605754,0.34990982028823325,1.0,0.0,0.0,0.35000000000000003,1.0,0.0,0.0,1.0,0,1.5707963264901135,1.5707963272786984,1.0,9.28927678467805e-20,2.340642070427421e-19,1.0,-0.5,0.0,2.340642070427421e-19,2.340642070427421e-19,9.933231493598447e-11
0.35000000000000003,7,18,0.3501962015796962,1.017266830748658,0.6229116721970687,0.3501962015796962,1.0,0.0,0.0,0.35000000000000003,1.0,0.0,0.0,1.0,0,1.5707963263668405,1.5707963275271573,1.0,1.8323202157495544e-19,5.362056379965924e-19,1.0,-0.5,0.0,5.362056379965924e-19,5.362056379965924e-19,9.959036956506312e-11
0.35000000000000003,7,19,0.35644012057516583,1.027457210099993,0.6474159599394158,0.35644012057516583,1.0,0.0,0.0,0.35000000000000003,1.0,0.0,0.0,1.0,0,1.570796326406387,1.5707963274422834,1.0,1.509398103923423e-19,4.1910960354928696e-19,1.0,-0.5,0.0,4.1910960354928696e-19,4.1910960354928696e-19,9.978689562046378e-11
0.35000000000000003,7,20,0.3619402621567368,0.948272258666639,0.6660296577411122,0.3619402621567368,1.0,0.0,0.0,0.35000000000000003,1.0,0.0,0.0,1.0,0,1.5707963261948983,1.57079632767283,1.0,3.599980014264416e-19,7.707671293565667e-19,1.0,-0.5,0.0,7.707671293565667e-19,7.707671293565667e-19,9.961339077113006e-11
0.35000000000000003,7,21,0.37086120151945345,0.9929676770692187,0.6510580242756192,0.37086120151945345,1.0,0.0,0.0,0.35000000000000003,1.0,0.0,0.0,1.0,0,1.570796326047628,1.5707963279622041,1.0,5.584102567620592e-19,1.3626068525393415e-18,1.0,-0.5,0.0,1.3626068525393415e-18,1.3626068525393415e-18,9.98859078760735e-11
0.35000000000000003,7,22,0.37330087539003826,0.9604134369606492,0.6778037702682647,0.37330087539003826,1.0,0.0,0.0,0.35000000000000003,1.0,0.0,0.0,1.0,0,1.5707963260566804,1.5707963278636659,1.0,5.44963181719272e-19,1.1422676756619933e-18,1.0,-0.5,0.0,1.1422676756619933e-18,1.1422676756619933e-18,9.973313205524284e-11
0.35000000000000003,7,23,0.36262334422404596,1.0140776284716038,0.6139677737487,0.36262334422404596,1.0,0.0,0.0,0.35000000000000003,1.0,0.0,0.0,1.0,0,1.570796326004002,1.5707963281344925,1.0,6.255141453501604e-19,1.7945172515433775e-18,1.0,-0.5,0.0,1.7945172515433775e-18,1.7945172515433775e-18,9.980631567899091e-11
0.35000000000000003,7,24,0.33852437517075895,0.9639409181574076,0.6595179154420852,0.33852437517075895,1.0,0.0,0.0,0.35000000000000003,1.0,0.0,0.0,1.0,0,1.5707963264792442,1.5707963272829168,1.0,9.963647193391281e-20,2.381637445114572e-19,1.0,-0.5,0.0,2.381637445114572e-19,2.381637445114572e-19,9.959058269856215e-11
0.35000000000000003,7,25,0.3626674476549977,0.9749090481626477,0.6753154562261034,0.3626674476549977,1.0,0.0,0.0,0.35000000000000003,1.0,0.0,0.0,1.0,0,1.5707963272691865,1.5707963260858397,1.0,2.249508897228809e-19,5.027616512704359e-19,1.0,-0.5,0.0,5.027616512704359e-19,5.027616512704359e-19,9.935143951211303e-11
0.35000000000000003,7,26,0.337062403943964,0.9611316025108326,0.6828556474865473,0.337062403943964,1.0,0.0,0.0,0.35000000000000003,1.0,0.0,0.0,1.0,0,1.570796326518961,1.5707963272073227,1.0,7.614043211716652e-20,1.7009523190807244e-19,1.0,-0.5,0.0,1.7009523190807244e-19,1.7009523190807244e-19,9.921326572105363e-11
0.35000000000000003,7,27,0.34527789175859247,1.0345635192112663,0.6452197143328307,0.34527789175859247,1.0,0.0,0.0,0.35000000000000003,1.0,0.0,0.0,1.0,0,1.5707963270916399,1.5707963262869309,1.0,8.80565477374611e-20,2.5802918362614055e-19,1.0,-0.5,0.0,2.5802918362614055e-19,2.5802918362614055e-19,9.980257677468571e-11
0.35000000000000003,7,28,0.3492193757060508,1.0309270080752007,0.6299760619829204,0.3492193757060508,1.0,0.0,0.0,0.35000000000000003,1.0,0.0,0.0,1.0,0,1.5707963271624075,1.5707963261601572,1.0,1.350642243975936e-19,4.0289414832094257e-19,1.0,-0.5,0.0,4.0289414832094257e-19,4.0289414832094257e-19,9.973086118714731e-11
0.35000000000000003,7,29,0.38585874139366616,0.971128152101194,0.6000820134603018,0.38524430132866017,0.9194596594982161,0.01183091893275795,0.031618038011493654,0.35000000000000003,1.0,0.0,0.0,1.0,0,1.6797819798940226,1.3920310954750503,0.9194596587193019,0.011830919044870098,0.031618038330909336,0.8878416203883925,-0.38784162038839254,0.0,7.789141553971035e-10,0.08054034128069809,9.959719160512748e-11
0.35000000000000003,7,30,0.35405442171151547,0.9967735594231034,0.6827296769874737,0.35405442171151547,1.0,0.0,0.0,0.35000000000000003,1.0,0.0,0.0,1.0,0,1.5707963264661458,1.5707963273003276,1.0,1.080771316257496e-19,2.5546046455539473e-19,1.0,-0.5,0.0,2.5546046455539473e-19,2.5546046455539473e-19,9.945391039936481e-11
0.35000000000000003,7,31,0.3590296657510098,1.0358913328515404,0.6212433341838959,0.3590296657510098,1.0,0.0,0.0,0.35000000000000003,1.0,0.0,0.0,1.0,0,1.5707963262708748,1.5707963277026122,1.0,2.7459882187073865e-19,8.239476452777858e-19,1.0,-0.5,0.0,8.239476452777858e-19,8.239476452777858e-19,9.975215852181821e-11
0.35000000000000003,7,32,0.33860219466780506,0.9946494537793913,0.6451490294403014,0.33860219466780506,1.0,0.0,0.0,0.35000000000000003,1.0,0.0,0.0,1.0,0,1.5707963264924343,1.5707963272913636,1.0,9.148346631884641e-20,2.464795103170057e-19,1.0,-0.5,0.0,2.464795103170057e-19,2.464795103170057e-19,9.955196890579196e-11
0.35000000000000003,7,33,0.3436632026757784,0.9548181572787886,0.6713285903826343,0.3436632026757784,1.0,0.0,0.0,0.35000000000000003,1.0,0.0,0.0,1.0,0,1.5707963271369119,1.5707963262838671,1.0,1.169744269462125e-19,2.6115115213754645e-19,1.0,-0.5,0.0,2.6115115213754645e-19,2.6115115213754645e-19,9.981725189713121e-11
0.35000000000000003,7,34,0.39038399732615464,0.9436743981060307,0.6871484856091791,0.39038399732615464,1.0,0.0,0.0,0.35000000000000003,1.0,0.0,0.0,1.0,0,1.5707963293587213,1.5707963232538769,1.0,6.573196819837771e-18,1.253882094718673e-17,1.0,-0.5,0.0,1.253882094718673e-17,1.253882094718673e-17,9.994560652804414e-11
0.35000000000000003,7,35,0.36088521259590234,0.9425092054156001,0.6750457871997045,0.36088521259590234,1.0,0.0,0.0,0.35000000000000003,1.0,0.0,0.0,1.0,0,1.5707963262449824,1.5707963275851327,1.0,3.024056003910305e-19,6.244729950389137e-19,1.0,-0.5,0.0,6.244729950389137e-19,6.244729950389137e-19,9.961022700381329e-11
0.35000000000000003,7,36,0.38646552541015633,1.0451369031191153,0.6279778628426167,0.38646552541015633,1.0,0.0,0.0,0.35000000000000003,1.0,0.0,0.0,1.0,0,1.5707963240689908,1.570796331363675,1.0,7.430562346508847e-18,2.0873736117925804e-17,1.0,-0.5,0.0,2.0873736117925804e-17,2.0873736117925804e-17,9.989548128574986e-11
0.35000000000000003,7,37,0.3317044177176696,0.9695826369211006,0.6548025247822182,0.3317044177176696,1.0,0.0,0.0,0.35000000000000003,1.0,0.0,0.0,1.0,0,1.5707963265183877,1.570796327232154,1.0,7.645715910205587e-20,1.9119392909961047e-19,1.0,-0.5,0.0,1.9119392909961047e-19,1.9119392909961047e-19,9.911556694548512e-11
0.35000000000000003,7,38,0.3669031230077523,1.0077892913328936,0.6507040571641102,0.3669031230077523,1.0,0.0,0.0,0.35000000000000003,1.0,0.0,0.0,1.0,0,1.5707963262205187,1.570796327713175,1.0,3.2991001775767257e-19,8.432350013971099e-19,1.0,-0.5,0.0,8.432350013971099e-19,8.432350013971099e-19,9.973434812205513e-11
0.35000000000000003,7,39,0.33296744136523093,0.9765083747915974,0.6492852562010563,0.33296744136523093,1.0,0.0,0.0,0.35000000000000003,1.0,0.0,0.0,1.0,0,1.5707963265093399,1.5707963272533798,1.0,8.154265783487165e-20,2.102068356336045e-19,1.0,-0.5,0.0,2.102068356336045e-19,2.102068356336045e-19,9.989060043408044e-11
0.35000000000000003,7,40,0.3344849683545744,0.9959290249543709,0.614557247434452,0.3344849683545744,1.0,0.0,0.0,0.35000000000000003,1.0,0.0,0.0,1.0,0,1.5707963264587994,1.5707963273733787,1.0,1.1296133547274206e-19,3.3464152826311746e-19,1.0,-0.5,0.0,3.3464152826311746e-19,3.3464152826311746e-19,9.919466441508254e-11
0.35000000000000003,7,41,0.31833630129267987,1.023936498343454,0.6372088036305812,0.31833630129267987,1.0,0.0,0.0,0.35000000000000003,1.0,0.0,0.0,1.0,0,1.5707963269954448,1.5707963264384335,1.0,4.021957388320735e-20,1.2706597196598196e-19,1.0,-0.5,0.0,1.2706597196598196e-19,1.2706597196598196e-19,9.964905458701089e-11
0.35000000000000003,7,42,0.36603271513652524,0.9875918058298387,0.6398320694067295,0.36603271513652524,1.0,0.0,0.0,0.35000000000000003,1.0,0.0,0.0,1.0,0,1.5707963275389654,1.5707963256176791,1.0,5.536382977861584e-19,1.3858410325990492e-18,1.0,-0.5,0.0,1.3858410325990492e-18,1.3858410325990492e-18,9.99357742061902e-11
0.35000000000000003,7,43,0.3523355087832408,1.014958929709728,0.6644949021566,0.3523355087832408,1.0,0.0,0.0,0.35000000000000003,1.0,0.0,0.0,1.0,0,1.5707963264673226,1.5707963273236645,1.0,1.073047445953497e-19,2.7959544670987533e-19,1.0,-0.5,0.0,2.7959544670987533e-19,2.7959544670987533e-19,9.928778254699479e-11
0.35000000000000003,7,44,0.4115597096658766,0.9248895609608729,0.633331147332967,0.40836088605797805,0.828279518354918,0.02900466307281313,0.06418174447534841,0.35000000000000003,1.0,0.0,0.0,1.0,2,1.399654551806338,1.8269288653263291,0.8282795178935094,0.02900466314741872,0.0641817446662364,0.764097773227273,-0.264097773227273,5.551115123125783e-17,4.614085780119126e-10,0.1717204821064906,9.938261325004305e-11
0.35000000000000003,7,45,0.3483539721304001,1.015616898634216,0.6847607731150479,0.3483539721304001,1.0,0.0,0.0,0.35000000000000003,1.0,0.0,0.0,1.0,0,1.5707963270652794,1.570796326367174,1.0,7.310684015329923e-20,1.829466099739907e-19,1.0,-0.5,0.0,1.829466099739907e-19,1.829466099739907e-19,9.939975219005209e-11
0.35000000000000003,7,46,0.35397960003174145,0.9748576338206824,0.6179851074394651,0.35397960003174145,1.0,0.0,0.0,0.35000000000000003,1.0,0.0,0.0,1.0,0,1.5707963261283482,1.5707963278773402,1.0,4.4428681391446e-19,1.1716842099723465e-18,1.0,-0.5,0.0,1.1716842099723465e-18,1.1716842099723465e-18,9.965306339926558e-11
0.35000000000000003,7,47,0.34689135259592974,1.0346637678656911,0.664090063054469,0.34689135259592974,1.0,0.0,0.0,0.35000000000000003,1.0,0.0,0.0,1.0,0,1.570796326521597,1.5707963272507182,1.0,7.469270765513078e-20,2.0777327765236244e-19,1.0,-0.5,0.0,2.0777327765236244e-19,2.0777327765236244e-19,9.956142841205867e-11
0.35000000000000003,7,48,0.3348182891664013,1.013339476589234,0.6492600122190595,0.3348182891664013,1.0,0.0,0.0,0.35000000000000003,1.0,0.0,0.0,1.0,0,1.570796327052234,1.5707963263620695,1.0,6.622254949373129e-20,1.8733935798269505e-19,1.0,-0.5,0.0,1.8733935798269505e-19,1.8733935798269505e-19,9.98752897353985e-11
0.35000000000000003,7,49,0.3201374950207715,1.0302638706857326,0.6500055862171793,0.3201374950207715,1.0,0.0,0.0,0.35000000000000003,1.0,0.0,0.0,1.0,0,1.5707963269858851,1.5707963264593372,1.0,3.64766060128499e-20,1.1260012388777875e-19,1.0,-0.5,0.0,1.1260012388777875e-19,1.1260012388777875e-19,9.909553220244618e-11
0.3819660112501051,8,0,0.35533319897429944,0.9975733445409529,0.6335502652133863,0.35533319897429944,1.0,0.0,0.0,0.3819660112501051,1.0,0.0,0.0,1.0,0,1.5707963272936494,1.5707963259790452,1.0,2.48754311210595e-19,6.656135846832241e-19,1.0,-0.5,0.0,6.656135846832241e-19,6.656135846832241e-19,9.952076823796157e-11
0.3819660112501051,8,1,0.3604277090140945,1.036878355411194,0.6170536060814531,0.3604277090140945,1.0,0.0,0.0,0.3819660112501051,1.0,0.0,0.0,1.0,0,1.5707963273742744,1.5707963257869932,1.0,3.356786557286496e-19,1.015869218569037e-18,1.0,-0.5,0.0,1.015869218569037e-18,1.015869218569037e-18,9.966057783769874e-11
0.3819660112501051,8,2,0.3960958873806608,0.9960144459061036,0.6440808030875165,0.3960309979490467,0.9739546751672672,0.004028012343850029,0.00968760147399439,0.3819660112501051,1.0,0.0,0.0,1.0,2,1.6343056371460032,1.472211095382382,0.9739546737800507,0.0040280125575505666,0.0096876019966336,0.9642670717834171,-0.4642670717834171,0.0,1.387216452819473e-09,0.02604532621994926,9.994258198808836e-11
0.3819660112501051,8,3,0.403432023479012,0.9798173866688951,0.6581043284639498,0.4031869867056497,0.9503379871841462,0.008066222201302486,0.018062158650668125,0.3819660112501051,1.0,0.0,0.0,1.0,1,1.6607296566141672,1.435992894429912,0.9503379881524597,0.008066222045058058,0.01806215828969542,0.9322758298627644,-0.43227582986276436,-1.6653345369377348e-16,9.683135404614518e-10,0.049662011847540266,9.976119930144023e-11
0.3819660112501051,8,4,0.399714119967949,0.9994061770974256,0.6065423514683992,0.3983963153984833,0.8848616667216127,0.01657171850181638,0.046398631666056955,0.3819660112501051,1.0,0.0,0.0,1.0,0,1.6998857408240624,1.3536914025083957,0.8848616673367025,0.016571718416492194,0.046398631401299496,0.838463035935403,-0.33846303593540294,-1.1102230246251565e-16,6.150897569057179e-10,0.11513833266329754,9.970108072465678e-11
0.3819660112501051,8,5,0.3684958353350949,0.9963723344720985,0.6076703221849027,0.3684958353350949,1.0,0.0,0.0,0.3819660112501051,1.0,0.0,0.0,1.0,0,1.5707963250133996,1.57079632974858,1.0,3.1737316008860287e-18,8.724245974542104e-18,1.0,-0.5,0.0,8.724245974542104e-18,8.724245974542104e-18,9.994299255819816e-11
0.3819660112501051,8,6,0.39728437519298665,0.9768575979763306,0.6676170665366958,0.3972830829001016,0.9963306194403301,0.000605061528234363,0.001296306464271757,0.3819660112501051,1.0,0.0,0.0,1.0,2,1.5953890403132902,1.5347956812895545,0.9963329360821686,0.000604679639721412,0.00129548666139197,0.9950374494207765,-0.49503744942077654,5.15865128392079e-13,2.3166418384734655e-06,0.003667063917831448,6.18421672690661e-08
0.3819660112501051,8,7,0.4035028928289145,0.9722263074388694,0.6059013165649915,0.40110920460085575,0.847564079540251,0.022773146287366486,0.061023129862750325,0.3819660112501051,1.0,0.0,0.0,1.0,2,1.7222827925866662,1.3211837084975333,0.8475640790312804,0.022773146359462444,0.06102313008601678,0.7865409489452636,-0.2865409489452636,0.0,5.089706434091568e-10,0.1524359209687196,9.89927029237947e-11
0.3819660112501051,8,8,0.36843196076088713,1.044712618934042,0.6082135506513198,0.36843196076088713,1.0,0.0,0.0,0.3819660112501051,1.0,0.0,0.0,1.0,0,1.5707963258389472,1.570796328472262,1.0,9.138392189108677e-19,2.813554337867117e-18,1.0,-0.5,0.0,2.813554337867117e-18,2.813554337867117e-18,9.999802562614373e-11
0.3819660112501051,8,9,0.39778832240910655,0.9852753815835156,0.6439747368659152,0.3976050029334899,0.9565519203848551,0.006820879055267237,0.016117674216522437,0.3819660112501051,1.0,0.0,0.0,1.0,1,1.488113535266498,1.698095266013653,0.9565519193302119,0.0068208792197246276,0.016117674616365704,0.9404342447138462,-0.4404342447138462,-1.1102230246251565e-16,1.0546432616109769e-09,0.043448080669788114,9.976763859498305e-11
0.3819660112501051,8,10,0.3754770728180322,1.0227265135953898,0.6104375220515201,0.3754770728180322,1.0,0.0,0.0,0.3819660112501051,1.0,0.0,0.0,1.0,0,1.5707963244781447,1.5707963307097892,1.0,5.367339656510057e-18,1.5326383842962887e-17,1.0,-0.5,0.0,1.5326383842962887e-17,1.5326383842962887e-17,9.991534362209623e-11
0.3819660112501051,8,11,0.4106831935615272,0.9962871429279287,0.6049835171056166,0.40764163628287564,0.8299073628353631,0.02459082535803858,0.06994092536216467,0.3819660112501051,1.0,0.0,0.0,1.0,0,1.413331787522415,1.8384438658957334,0.829907362367063,0.024590825421107142,0.06994092557620106,0.759966436790862,-0.25996643679086195,0.0,4.683001764149708e-10,0.17009263763293703,9.893491581536296e-11
0.3819660112501051,8,12,0.34281142576002055,1.0011539171713886,0.6468495957896212,0.34281142576002055,1.0,0.0,0.0,0.3819660112501051,1.0,0.0,0.0,1.0,0,1.570796327112281,1.5707963262736269,1.0,1.0073278106325183e-19,2.717221577991689e-19,1.0,-0.5,0.0,2.717221577991689e-19,2.717221577991689e-19,9.936589004829839e-11
0.3819660112501051,8,13,0.39802266503340766,1.0096730728830514,0.5922304565708842,0.39637255345492495,0.8707618898577857,0.017805182601991654,0.053715866281858704,0.3819660112501051,1.0,0.0,0.0,1.0,0,1.4369610823583858,1.8046899095605418,0.8707618892802357,0.017805182677719467,0.05371586654090924,0.8170460227393265,-0.31704602273932647,0.0,5.775500078186724e-10,0.12923811071976432,9.923878385720286e-11
0.3819660112501051,8,14,0.3718906286892585,0.9889122125677042,0.6040494481021328,0.3718906286892585,1.0,0.0,0.0,0.3819660112501051,1.0,0.0,0.0,1.0,0,1.5707967279707027,1.570795667509553,0.9999999999988753,1.6094202737542884e-13,4.346571644344332e-13,0.9999999999984407,-0.4999999999984407,3.4416913763379853e-15,1.1246559239452836e-12,1.1246559239452836e-12,7.730768637364404e-09
0.3819660112501051,8,15,0.3896467796827796,0.9924572689891741,0.6243216504888646,0.3895356372528751,0.9655959873774671,0.005147119336144146,0.013111789877397917,0.3819660112501051,1.0,0.0,0.0,1.0,3,1.498991210077658,1.6855547724543287,0.9655959861560232,0.00514711951772488,0.01311179035106487,0.9524841958049582,-0.45248419580495824,0.0,1.2214439459867776e-09,0.034404013843976844,9.994693961346002e-11
0.3819660112501051,8,16,0.3838358128644488,0.965690203400368,0.6573506466447658,0.3838358128644488,1.0,0.0,0.0,0.3819660112501051,1.0,0.0,0.0,1.0,0,1.570796329201422,1.5707963232349134,1.0,5.791364318668696e-18,1.2673480799757073e-17,1.0,-0.5,0.0,1.2673480799757073e-17,1.2673480799757073e-17,9.99952212194105e-11
0.3819660112501051,8,17,0.39061764435268903,1.042074844244399,0.6201865532988153,0.3906085655501267,0.9900548056436986,0.0013854169480714829,0.003921370797568269,0.3819660112501051,1.0,0.0,0.0,1.0,1,1.6080261385227075,1.5081344402918941,0.9900547936649923,0.0013854186132174968,0.003921375544345364,0.9861334181206469,-0.4861334181206469,-1.6653345369377348e-16,1.197870636016063e-08,0.009945206335007728,5.174884409875347e-10
0.3819660112501051,8,18,0.38342294015566997,0.9619607303430415,0.6416244718505284,0.38342294015566997,1.0,0.0,0.0,0.3819660112501051,1.0,0.0,0.0,1.0,5,1.570775228202187,1.5708280058228916,0.9999999972145228,4.4515061426215056e-10,1.0035608143720394e-09,0.999999996210962,-0.499999996210962,4.110767282128336e-12,2.785477182243312e-09,2.785477182243312e-09,1.7977825001198725e-07
0.3819660112501051,8,19,0.41346440692875475,0.9848672323376513,0.6003718029465014,0.40925575235623146,0.8021861791486573,0.02879668753401382,0.081981541029097,0.3819660112501051,1.0,0.0,0.0,1.0,2,1.4002752738490913,1.8611845218045195,0.8021861787234051,0.02879668759038395,0.08198154122948884,0.7202046374939163,-0.22020463749391628,-1.6653345369377348e-16,4.2525216681355005e-10,0.19781382127659486,9.988015969852881e-11
0.3819660112501051,8,20,0.37973386309150414,0.9866963672652348,0.5782227048204942,0.379084475867542,0.91603301211219,0.011525125440062012,0.03435341070014697,0.3819660112501051,1.0,0.0,0.0,1.0,3,1.6783587537567835,1.3843716324199626,0.916033012892774,0.011525125335709076,0.03435341036558802,0.8816796025271859,-0.3816796025271859,0.0,7.805839308261397e-10,0.08396698710722605,9.984826854214646e-11
0.3819660112501051,8,21,0.37167788604482077,1.0239550348475195,0.63240875272742,0.37167788604482077,1.0,0.0,0.0,0.3819660112501051,1.0,0.0,0.0,1.0,0,1.5707963259677948,1.5707963281653776,1.0,6.840973572561815e-19,1.8782181733789946e-18,1.0,-0.5,0.0,1.8782181733789946e-18,1.8782181733789946e-18,9.982251467145555e-11
0.3819660112501051,8,22,0.39442465164345103,0.936904787327014,0.6158803593145088,0.3930453448643526,0.8826143874584677,0.01871227941998488,0.044471053461825394,0.3819660112501051,1.0,0.0,0.0,1.0,5,1.433573241999365,1.7832730917163007,0.8826143868470326,0.018712279514871602,0.04447105370905751,0.8381433331379752,-0.3381433331379752,-1.6653345369377348e-16,6.114350137309543e-10,0.11738561315296736,9.961492741794586e-11
0.3819660112501051,8,23,0.3866092320966081,0.9954297407580094,0.6622766113662847,0.3866092320966081,1.0,0.0,0.0,0.3819660112501051,1.0,0.0,0.0,1.0,0,1.5707963283392732,1.5707963244478478,1.0,2.3850989756050545e-18,5.5086382516352034e-18,1.0,-0.5,0.0,5.5086382516352034e-18,5.5086382516352034e-18,9.986912881417708e-11
0.3819660112501051,8,24,0.3484120678450406,1.0084718730400448,0.6177953545133731,0.3484120678450406,1.0,0.0,0.0,0.3819660112501051,1.0,0.0,0.0,1.0,0,1.5707963263469298,1.570796327559619,1.0,2.006742861721644e-19,5.8480041988712e-19,1.0,-0.5,0.0,5.8480041988712e-19,5.8480041988712e-19,9.985278862472408e-11
0.3819660112501051,8,25,0.35451511778962774,0.9493902906935365,0.6173552987312176,0.35451511778962774,1.0,0.0,0.0,0.3819660112501051,1.0,0.0,0.0,1.0,0,1.570796327642757,1.5707963254616244,1.0,7.188672363252351e-19,1.7776148141575476e-18,1.0,-0.5,0.0,1.7776148141575476e-18,1.7776148141575476e-18,9.971637326653138e-11
0.3819660112501051,8,26,0.3813826458321388,0.9777034922504977,0.5856554193704375,0.3807428416409848,0.9170567957266742,0.011711180704145563,0.03336984784771768,0.3819660112501051,1.0,0.0,0.0,1.0,0,1.4623657693864809,1.7545020197372023,0.9170567949458399,0.011711180811781689,0.03336984817651264,0.8836869467693272,-0.38368694676932724,5.551115123125783e-17,7.808342861181927e-10,0.08294320505416009,9.995432259657377e-11
0.3819660112501051,8,27,0.3644855178219458,1.0196129188708765,0.6352566036491561,0.3644855178219458,1.0,0.0,0.0,0.3819660112501051,1.0,0.0,0.0,1.0,0,1.570796327386361,1.570796325814399,1.0,3.4983010305430604e-19,9.61375391104926e-19,1.0,-0.5,0.0,9.61375391104926e-19,9.61375391104926e-19,9.982036186785501e-11
0.3819660112501051,8,28,0.41529346856392413,0.9790574453312173,0.6548380118578694,0.4139785504325991,0.8883442551500207,0.018177034771630185,0.0416265117658115,0.3819660112501051,1.0,0.0,0.0,1.0,0,1.706030383399873,1.3653278927127952,0.8883442545505567,0.018177034867059225,0.04162651200331002,0.8467177425472466,-0.34671774254724663,-2.220446049250313e-16,5.994640339679336e-10,0.11165574544944334,9.987388693843968e-11
0.3819660112501051,8,29,0.3892465447732221,1.0851878447980916,0.6027271640634311,0.38923804047519917,0.9902664592610873,0.0012416585750072429,0.004036337094249942,0.3819660112501051,1.0,0.0,0.0,1.0,1,1.535551824601624,1.6343713724131634,0.9902664426589127,0.0012416606871733017,0.004036344013204895,0.9862300986457079,-0.4862300986457079,2.220446049250313e-16,1.660217452403856e-08,0.009733557341087273,7.000507673549095e-10
0.3819660112501051,8,30,0.3895960763617978,0.996291559312023,0.624869502836094,0.38951173483324875,0.9699855397188015,0.004471966600097188,0.011448457352218111,0.3819660112501051,1.0,0.0,0.0,1.0,0,1.6377190352106419,1.4635936418452349,0.9699855384075997,0.004471966794385423,0.011448457859958539,0.9585370805476412,-0.4585370805476412,1.1102230246251565e-16,1.3112018137917403e-09,0.030014461592400288,9.988584959153002e-11
0.3819660112501051,8,31,0.3938739027243726,1.0560616773628517,0.5867471638175958,0.393103842486613,0.9096765698699398,0.011563101234741802,0.0385082962523966,0.3819660112501051,1.0,0.0,0.0,1.0,1,1.678536508135484,1.3732792312881696,0.9096765691415509,0.011563101324849057,0.03850829657917206,0.8711682725623788,-0.37116827256237883,-1.1102230246251565e-16,7.283889047471348e-10,0.09032343085844907,9.963194158579824e-11
0.3819660112501051,8,32,0.3715190019255121,0.9940314884478896,0.6144853381981469,0.3715190019255121,1.0,0.0,0.0,0.3819660112501051,1.0,0.0,0.0,1.0,0,1.5707963287613447,1.5707963235822908,1.0,3.8669179499503635e-18,1.0320836014776818e-17,1.0,-0.5,0.0,1.0320836014776818e-17,1.0320836014776818e-17,9.996448447973458e-11
0.3819660112501051,8,33,0.3778922899736321,0.9720905343394313,0.5936418107927104,0.3776477668713042,0.9482173122291422,0.007476083134579203,0.020309091260321988,0.3819660112501051,1.0,0.0,0.0,1.0,0,1.65736877350945,1.4277995191918194,0.9482173112141584,0.007476083279368035,0.020309091669333975,0.9279082195448245,-0.4279082195448245,-5.551115123125783e-17,1.0149837637030146e-09,0.05178268878584158,9.976755532825621e-11
0.3819660112501051,8,34,0.38647692720186416,0.9517947799327277,0.6371667253258966,0.38641458607385015,0.9742469326304756,0.004153998476527088,0.009317610153196376,0.3819660112501051,1.0,0.0,0.0,1.0,3,1.6352925544771766,1.474118021866499,0.9742469312021952,0.0041539987062209575,0.009317610676412564,0.9649293205257826,-0.4649293205257826,0.0,1.4282803828535862e-09,0.025753068797804812,9.983190663032104e-11
0.3819660112501051,8,35,0.3875964503854177,1.003807858467832,0.6333417057156797,0.3875964503854177,1.0,0.0,0.0,0.3819660112501051,1.0,0.0,0.0,1.0,3,1.569334192072362,1.5731156199494714,0.9999857008713657,2.137836423391396e-06,5.3791110918841825e-06,0.9999803217602738,-0.49998032176027385,1.0500893876663753e-08,1.4299128634265301e-05,1.4299128634265301e-05,6.491528575716145e-06
0.3819660112501051,8,36,0.37488784559378263,1.0065635463853995,0.6187266069221401,0.37488784559378263,1.0,0.0,0.0,0.3819660112501051,1.0,0.0,0.0,1.0,0,1.5707963248578283,1.5707963299777599,1.0,3.75223377236899e-18,1.0130618436486151e-17,1.0,-0.5,0.0,1.0130618436486151e-17,1.0130618436486151e-17,9.98441051965645e-11
0.3819660112501051,8,37,0.37688255108245294,0.9901487398291737,0.6604703310296708,0.37688255108245294,1.0,0.0,0.0,0.3819660112501051,1.0,0.0,0.0,1.0,0,1.5707963276763466,1.5707963254472996,1.0,7.769540370071152e-19,1.8160176317514563e-18,1.0,-0.5,0.0,1.8160176317514563e-18,1.8160176317514563e-18,9.991785270983473e-11
0.3819660112501051,8,38,0.39856839682430145,0.9975213512303907,0.6085344774683626,0.3974365020921601,0.8929877580565507,0.015496115800720911,0.04282764177290305,0.3819660112501051,1.0,0.0,0.0,1.0,0,1.4459891671460228,1.779251131676807,0.8929877586977806,0.015496115710822095,0.042827641500284334,0.8501601171974963,-0.3501601171974963,0.0,6.412298469982147e-10,0.10701224130221942,9.938361245076521e-11
0.3819660112501051,8,39,0.39990703565574204,0.9934990013226601,0.6150296907648847,0.3988442318980303,0.8965750474792079,0.015257112382475069,0.040875484354897296,0.3819660112501051,1.0,0.0,0.0,1.0,3,1.446960373684853,1.774376506694541,0.8965750468249101,0.015257112476236153,0.04087548462887901,0.855699562196031,-0.35569956219603105,-1.1102230246251565e-16,6.542978381318676e-10,0.10342495317508993,9.993564309418446e-11
0.3819660112501051,8,40,0.3529091875425956,1.0339833849900106,0.6250062374339885,0.3529091875425956,1.0,0.0,0.0,0.3819660112501051,1.0,0.0,0.0,1.0,0,1.5707963263775144,1.5707963275191306,1.0,1.7420789260535136e-19,5.245148068982507e-19,1.0,-0.5,0.0,5.245148068982507e-19,5.245148068982507e-19,9.95278204595809e-11
0.3819660112501051,8,41,0.3817709881428095,0.9738919147413719,0.6029679846510843,0.3815275931634602,0.9486804363377852,0.007538300880868765,0.01991388527736654,0.3819660112501051,1.0,0.0,0.0,1.0,7,1.4838634817491745,1.7123855052507175,0.9486804353271943,0.007538301027666702,0.01991388568012236,0.928766549647072,-0.42876654964707195,5.551115123125783e-17,1.0105909442614802e-09,0.05131956467280574,9.999662209381199e-11
0.3819660112501051,8,42,0.4022447227167951,0.9523129886727937,0.6315963575538168,0.4009320736515174,0.8865958346376719,0.01827194527401632,0.04259519050624838,0.3819660112501051,1.0,0.0,0.0,1.0,1,1.4352074969517241,1.7786763433733754,0.8865958340276839,0.0182719453699552,0.042595190750075944,0.844000643277608,-0.34400064327760804,5.551115123125783e-17,6.099879490406579e-10,0.11340416597231606,9.932654698729948e-11
0.3819660112501051,8,43,0.3590599643884516,1.035353495552095,0.6610558139621725,0.3590599643884516,1.0,0.0,0.0,0.3819660112501051,1.0,0.0,0.0,1.0,0,1.5707963271529248,1.5707963262045432,1.0,1.2818420091906392e-19,3.4851711683795727e-19,1.0,-0.5,0.0,3.4851711683795727e-19,3.4851711683795727e-19,9.94613484713662e-11
0.3819660112501051,8,44,0.38025625460471646,0.9964247419177128,0.5892269595202211,0.3799755180652594,0.9445099078649706,0.007691998616570883,0.022326236290755197,0.3819660112501051,1.0,0.0,0.0,1.0,0,1.6586131950063332,1.4208150025906914,0.9445099068885727,0.007691998749917402,0.022326236695372814,0.9221836701931999,-0.4221836701931999,-1.1102230246251565e-16,9.763978514598648e-10,0.055490093111427274,9.984860160905384e-11
0.3819660112501051,8,45,0.37900711422238353,0.9652722976112129,0.6761142811775065,0.37900711422238353,1.0,0.0,0.0,0.3819660112501051,1.0,0.0,0.0,1.0,0,1.570796327747275,1.5707963254122748,1.0,9.070244970428172e-19,1.9116431968669713e-18,1.0,-0.5,0.0,1.9116431968669713e-18,1.9116431968669713e-18,9.965739484064089e-11
0.3819660112501051,8,46,0.3733610716162971,0.9846677887783599,0.6070827693813324,0.3733610716162971,1.0,0.0,0.0,0.3819660112501051,1.0,0.0,0.0,1.0,6,1.5707856105023295,1.5708137539706024,0.9999999992079451,1.1483892638067154e-10,3.03706453049795e-10,0.9999999989042386,-0.49999999890423863,1.7307266730881565e-12,7.920548661388693e-10,7.920548661388693e-10,1.4412523996649995e-07
0.3819660112501051,8,47,0.38529704771045337,1.0110317989749769,0.6066534139564099,0.38519245231936505,0.9662385072651416,0.004760362764823556,0.013336659400451256,0.3819660112501051,1.0,0.0,0.0,1.0,0,1.6398465683707026,1.4550536203253694,0.9662385060135531,0.004760362939932023,0.01333665990352766,0.9529018461100255,-0.4529018461100255,5.551115123125783e-17,1.251588499506795e-09,0.0337614939864469,9.98824356557293e-11
0.3819660112501051,8,48,0.40273609196354476,1.0430916017638145,0.5696064796840621,0.3995364587090118,0.821459608470478,0.02236359068002003,0.07966509209878508,0.3819660112501051,1.0,0.0,0.0,1.0,3,1.420688637989443,1.856935044882523,0.8214596079940142,0.022363590733915167,0.07966509233696992,0.7417945156570442,-0.24179451565704424,0.0,4.764638683596445e-10,0.17854039200598582,9.907780151863221e-11
0.3819660112501051,8,49,0.3706465530053442,0.9443726569529671,0.6285207074882923,0.3706465530053442,1.0,0.0,0.0,0.3819660112501051,1.0,0.0,0.0,1.0,0,1.5707963293542326,1.5707963229224369,1.0,6.550200838544611e-18,1.499594449586623e-17,1.0,-0.5,0.0,1.499594449586623e-17,1.499594449586623e-17,9.999642229205155e-11
0.4,9,0,0.41651053174446356,0.9290930188816233,0.6283631227818258,0.4121815319027927,0.8025857760122778,0.03292637668992077,0.07528200674202923,0.3983333333333332,0.8708333333333331,0.018333333333333313,0.05277777777777781,0.8180555555555553,7,1.3883292269132368,1.8487367200032003,0.802585775598286,0.032926376754754384,0.07528200692058121,0.7273037686777049,-0.22730376867770485,-5.551115123125783e-17,4.139917297862894e-10,0.06824755773504709,9.904976838726043e-11
0.4,9,1,0.420021141985787,0.9813294088657645,0.6069580489743909,0.41491411582136195,0.785229541279648,0.03191313895810999,0.08861206383897002,0.3983333333333332,0.8708333333333331,0.018333333333333313,0.05277777777777781,0.8180555555555553,2,1.391189753318088,1.873055567355013,0.7852295408854418,0.03191313901077486,0.08861206402661646,0.6966174768588254,-0.19661747685882536,0.0,3.942061121975371e-10,0.08560379244789129,9.974504555643193e-11
0.4,9,2,0.3639748104144007,1.0216874171514303,0.5960525300383746,0.3639748104144007,1.0,0.0,0.0,0.3983333333333332,0.8708333333333331,0.018333333333333313,0.05277777777777781,0.8180555555555553,0,1.5707963280276183,1.5707963246461414,1.0,1.5196026448329239e-18,4.617149060044434e-18,1.0,-0.5,0.0,4.617149060044434e-18,0.12916666666666687,9.999717860572454e-11
0.4,9,3,0.38617190288249553,1.0126646640166062,0.5792571591322163,0.38529660446244673,0.9033108747447819,0.012866757771022808,0.04045459561990161,0.3983333333333332,0.8708333333333331,0.018333333333333313,0.05277777777777781,0.8180555555555553,2,1.4571199263591461,1.7733110308900417,0.9033108754569229,0.012866757679482298,0.04045459530517275,0.8628562801517502,-0.3628562801517502,-5.551115123125783e-17,7.121410128263506e-10,0.032477542123589775,9.985096083298117e-11
0.4,9,4,0.36295791134025396,0.9990322802079811,0.6497461468051373,0.36295791134025396,1.0,0.0,0.0,0.3983333333333332,0.8708333333333331,0.018333333333333313,0.05277777777777781,0.8180555555555553,0,1.5707963262600406,1.570796327645802,1.0,2.8607093918474867e-19,7.2403980395797605e-19,1.0,-0.5,0.0,7.2403980395797605e-19,0.12916666666666687,9.979881823491499e-11
0.4,9,5,0.42982151877363817,1.0039208236069412,0.5809890724987619,0.4202519150300963,0.7126122230132111,0.039066603685866896,0.12863593073898477,0.3983333333333332,0.8708333333333331,0.018333333333333313,0.05277777777777781,0.8180555555555553,0,1.3718334901333398,1.9376267263163647,0.7126122233286546,0.03906660365237455,0.12863593056348982,0.5839762927651648,-0.08397629276516483,-1.1102230246251565e-16,3.1544344913925215e-10,0.15822111000467853,9.879497220310896e-11
0.4,9,6,0.41027406684877676,1.012304184741287,0.6107917876753879,0.40804046774530445,0.8531414400034182,0.021021970690041303,0.060148206636280954,0.3983333333333332,0.8708333333333331,0.018333333333333313,0.05277777777777781,0.8180555555555553,0,1.7162987416995694,1.3230174120398943,0.8531414394866601,0.021021970759996532,0.06014820686745081,0.7929932326192093,-0.2929932326192093,-5.551115123125783e-17,5.16758080770785e-10,0.017691893846673024,9.938122547126227e-11
0.4,9,7,0.3643453568637587,1.0640924808330792,0.565865517303421,0.3643453568637587,1.0,0.0,0.0,0.3983333333333332,0.8708333333333331,0.018333333333333313,0.05277777777777781,0.8180555555555553,0,1.5707963239479987,1.5707963321901302,1.0,8.104827595075148e-18,2.9108544864678353e-17,1.0,-0.5,0.0,2.9108544864678353e-17,0.12916666666666687,9.998859870695018e-11
0.4,9,8,0.41006424275559766,0.9815719401646279,0.5984385095063212,0.4062659338607446,0.8108551113760526,0.027524453884854028,0.07811331370812474,0.3983333333333332,0.8708333333333331,0.018333333333333313,0.05277777777777781,0.8180555555555553,4,1.404120714306819,1.8540567188710038,0.8108551109364115,0.027524453943577887,0.078113313913057,0.7327417970233545,-0.2327417970233545,0.0,4.3964110130190193e-10,0.05997822239692163,9.941564238502565e-11
0.4,9,9,0.44949071159477105,0.9547567451874989,0.5813420734816974,0.4311138008208786,0.6239829790013498,0.05503251427756539,0.16874158577220605,0.3983333333333332,0.8708333333333331,0.018333333333333313,0.05277777777777781,0.8180555555555553,0,1.333999448622297,1.9941075755246414,0.6239829787624477,0.055032514298412195,0.16874158592268637,0.4552413928397613,0.04475860716023872,0.0,2.389021203086372e-10,0.24685035457088544,9.977735304644852e-11
0.4,9,10,0.3996011929769305,0.9882520844313114,0.6091820177835221,0.39823100863119865,0.8828720946717468,0.0172033317878032,0.04667412534486698,0.3983333333333332,0.8708333333333331,0.018333333333333313,0.05277777777777781,0.8180555555555553,3,1.4392558437127998,1.7885551860689526,0.8828720940642498,0.017203331873898043,0.04667412560369467,0.8361979684605552,-0.33619796846055516,-5.551115123125783e-17,6.074969416403064e-10,0.012038760730916698,9.963951885794131e-11
0.4,9,11,0.39122937717250483,1.023562263277862,0.5961711838897327,0.3906525950551514,0.9218599792638899,0.010636951576861509,0.032048357608351286,0.3983333333333332,0.8708333333333331,0.018333333333333313,0.05277777777777781,0.8180555555555553,0,1.4674770061040812,1.7507871569701945,0.9218599784735062,0.010636951681857994,0.032048357946762064,0.8898116205267441,-0.3898116205267441,5.551115123125783e-17,7.903836474199011e-10,0.05102664514017308,9.998141203837463e-11
0.4,9,12,0.38597212813172477,1.0277086243552231,0.6170971290958595,0.3859716924523857,0.9978067663330206,0.000308771603976854,0.0008568572454823453,0.3983333333333332,0.8708333333333331,0.018333333333333313,0.05277777777777781,0.8180555555555553,6,1.5532459741192821,1.6000351676145645,0.9978123684798017,0.000307983255948622,0.0008546662166505205,0.9969577022631512,-0.49695770226315117,2.8457236567192012e-12,5.602146781136241e-06,0.12697903514646858,1.1170767133528159e-07
0.4,9,13,0.3984353724507831,1.0257869621194171,0.5624388467634134,0.39504149090220286,0.815536644441548,0.023236219075161824,0.08226215866288378,0.3983333333333332,0.8708333333333331,0.018333333333333313,0.05277777777777781,0.8180555555555553,6,1.7238272299461777,1.2798970819033049,0.815536643968238,0.02323621912872407,0.08226215890049195,0.7332744850677461,-0.23327448506774606,-1.1102230246251565e-16,4.733100578135918e-10,0.05529668936509513,9.952377810762414e-11
0.4,9,14,0.39205711972908297,0.9556013462095565,0.6292503138299737,0.39163124401790284,0.9337257619128453,0.01052701710824061,0.02462895786412128,0.3983333333333332,0.8708333333333331,0.018333333333333313,0.05277777777777781,0.8180555555555553,2,1.4680142008532766,1.7283839281831415,0.9337257610595392,0.010527017242273944,0.024628958192229634,0.9090968028673095,-0.40909680286730954,0.0,8.533060924520441e-10,0.06289242772620607,9.988398996796377e-11
0.4,9,15,0.4261880189331209,0.9743395558821714,0.6129344733760478,0.4200157952742356,0.7673043308087871,0.035415846931643846,0.09543079167221052,0.3983333333333332,0.8708333333333331,0.018333333333333313,0.05277777777777781,0.8180555555555553,1,1.3814764317676327,1.8848522898025013,0.7673043304440341,0.03541584698084673,0.09543079184761744,0.6718735385964167,-0.17187353859641674,-1.1102230246251565e-16,3.647530055772563e-10,0.103529002889299,9.940737122349219e-11
0.4,9,16,0.4040475161576963,1.0118619924163783,0.5879140343738345,0.40128917796673025,0.8354510972625111,0.022422664371168466,0.06980373490217001,0.3983333333333332,0.8708333333333331,0.018333333333333313,0.05277777777777781,0.8180555555555553,6,1.420489008887602,1.83817479205322,0.8354510977545243,0.02242266430903265,0.06980373467097338,0.765647363083551,-0.26564736308355097,-5.551115123125783e-17,4.920132079533346e-10,0.03538223557880882,9.923378785359205e-11
0.4,9,17,0.39726416263351383,0.9929381460660314,0.5448390051644475,0.39157854474410103,0.7641925485597616,0.02972909589985223,0.10732175546989187,0.3983333333333332,0.8708333333333331,0.018333333333333313,0.05277777777777781,0.8180555555555553,0,1.7440835584796903,1.2370340567413114,0.7641925481545152,0.029729095942842457,0.10732175568702625,0.6568707924674889,-0.15687079246748892,0.0,4.052463919990146e-10,0.10664078517881792,9.978662340870414e-11
0.4,9,18,0.38711668528400334,1.021371096129207,0.5950529729765486,0.386773374027066,0.9391408474418217,0.008279113276868866,0.024804909509437034,0.3983333333333332,0.8708333333333331,0.018333333333333313,0.05277777777777781,0.8180555555555553,1,1.4796806710005308,1.7289505607237436,0.9391408465285137,0.00827911339894001,0.024804909894069877,0.9143359366344438,-0.4143359366344438,5.551115123125783e-17,9.133079847956083e-10,0.06830751319518058,9.971934389341186e-11
0.4,9,19,0.38398167506912156,0.9975125957503469,0.6270474789688683,0.38398167506912156,1.0,0.0,0.0,0.3983333333333332,0.8708333333333331,0.018333333333333313,0.05277777777777781,0.8180555555555553,5,1.570250311414424,1.5716659518570133,0.9999979959634764,2.9813276608499437e-07,7.562475580245728e-07,0.9999972397159184,-0.49999723971591836,2.0810128065207323e-09,2.0040365236173585e-06,0.12916466263014326,3.433331448687892e-06
0.4,9,20,0.38748864420269274,0.9836570289492262,0.5704117037674102,0.38554679099503864,0.858141457813672,0.019261572683332895,0.05974621381193862,0.3983333333333332,0.8708333333333331,0.018333333333333313,0.05277777777777781,0.8180555555555553,3,1.431560812159087,1.817728544099311,0.8581414572505642,0.019261572755377848,0.0597462140702263,0.7983952431803379,-0.29839524318033794,5.551115123125783e-17,5.631077826251385e-10,0.012691876082768894,9.93795046255741e-11
0.4,9,21,0.3993857801772921,1.001845927450073,0.6291854692872072,0.39894518152265634,0.932869667701309,0.010053361655127768,0.02590393905811167,0.3983333333333332,0.8708333333333331,0.018333333333333313,0.05277777777777781,0.8180555555555553,0,1.4703611057790942,1.7324464220370643,0.9328696668686236,0.010053361778003169,0.02590393939101889,0.9069657274776047,-0.40696572747760473,-2.7755575615628914e-16,8.326853651041688e-10,0.06203633353529048,9.978987081105117e-11
0.4,9,22,0.4222231259694992,1.0033489155573645,0.6206587031943064,0.4184545952995683,0.8145010948429088,0.027512434941038444,0.07564354600258377,0.3983333333333332,0.8708333333333331,0.018333333333333313,0.05277777777777781,0.8180555555555553,1,1.7374352039767413,1.292171553760104,0.8145010944104311,0.027512435000323573,0.07564354620095086,0.7388575482094802,-0.23885754820948024,-5.551115123125783e-17,4.324777203024155e-10,0.05633223892290207,9.96753790616367e-11
0.4,9,23,0.3730085845006293,1.0199688589674025,0.5881524827133175,0.3730085845006293,1.0,0.0,0.0,0.3983333333333332,0.8708333333333331,0.018333333333333313,0.05277777777777781,0.8180555555555553,3,1.5732459876672265,1.5665478759175622,0.9999551359699324,6.000826386079575e-06,1.8049226264555584e-05,0.9999370867436678,-0.49993708674366777,1.6849298067889151e-09,4.4864030067648386e-05,0.12912180263659923,6.568185376377642e-07
0.4,9,24,0.4096497492192416,1.0484361139210745,0.5887460801565617,0.40682954814009575,0.8339841378766137,0.021603999039115085,0.0722514235629036,0.3983333333333332,0.8708333333333331,0.018333333333333313,0.05277777777777781,0.8180555555555553,0,1.718313764950699,1.2986532583422643,0.8339841373906001,0.021603999097249707,0.07225142379754644,0.7617327135930536,-0.2617327135930536,-1.1102230246251565e-16,4.860136737505627e-10,0.03684919594273306,9.906603315457119e-11
0.4,9,25,0.4211706219530643,1.011306559415633,0.6251971282688189,0.4181223961189129,0.8321473949454896,0.024843014895187088,0.06801447798021903,0.3983333333333332,0.8708333333333331,0.018333333333333313,0.05277777777777781,0.8180555555555553,4,1.7290730154865934,1.3069498315232952,0.8321473944834068,0.024843014959258416,0.06801447818786543,0.7641329162955414,-0.26413291629554136,-5.551115123125783e-17,4.6208281645476745e-10,0.03868593884992633,9.956829805091161e-11
0.4,9,26,0.43170050782985553,0.981530976373371,0.5660326346924587,0.41850704029992214,0.6675972765532828,0.044947873786044146,0.15226547244885702,0.3983333333333332,0.8708333333333331,0.018333333333333313,0.05277777777777781,0.8180555555555553,4,1.357165952988196,1.971658255768936,0.6675972762720236,0.044947873812244285,0.1522654726179346,0.515331803654089,-0.015331803654089038,-5.551115123125783e-17,2.8125923812183373e-10,0.20323605706130954,9.886053087271307e-11
0.4,9,27,0.39340937254933517,0.9609799442675195,0.6284451363567656,0.39292877038871776,0.9297358433509297,0.011071056858462436,0.026291733455621302,0.3983333333333332,0.8708333333333331,0.018333333333333313,0.05277777777777781,0.8180555555555553,1,1.465382114966046,1.7336626487731428,0.929735842527535,0.011071056986568736,0.02629173377517764,0.9034441087523574,-0.40344410875235737,-5.551115123125783e-17,8.233946857671981e-10,0.058902509194201924,9.98613136626858e-11
0.4,9,28,0.4143531355254584,1.0356294263664296,0.5660100531633184,0.40817607465873285,0.7594869992360709,0.030149964862134393,0.10999109286375425,0.3983333333333332,0.8708333333333331,0.018333333333333313,0.05277777777777781,0.8180555555555553,1,1.396274292463041,1.9088473473289895,0.759486999615933,0.030149964822414263,0.10999109265834871,0.6494959069575843,-0.1494959069575843,-1.6653345369377348e-16,3.7986214174168254e-10,0.1113463337174001,9.872158646118123e-11
0.4,9,29,0.3667377958458461,1.0080095717777517,0.6083060083875262,0.3667377958458461,1.0,0.0,0.0,0.3983333333333332,0.8708333333333331,0.018333333333333313,0.05277777777777781,0.8180555555555553,0,1.5707963280416732,1.570796324695589,1.0,1.5544519418329154e-18,4.407092726340244e-18,1.0,-0.5,0.0,4.407092726340244e-18,0.12916666666666687,9.977178708496079e-11
0.4,9,30,0.42392379568424193,1.0415544192922486,0.596593847979414,0.41885725988353284,0.7847639902171092,0.02881124406379726,0.09414889550850214,0.3983333333333332,0.8708333333333331,0.018333333333333313,0.05277777777777781,0.8180555555555553,6,1.741360895363923,1.2589284765671651,0.7847639906103396,0.028811244017611162,0.09414889530971648,0.6906150953006231,-0.19061509530062315,0.0,3.932304482034965e-10,0.08606934272299349,9.862277661198959e-11
0.4,9,31,0.40024430847016534,1.0136967910233259,0.5971020259940081,0.39863969595175464,0.8729142724016934,0.017604190488905214,0.05261314459808947,0.3983333333333332,0.8708333333333331,0.018333333333333313,0.05277777777777781,0.8180555555555553,2,1.437723136080092,1.8022324102638567,0.872914271819063,0.017604190565863452,0.05261314485798146,0.8203011269610816,-0.3203011269610816,0.0,5.826303883793571e-10,0.0020809384857298774,9.975009707119398e-11
0.4,9,32,0.36941758400136016,0.9843573939726715,0.5991584546446737,0.36941758400136016,1.0,0.0,0.0,0.3983333333333332,0.8708333333333331,0.018333333333333313,0.05277777777777781,0.8180555555555553,7,1.5707962464029621,1.570796459369878,0.9999999999999547,6.46286313329392e-15,1.7576125686883735e-14,0.9999999999999372,-0.49999999999993716,2.220446049250313e-16,4.529709940470639e-14,0.12916666666662158,1.5193948584341184e-09
0.4,9,33,0.44567409196626273,0.9625989084120925,0.6289407981685431,0.43567369161599023,0.7160380077113438,0.04567118718255836,0.1154179662052029,0.3983333333333332,0.8708333333333331,0.018333333333333313,0.05277777777777781,0.8180555555555553,0,1.3554270562058892,1.9174284721088344,0.7160380074140061,0.045671187222578374,0.1154179663546486,0.6006200410593575,-0.10062004105935751,5.551115123125783e-17,2.973377100090602e-10,0.154795325919327,9.928097233213862e-11
0.4,9,34,0.3970141937564986,1.034686409243574,0.600888112474164,0.39624180029001543,0.9104530180470694,0.012151013757896234,0.03695619886974416,0.3983333333333332,0.8708333333333331,0.018333333333333313,0.05277777777777781,0.8180555555555553,4,1.681252431302894,1.377352162468143,0.9104530173252263,0.012151013852981334,0.03695619918294518,0.8734968181422811,-0.3734968181422811,0.0,7.218430297939449e-10,0.039619683991893195,9.992567884253845e-11
0.4,9,35,0.4111340232956602,0.9847130296236464,0.5788089246448891,0.4054710190640658,0.7707142348154105,0.03181709545884309,0.09895055862382612,0.3983333333333332,0.8708333333333331,0.018333333333333313,0.05277777777777781,0.8180555555555553,1,1.3914631620816234,1.8907937108294957,0.7707142344256354,0.03181709550584139,0.09895055882073046,0.6717636756049049,-0.1717636756049049,0.0,3.8977510108395563e-10,0.10011909890769777,9.975348325141908e-11
0.4,9,36,0.3919585910695046,1.0024660132910042,0.5935577286487714,0.39095790758422067,0.8980085050424796,0.014203593593377084,0.04167604622332832,0.3983333333333332,0.8708333333333331,0.018333333333333313,0.05277777777777781,0.8180555555555553,5,1.4513335495113966,1.776388726694729,0.8980085043696419,0.014203593683990186,0.04167604651460232,0.8563324578550395,-0.35633245785503953,0.0,6.728377854869905e-10,0.027175171036308732,9.932371591858669e-11
0.4,9,37,0.3975132368770456,1.0343757167415637,0.5988056640908794,0.39661026584027215,0.9033676478660668,0.013063039119664943,0.04007573580860502,0.3983333333333332,0.8708333333333331,0.018333333333333313,0.05277777777777781,0.8180555555555553,1,1.456252362074532,1.772347404617364,0.9033676471778941,0.013063039209641438,0.04007573611001895,0.8632919110678752,-0.3632919110678752,5.551115123125783e-17,6.881727410146254e-10,0.03253431384456096,9.951792168116924e-11
0.4,9,38,0.3990952472688344,1.004788915764291,0.6049249222071469,0.39786094305596653,0.8882685770045073,0.015910672919652258,0.04524579311980642,0.3983333333333332,0.8708333333333331,0.018333333333333313,0.05277777777777781,0.8180555555555553,3,1.4443219039461188,1.7851445228776237,0.8882685763784383,0.015910673005631978,0.04524579339003783,0.8430227829884004,-0.3430227829884004,1.1102230246251565e-16,6.260690854631434e-10,0.01743524304510513,9.944711720777377e-11
0.4,9,39,0.3967280620017408,1.0433890594192206,0.6280170713287516,0.3966691391588133,0.9749851688336518,0.0035385747872405116,0.009829434118716562,0.3983333333333332,0.8708333333333331,0.018333333333333313,0.05277777777777781,0.8180555555555553,3,1.5112752656496948,1.670102975729993,0.9749851674123158,0.0035385749872069512,0.009829434684371589,0.9651557327279442,-0.4651557327279442,5.551115123125783e-17,1.4213360488568583e-09,0.10415183407898265,9.998998851123986e-11
0.4,9,40,0.40772889939017404,0.9649495751063432,0.6410284177102463,0.4064267889083545,0.8877986178313236,0.018112767387884032,0.04206947405118333,0.3983333333333332,0.8708333333333331,0.018333333333333313,0.05277777777777781,0.8180555555555553,3,1.4358030172999383,1.7773708324764113,0.8877986184383023,0.018112767292173995,0.04206947380918574,0.8457291446291166,-0.34572914462911664,-1.1102230246251565e-16,6.069786895324114e-10,0.016965285104969197,9.955980484477323e-11
0.4,9,41,0.35918798701720106,0.9902264007062209,0.5916134445015884,0.35918798701720106,1.0,0.0,0.0,0.3983333333333332,0.8708333333333331,0.018333333333333313,0.05277777777777781,0.8180555555555553,0,1.5707963281980264,1.570796324411664,1.0,1.9687731607506494e-18,5.679797442042835e-18,1.0,-0.5,0.0,5.679797442042835e-18,0.12916666666666687,9.987311918325285e-11
0.4,9,42,0.3907640262519828,0.98904680033449,0.6216604814475322,0.3905435870405789,0.951775484163861,0.00721677937472226,0.018476699990232215,0.3983333333333332,0.8708333333333331,0.018333333333333313,0.05277777777777781,0.8180555555555553,1,1.4857421834910767,1.7071474595902876,0.9517754831448051,0.007216779525767377,0.01847670039048226,0.9332987827543229,-0.4332987827543229,0.0,1.0190559507350372e-09,0.08094214981147196,9.994488570086446e-11
0.4,9,43,0.39256557800964614,0.974598296888956,0.6236509615723894,0.3921627233782071,0.9353544034440957,0.009908615979922042,0.024561592992864145,0.3983333333333332,0.8708333333333331,0.018333333333333313,0.05277777777777781,0.8180555555555553,1,1.4710891702851387,1.7281664652481972,0.9353544025822881,0.009908616110341991,0.02456159333152942,0.9107928092507587,-0.4107928092507587,5.551115123125783e-17,8.618076252631113e-10,0.06452106924895495,9.955505864134295e-11
0.4,9,44,0.41244517032946637,1.0055086653196819,0.5772751640804515,0.40697805049645397,0.7740706587924333,0.03034569737740872,0.0990922313568321,0.3983333333333332,0.8708333333333331,0.018333333333333313,0.05277777777777781,0.8180555555555553,7,1.7458897821674007,1.2505617865225866,0.7740706584018479,0.03034569742284407,0.09909223155675297,0.6749784268450949,-0.1749784268450949,-1.6653345369377348e-16,3.9058545286962953e-10,0.09676267493148527,9.855688487547809e-11
0.4,9,45,0.3887311030353821,1.0628296081282924,0.5810715855921473,0.388251731510564,0.9277749263427162,0.00904582844346924,0.03094728286652626,0.3983333333333332,0.8708333333333331,0.018333333333333313,0.05277777777777781,0.8180555555555553,0,1.66604986519279,1.3939576873033865,0.927774925502864,0.00904582854589224,0.03094728324103885,0.8968276422618251,-0.3968276422618251,-2.220446049250313e-16,8.398521877950316e-10,0.056941592169530875,9.983433524318741e-11
0.4,9,46,0.3884146275700828,0.992834011445651,0.6304126333489268,0.3883928899345054,0.9847065404145782,0.0023102283212669827,0.0057498729090142975,0.3983333333333332,0.8708333333333331,0.018333333333333313,0.05277777777777781,0.8180555555555553,3,1.6188796903316913,1.494895550229906,0.9847065385537807,0.0023102286016776956,0.0057498736138853895,0.9789566649398953,-0.4789566649398953,-1.6653345369377348e-16,1.8607975160733758e-09,0.11387320522044753,9.995286542885395e-11
0.4,9,47,0.39957091316569054,0.9774700258790114,0.6006297298101634,0.39755756310743284,0.8588405793510684,0.020686232352557954,0.05688975217757103,0.3983333333333332,0.8708333333333331,0.018333333333333313,0.05277777777777781,0.8180555555555553,1,1.4264686875902535,1.8116335068544207,0.8588405788074349,0.02068623242841276,0.05688975241577792,0.801950826391657,-0.30195082639165705,-1.6653345369377348e-16,5.436334715724911e-10,0.011992754525898208,9.966594216592739e-11
0.4,9,48,0.423873414211612,1.0072565789222923,0.5813737205797398,0.41611174158177056,0.7373900057566909,0.03555691081910872,0.11651161290867224,0.3983333333333332,0.8708333333333331,0.018333333333333313,0.05277777777777781,0.8180555555555553,1,1.3810951895361723,1.9191363245120745,0.7373900054116932,0.03555691085739844,0.11651161309386755,0.6208783923178256,-0.1208783923178256,-1.6653345369377348e-16,3.449976970770763e-10,0.13344332792163993,9.96087656801592e-11
0.4,9,49,0.41249663981329027,1.0112979586275963,0.5547455642588079,0.40469608966759674,0.7313894582171412,0.03382990089045457,0.12399970451134662,0.3983333333333332,0.8708333333333331,0.018333333333333313,0.05277777777777781,0.8180555555555553,1,1.7557785549715652,1.210944111759715,0.7313894578629274,0.033829900925877475,0.12399970471015681,0.6073897531527706,-0.10738975315277055,0.0,3.5421376942679217e-10,0.1394438754704057,9.909079112802033e-11
0.45,10,0,0.46447908099013246,1.026591864048235,0.5889531573476343,0.4455623725332707,0.6214319097517783,0.050732421039594244,0.17800865519296782,0.42802398989899015,0.5869668911335578,0.05177398989898996,0.2038452708907253,0.38312162024283214,0,1.3436084181508037,2.006348095027279,0.6214319099886882,0.0507324210217721,0.1780086550371938,0.4434232549514945,0.05657674504850552,-1.1102230246251565e-16,2.3690993611324984e-10,0.034465018855130425,9.935391398485649e-11
0.45,10,1,0.4262681088388975,0.9823884811608029,0.5775438218244962,0.4164260979934432,0.7084066021280192,0.04053501303091844,0.12922625558402306,0.42802398989899015,0.5869668911335578,0.05177398989898996,0.2038452708907253,0.38312162024283214,0,1.7735150161141504,1.2030851694745415,0.7084066018141955,0.04053501306493234,0.12922625575779034,0.5791803460564051,-0.07918034605640512,0.0,3.138237447686265e-10,0.12143971068063764,9.917056065233965e-11
0.45,10,2,0.4732493016331548,0.9976334145105084,0.554176209278731,0.44176319463286595,0.5282080546798905,0.05963439175142282,0.23872522414045239,0.42802398989899015,0.5869668911335578,0.05177398989898996,0.2038452708907253,0.38312162024283214,2,1.3241001090599895,2.0812752327820787,0.5282080548766669,0.05963439174738345,0.23872522397968315,0.28948283089698373,0.21051716910301627,0.0,1.967763729737726e-10,0.058758836256890934,9.868489359021737e-11
0.45,10,3,0.4337021556624353,0.9871227896444816,0.5757544711989864,0.421544989990409,0.6809420193125559,0.043863221713992595,0.1440207357480564,0.42802398989899015,0.5869668911335578,0.05177398989898996,0.2038452708907253,0.38312162024283214,3,1.3597987229560051,1.9600528263026336,0.6809420196006986,0.043863221685340445,0.14402073558012896,0.5369212840205696,-0.0369212840205696,-5.551115123125783e-17,2.881426208745097e-10,0.09397512846714073,9.902717534870931e-11
0.45,10,4,0.44325113532649085,0.9768139667149671,0.578289494137891,0.4277945263611229,0.6484925540002865,0.049374901072684496,0.1592962927920435,0.42802398989899015,0.5869668911335578,0.05177398989898996,0.2038452708907253,0.38312162024283214,3,1.346721269749717,1.9813525572873911,0.6484925537399238,0.049374901096564165,0.15929629295127204,0.48919626078865175,0.010803739211348251,0.0,2.603627313746415e-10,0.06152566260636594,9.966771852276679e-11
0.45,10,5,0.432070349103529,1.0053448873215618,0.5408192371674531,0.415617058604971,0.6288937666812825,0.04514578947916831,0.182137790003352,0.42802398989899015,0.5869668911335578,0.05177398989898996,0.2038452708907253,0.38312162024283214,0,1.7849038201719203,1.1298714774536196,0.628893766948916,0.04514578946094713,0.18213778982340678,0.4467559771255092,0.053244022874490815,0.0,2.676334709406092e-10,0.041926875815358144,9.859074667772916e-11
0.45,10,6,0.47186288901595086,1.0148065485464277,0.555272569538288,0.44228382650979225,0.5390116227015616,0.05696741724663107,0.23435938325065564,0.42802398989899015,0.5869668911335578,0.05177398989898996,0.2038452708907253,0.38312162024283214,0,1.811801100278856,1.0654542495705717,0.5390116224979825,0.056967417252048964,0.23435938341375254,0.30465223908423,0.19534776091577,0.0,2.0357904251255832e-10,0.04795526863557531,9.854966842581803e-11
0.45,10,7,0.44561731657137627,1.0093438145731262,0.5546106463721405,0.426770823389802,0.61241552878274,0.04863055547042344,0.18893057525866735,0.42802398989899015,0.5869668911335578,0.05177398989898996,0.2038452708907253,0.38312162024283214,1,1.7931473415251475,1.121134004043863,0.6124155290308457,0.048630555454367994,0.1889305750885394,0.42348495394230634,0.07651504605769366,0.0,2.481057581604773e-10,0.025448637897287907,9.893741381716836e-11
0.45,10,8,0.41147435519782344,1.0449348383267876,0.5448216921728108,0.4037925386977237,0.730783766563602,0.03149903180900637,0.1288115448767308,0.42802398989899015,0.5869668911335578,0.05177398989898996,0.2038452708907253,0.38312162024283214,1,1.7492211924601777,1.2037037330043519,0.7307837662018238,0.03149903184193544,0.12881154508680645,0.6019722211150174,-0.10197222111501736,0.0,3.617781629827732e-10,0.14381687506826601,9.873335482524226e-11
0.45,10,9,0.44963148770319683,1.0424366258170932,0.5461210225038766,0.42910593229425564,0.595815185889112,0.047013083090493346,0.2054498902939932,0.42802398989899015,0.5869668911335578,0.05177398989898996,0.2038452708907253,0.38312162024283214,4,1.352235404169144,2.041222049450636,0.5958151861358718,0.047013083077766325,0.20544989011512468,0.3903652960207471,0.1096347039792529,-1.1102230246251565e-16,2.4675983478772423e-10,0.008848295002313988,9.910289255898874e-11
0.45,10,10,0.44001838623643375,1.0159476010391948,0.5502904854660731,0.42281519918458677,0.6249107545096063,0.04609418542782606,0.1835643228515348,0.42802398989899015,0.5869668911335578,0.05177398989898996,0.2038452708907253,0.38312162024283214,0,1.3544162116900058,2.01356641793613,0.6249107542515162,0.04609418544527316,0.18356432302569536,0.44134643122582085,0.058653568774179154,0.0,2.580901048432338e-10,0.03794386311795839,9.807626932811786e-11
0.45,10,11,0.44546565208202843,1.0227622163626602,0.5577138293783294,0.4278942194726476,0.6238299614678993,0.04669808376849405,0.18331688736865587,0.42802398989899015,0.5869668911335578,0.05177398989898996,0.2038452708907253,0.38312162024283214,7,1.7886119682525148,1.128345897189894,0.6238299612130004,0.04669808378587259,0.18331688754038292,0.4405130736726175,0.059486926327382506,-1.1102230246251565e-16,2.5489887978125125e-10,0.03686307007944256,9.872380690723048e-11
0.45,10,12,0.4294576955005363,1.0039594213602905,0.5220601377139198,0.4103295292417176,0.5996855351208543,0.046047556700687664,0.2041145745968158,0.42802398989899015,0.5869668911335578,0.05177398989898996,0.2038452708907253,0.38312162024283214,5,1.3545274239333012,2.039567555040119,0.5996855353825299,0.04604755668699846,0.20411457440788155,0.39557096097464833,0.10442903902535167,-5.551115123125783e-17,2.6167557010126075e-10,0.012718644248972066,9.908990294960063e-11
0.45,10,13,0.4673321778415372,1.0097081940116674,0.5308284223568394,0.43355576285657216,0.506568766809474,0.05676835245646367,0.2627975468641894,0.42802398989899015,0.5869668911335578,0.05177398989898996,0.2038452708907253,0.38312162024283214,0,1.330221331948023,2.109050539361499,0.5065687670134565,0.05676835245557134,0.2627975466863041,0.24377122032715243,0.2562287796728476,1.1102230246251565e-16,2.039824975597071e-10,0.08039812412010128,9.926964805728744e-11
0.45,10,14,0.4705542543146452,0.9833112973771666,0.5345372345909062,0.43459528450534624,0.49766605866937685,0.060965831484337596,0.26278433648393257,0.42802398989899015,0.5869668911335578,0.05177398989898996,0.2038452708907253,0.38312162024283214,5,1.321303419672931,2.1090355326825487,0.4976660588636694,0.060965831484673716,0.26278433631227804,0.23488172255139134,0.26511827744860866,0.0,1.9429252651192996e-10,0.08930083226988844,9.97565363647368e-11
0.45,10,15,0.4454893915732441,0.9983244094282815,0.531371995497737,0.4213746846342016,0.5654870354521823,0.05158938352841147,0.22197870686390603,0.42802398989899015,0.5869668911335578,0.05177398989898996,0.2038452708907253,0.38312162024283214,1,1.3416636397212567,2.0613860779710356,0.5654870352214235,0.05158938353746237,0.22197870704036393,0.3435083281810596,0.15649167181894041,-5.551115123125783e-17,2.3075874544531416e-10,0.021479855912134305,9.829509428627148e-11
0.45,10,16,0.48461733267085466,0.9713157781368382,0.5579082738963093,0.44684933326473986,0.49800840678324243,0.06667734677326353,0.2522656055514393,0.42802398989899015,0.5869668911335578,0.05177398989898996,0.2038452708907253,0.38312162024283214,0,1.309617508848211,2.0970072705538354,0.49800840695822135,0.06667734677356266,0.2522656053989259,0.24574280155929545,0.25425719844070455,-1.1102230246251565e-16,1.7497892024209705e-10,0.08895848417533647,9.774525633332587e-11
0.45,10,17,0.49646764354753714,1.0227475415620098,0.5476411068645956,0.45313195056691524,0.4673442758295018,0.06257363315070152,0.28689155686002177,0.42802398989899015,0.5869668911335578,0.05177398989898996,0.2038452708907253,0.38312162024283214,5,1.8236286361428582,1.0055514881149055,0.46734427600868633,0.06257363315517471,0.2868915566892268,0.18045271931945955,0.31954728068054045,5.551115123125783e-17,1.791845560816796e-10,0.11962261512487149,9.97833482507815e-11
0.45,10,18,0.44628915842778194,0.9859563431767079,0.5651127670910507,0.4279528293528764,0.6198916262302943,0.05086419218329086,0.17899444169902595,0.42802398989899015,0.5869668911335578,0.05177398989898996,0.2038452708907253,0.38312162024283214,6,1.7982842806204489,1.133957408987552,0.6198916259873298,0.05086419220137158,0.17899444185935787,0.44089718412797196,0.059102815872028036,-1.1102230246251565e-16,2.4296442635574067e-10,0.03292473485377201,9.817852086868584e-11
0.45,10,19,0.42306213533428455,1.0162144871797498,0.6185320576767773,0.41932623874028163,0.815067107604397,0.026844977955066185,0.07634519773774379,0.42802398989899015,0.5869668911335578,0.05177398989898996,0.2038452708907253,0.38312162024283214,3,1.73538276394228,1.2908476255395511,0.8150671080349544,0.02684497789751092,0.07634519753781226,0.7387219104971422,-0.2387219104971422,-1.1102230246251565e-16,4.3055736753672136e-10,0.2281002169013966,9.894340902150134e-11
0.45,10,20,0.43512184023565176,1.053079335946645,0.5156975056343132,0.41452207733845037,0.5841529391828301,0.043351841053266726,0.22240062482490075,0.42802398989899015,0.5869668911335578,0.05177398989898996,0.2038452708907253,0.38312162024283214,1,1.7805418933550583,1.0796991185554807,0.5841529389222682,0.04335184106368845,0.22240062502346922,0.3617523138987989,0.13824768610120108,0.0,2.6056190538525925e-10,0.018555354132743923,9.799638878149608e-11
0.45,10,21,0.4531560020574933,0.9794657396752695,0.5326479879453749,0.42488331597827844,0.5394777279169128,0.05635500486310513,0.23508574500911678,0.42802398989899015,0.5869668911335578,0.05177398989898996,0.2038452708907253,0.38312162024283214,0,1.3311160129343396,2.0769953160109655,0.5394777277055472,0.05635500486870501,0.23508574517864086,0.30439198252690636,0.19560801747309364,0.0,2.1136559169576685e-10,0.04748916342801057,9.76480007963687e-11
0.45,10,22,0.4283257296461991,0.99350420041197,0.5513438973052212,0.4144934647280677,0.6571919453528712,0.04379252924719185,0.16231826252336673,0.42802398989899015,0.5869668911335578,0.05177398989898996,0.2038452708907253,0.38312162024283214,1,1.7816212673900433,1.1561268878623199,0.6571919456378608,0.04379252922358365,0.1623182623445065,0.49487368329335424,0.0051263167066457616,5.551115123125783e-17,2.8498958748457426e-10,0.07022505450430294,9.976158787949885e-11
0.45,10,23,0.4214372662439386,1.0180995520501188,0.514432586007689,0.40454529936591677,0.6161227910402166,0.04231784944621475,0.19789650547701754,0.42802398989899015,0.5869668911335578,0.05177398989898996,0.2038452708907253,0.38312162024283214,0,1.7779885884697757,1.1097833041590976,0.6161227913198432,0.04231784943078065,0.19789650527848504,0.41822628604135814,0.08177371395864186,1.1102230246251565e-16,2.7962654414182e-10,0.029155900186285333,9.860906535763547e-11
0.45,10,24,0.47076586679055776,0.9740487982186841,0.5592159489966252,0.44018591206461344,0.5354737462848844,0.0619392565652897,0.22848291712798496,0.42802398989899015,0.5869668911335578,0.05177398989898996,0.2038452708907253,0.38312162024283214,0,1.822315879274363,1.0724212893687926,0.5354737460878223,0.06193925657072616,0.228482917284409,0.3069908288034133,0.19300917119658673,-1.1102230246251565e-16,1.970621443803111e-10,0.051493145045735544,9.994161054294182e-11
0.45,10,25,0.47611421549042854,0.9729694446285039,0.530346397619843,0.4355169613887696,0.47416606875069134,0.06377063074036637,0.27852151167843314,0.42802398989899015,0.5869668911335578,0.05177398989898996,0.2038452708907253,0.38312162024283214,4,1.3155037898353985,2.126747392368692,0.4741660689334143,0.0637706307440923,0.2785215115075596,0.19564455742585468,0.3043554425741453,5.551115123125783e-17,1.8272294788346244e-10,0.11280082220014354,9.854966842581803e-11
0.45,10,26,0.4735404762327762,1.0125817975729685,0.5165871816176417,0.4327499272773645,0.46559944942774245,0.05775215338842388,0.29770572798243194,0.42802398989899015,0.5869668911335578,0.05177398989898996,0.2038452708907253,0.38312162024283214,2,1.8134885053887309,0.9936625935547462,0.4655994492304496,0.057752153383838635,0.29770572817227225,0.16789372105817735,0.33210627894182265,-1.1102230246251565e-16,1.9729284872482822e-10,0.12136744190310822,9.966077962886288e-11
0.45,10,27,0.4951707320714177,0.968194795221721,0.5754642807206939,0.456262717634912,0.49887550422138927,0.070339255246601,0.24524905002066938,0.42802398989899015,0.5869668911335578,0.05177398989898996,0.2038452708907253,0.38312162024283214,0,1.302368919593088,2.0888915798849523,0.49887550405352965,0.07033925524642314,0.24524905016540693,0.2536264538881227,0.24637354611187728,5.551115123125783e-17,1.6785961509668823e-10,0.08809138708002817,9.901091058139855e-11
0.45,10,28,0.4521953598317996,1.0263141390083825,0.6041757419282017,0.4399430743621049,0.6862619778284093,0.043707706189230144,0.1402915569614952,0.42802398989899015,0.5869668911335578,0.05177398989898996,0.2038452708907253,0.38312162024283214,3,1.3601787384228148,1.9547132741739155,0.6862619781091989,0.04370770616035288,0.14029155680039218,0.5459704213088067,-0.045970421308806686,1.1102230246251565e-16,2.807896137824173e-10,0.09929508697564104,9.969336467463563e-11
0.45,10,29,0.4680842258826283,0.9515679726754399,0.5699230584483179,0.4396677692053209,0.5516534377766812,0.06393561238211026,0.21162227775148362,0.42802398989899015,0.5869668911335578,0.05177398989898996,0.2038452708907253,0.38312162024283214,1,1.315166391713203,2.048818796543755,0.5516534375804704,0.06393561239053251,0.21162227789857158,0.3400311596818988,0.1599688403181012,-1.1102230246251565e-16,1.9621082536502854e-10,0.03531345355308746,9.929068678360409e-11
0.45,10,30,0.43550955913320266,1.0489094919544528,0.5128697833352134,0.41392749360978476,0.5755379864069096,0.04405543219610847,0.22825489371077345,0.42802398989899015,0.5869668911335578,0.05177398989898996,0.2038452708907253,0.38312162024283214,1,1.359329927205373,2.068899766076787,0.5755379866639593,0.04405543218674399,0.22825489351164843,0.3472830931523109,0.15271690684768913,0.0,2.5704971484685757e-10,0.024409622620923138,9.802653133661465e-11
0.45,10,31,0.4768337872642414,0.9725809215602053,0.5343709978891754,0.43694594922118635,0.4790741716213105,0.06409583631578442,0.2735343246765321,0.42802398989899015,0.5869668911335578,0.05177398989898996,0.2038452708907253,0.38312162024283214,2,1.3148391114344995,2.121169217025771,0.47907417143776204,0.06409583631272278,0.2735343248458894,0.20553984659187263,0.29446015340812737,5.551115123125783e-17,1.8354845421342247e-10,0.10789271969579578,9.928530220193466e-11
0.45,10,32,0.42869602314204835,0.964629142221975,0.5614150784139749,0.41503063616556213,0.6616385149343771,0.04636583125168747,0.1543652946972624,0.42802398989899015,0.5869668911335578,0.05177398989898996,0.2038452708907253,0.38312162024283214,1,1.35376938237905,1.9745723336671304,0.661638514659084,0.04636583127728649,0.15436529486349138,0.5072732197955926,-0.007273219795592589,5.551115123125783e-17,2.7529312163210307e-10,0.07467162352552614,9.792089361582157e-11
0.45,10,33,0.42183815812356706,0.9877357563645717,0.5566806975371688,0.4107034299730634,0.6880132861327241,0.04081705330668761,0.14399045973834268,0.42802398989899015,0.5869668911335578,0.05177398989898996,0.2038452708907253,0.38312162024283214,2,1.7742289035349563,1.1815829438041174,0.688013286438694,0.04081705327768234,0.14399045955795153,0.5440228268807424,-0.04402282688074244,-1.1102230246251565e-16,3.059699160701257e-10,0.10104639530513615,9.890505081600054e-11
0.45,10,34,0.47138737320734014,0.9553329575318148,0.528639858741208,0.4316607180389359,0.47806945526435907,0.06497187583350306,0.2728417780646479,0.42802398989899015,0.5869668911335578,0.05177398989898996,0.2038452708907253,0.38312162024283214,1,1.8285362831755874,1.0212005374874156,0.4780694554494341,0.06497187583680926,0.2728417778936419,0.2052276775557922,0.2947723224442078,0.0,1.8507501087228206e-10,0.10889743568412374,9.986655946647716e-11
0.45,10,35,0.4665975910900821,0.985583266229607,0.5438014333344471,0.43504951540724535,0.5244063531488109,0.05943080025660563,0.24234723184901624,0.42802398989899015,0.5869668911335578,0.05177398989898996,0.2038452708907253,0.38312162024283214,0,1.8170623345433068,1.0560802265885807,0.5244063529468254,0.05943080026016508,0.24234723201587477,0.2820591209309506,0.2179408790690494,0.0,2.0198553940531383e-10,0.06256053818673246,9.990691607342228e-11
0.45,10,36,0.43621054556618954,1.0386984895841964,0.5466853121625355,0.42076169263786856,0.6394836826641426,0.04246315104354981,0.1787239450495739,0.42802398989899015,0.5869668911335578,0.05177398989898996,0.2038452708907253,0.38312162024283214,5,1.36324347647714,2.007282331303839,0.6394836829396271,0.04246315102464435,0.17872394486567983,0.46075973807394727,0.03924026192605273,-1.1102230246251565e-16,2.7548452408154844e-10,0.052516791806069274,9.878931006568337e-11
0.45,10,37,0.4467777892589363,0.9926168715967038,0.5602225202506366,0.4277013506968842,0.6124107545111315,0.050653519514931244,0.18530188603501102,0.42802398989899015,0.5869668911335578,0.05177398989898996,0.2038452708907253,0.38312162024283214,7,1.343788254726504,2.015806492419501,0.6124107542701293,0.050653519531490346,0.18530188619787055,0.4271088680722587,0.07289113192774133,-5.551115123125783e-17,2.4100221818201817e-10,0.025443863136571432,9.810791068431968e-11
0.45,10,38,0.44329787488891575,1.0147262327998186,0.5400115765734306,0.42276464126935787,0.5942947107205937,0.04835379178608723,0.20416080460364155,0.42802398989899015,0.5869668911335578,0.05177398989898996,0.2038452708907253,0.38312162024283214,2,1.7925031166008736,1.1019677511812025,0.5942947109678973,0.048353791773038224,0.2041608044251491,0.3901339065427482,0.10986609345725179,-1.1102230246251565e-16,2.4730362202518563e-10,0.0073278198343395,9.93795046255741e-11
0.45,10,39,0.47769530670539545,0.954402608443256,0.5578847051891476,0.44222504299710763,0.5095071243747893,0.06711066631810225,0.24160061157483897,0.42802398989899015,0.5869668911335578,0.05177398989898996,0.2038452708907253,0.38312162024283214,7,1.8328423456724368,1.0569518794323136,0.5095071241938877,0.0671106663196053,0.24160061172716657,0.2679065124667211,0.2320934875332789,-1.6653345369377348e-16,1.8090162701156487e-10,0.07745976693967016,9.931300226639905e-11
0.45,10,40,0.4752852169103199,1.0260016404122982,0.5645731678935163,0.4469251672640895,0.5491688933242158,0.05629861536266523,0.22698712275540567,0.42802398989899015,0.5869668911335578,0.05177398989898996,0.2038452708907253,0.38312162024283214,0,1.3312383054766557,2.0673879820007213,0.549168893530605,0.056298615355817316,0.22698712259410173,0.32218177093650335,0.17781822906349665,0.0,2.0638923903248951e-10,0.03779799760295277,9.932260569556206e-11
0.45,10,41,0.42725414331313777,1.0083874241235464,0.5414066801418513,0.4127805379419709,0.647825731781064,0.042788352498334514,0.17149229357686058,0.42802398989899015,0.5869668911335578,0.05177398989898996,0.2038452708907253,0.38312162024283214,0,1.7791540854191636,1.1438246198681838,0.6478257314952429,0.042788352519593016,0.1714922937628235,0.47633343773241943,0.02366656226758057,-1.6653345369377348e-16,2.8582103350771604e-10,0.060858840361685096,9.990297478168486e-11
0.45,10,42,0.44140026323201353,0.9876746957231392,0.5271890366263081,0.41758396022282285,0.566310662285012,0.051729535753829436,0.22102571039646907,0.42802398989899015,0.5869668911335578,0.05177398989898996,0.2038452708907253,0.38312162024283214,4,1.8002456153582207,1.0813540525375327,0.5663106625209903,0.051729535744413045,0.2210257102165326,0.34528495230445766,0.15471504769554234,-5.551115123125783e-17,2.359782369509844e-10,0.02065622861256755,9.968065262100367e-11
0.45,10,43,0.4838320217346358,0.9987165684718242,0.5031015824791855,0.4321535666604839,0.4143807996663945,0.06062931105773711,0.3401129613989285,0.42802398989899015,0.5869668911335578,0.05177398989898996,0.2038452708907253,0.38312162024283214,4,1.3220075598597691,2.1934489728046236,0.4143807994834038,0.06062931104632045,0.3401129615975738,0.07426783788582997,0.42573216211417003,-1.1102230246251565e-16,1.9864532241342658e-10,0.17258609165015404,9.823397650876586e-11
0.45,10,44,0.43599284246758063,1.0299344257040035,0.53992256813181,0.41900298820465154,0.6233976949230985,0.04400819607628553,0.1886946482118932,0.42802398989899015,0.5869668911335578,0.05177398989898996,0.2038452708907253,0.38312162024283214,4,1.7821476094293938,1.1214354237805333,0.6233976951906793,0.044008196059574345,0.18869464802769662,0.4347030471629827,0.06529695283701731,0.0,2.6758084636924195e-10,0.03643080405712151,9.88330528528536e-11
0.45,10,45,0.46070100726190316,0.9801337363999761,0.5684812593421678,0.43692058308353987,0.5802685401818102,0.057067324137675124,0.19993037701453603,0.42802398989899015,0.5869668911335578,0.05177398989898996,0.2038452708907253,0.38312162024283214,0,1.3295761213776365,2.0343569015726457,0.5802685399679489,0.0570673241498384,0.19993037716687956,0.38033816280106936,0.11966183719893064,1.1102230246251565e-16,2.1386126203282174e-10,0.006698351165608907,9.790396271469604e-11
0.45,10,46,0.4903105387117861,1.0274102577878257,0.4767625212691181,0.4264535590448113,0.3546280153803921,0.05516745742944046,0.41088819985432934,0.42802398989899015,0.5869668911335578,0.05177398989898996,0.2038452708907253,0.38312162024283214,6,1.3337037480712048,2.2666040642172174,0.35462801518508796,0.0551674574107359,0.41088820009549143,-0.056260184910403466,0.5562601849104034,0.0,2.411620902975642e-10,0.23233887594846986,9.984724158584868e-11
0.45,10,47,0.4870628737190622,1.0090549152224586,0.5749840463691075,0.4546753177201037,0.5302334981178659,0.06186184306978709,0.23304345645165586,0.42802398989899015,0.5869668911335578,0.05177398989898996,0.2038452708907253,0.38312162024283214,6,1.8221552535632157,1.0670090424247423,0.5302334983035141,0.061861843065447605,0.23304345630201073,0.29719004200150334,0.20280995799849666,-1.1102230246251565e-16,1.856481635087448e-10,0.05673339283004375,9.770867448466447e-11
0.45,10,48,0.44341714024717654,1.03796406447869,0.55901093332333,0.4275237231595548,0.6389264863448346,0.04404210598927638,0.1762016421216393,0.42802398989899015,0.5869668911335578,0.05177398989898996,0.2038452708907253,0.38312162024283214,4,1.7822302556489984,1.1376112672971912,0.6389264866147021,0.04404210596988885,0.17620164194357407,0.462724844671128,0.03727515532887199,-1.1102230246251565e-16,2.6986746171075993e-10,0.05195959548114426,9.997175309806039e-11
0.45,10,49,0.43448204987100536,1.0027958308844418,0.5759956760125307,0.4227871009733314,0.6860992791646685,0.04221124689746042,0.14298721461209057,0.42802398989899015,0.5869668911335578,0.05177398989898996,0.2038452708907253,0.38312162024283214,4,1.7777236612389822,1.1830138196320583,0.6860992788721184,0.04221124692609764,0.14298721478290863,0.5431120640892098,-0.043112064089209756,-5.551115123125783e-17,2.925500952599691e-10,0.09913238773856059,9.874651096808407e-11
0.5,11,0,0.47461338037880396,1.0023230279627438,0.5461508426671445,0.44078244550868484,0.5125140589371139,0.05956682856608947,0.2523683948875296,0.4375,0.375,0.0625,0.375,0.0,2,1.8173498528663843,1.0444670554500406,0.5125140591309371,0.05956682856434389,0.252368394722298,0.26014566440863907,0.23985433559136093,-1.6653345369377348e-16,1.9382317972826968e-10,0.13751405913093706,9.82855463682597e-11
0.5,11,1,0.5372941892956268,0.9913668433368795,0.5110952147219591,0.45432525144619507,0.324975876361993,0.06922814301176411,0.413009376193884,0.4375,0.375,0.0625,0.375,0.0,0,1.837043203094269,0.8728337352987834,0.32497587651496534,0.06922814303688035,0.41300937598435233,-0.08803349946938699,0.588033499469387,-1.1102230246251565e-16,2.095316697925398e-10,0.050024123485034655,9.926881539001897e-11
0.5,11,2,0.48916217607449075,0.995182426902393,0.4902665781816304,0.42946790954869063,0.3791340831930986,0.06053557141187538,0.3748285681637349,0.4375,0.375,0.0625,0.375,0.0,0,1.8193886263317849,0.9119153533290876,0.3791340833762127,0.06053557142820201,0.3748285679478921,0.004305515428320583,0.4956944845716794,0.0,2.1584278808717272e-10,0.004134083376212683,9.935402500715895e-11
0.5,11,3,0.5144642981679226,1.0339095644735532,0.4906193814121771,0.44092761206726694,0.33366275117121147,0.05846712041501845,0.42562591668477867,0.4375,0.375,0.0625,0.375,0.0,0,1.8150165418857216,0.8600492808299518,0.3336627509931332,0.058467120393427906,0.42562591691701057,-0.09196316592387738,0.5919631659238773,-5.551115123125783e-17,2.3223190037668928e-10,0.05062591691701057,9.891482077861724e-11
0.5,11,4,0.4862510063619793,1.0138848983766642,0.5143919084768773,0.4378443972406705,0.4318486180894022,0.06003841437575219,0.3246270551476205,0.4375,0.375,0.0625,0.375,0.0,0,1.8183442547204414,0.9645819011808017,0.43184861827569565,0.06003841438484038,0.3246270549536055,0.10722156332209015,0.39277843667790985,0.0,1.940150262669249e-10,0.05684861827569565,9.968470493504356e-11
0.5,11,5,0.4912630148310214,0.9993149355014369,0.5085148557756757,0.43709484299587154,0.4078956499883999,0.06224144586229896,0.34317972780267236,0.4375,0.375,0.0625,0.375,0.0,5,1.8229419981630897,0.9449104724063347,0.4078956498116863,0.062241445849941957,0.3431797279976745,0.06471592181401181,0.4352840781859882,-1.1102230246251565e-16,1.9500212555811913e-10,0.0328956498116863,9.804779210753622e-11
0.5,11,6,0.503214927647992,0.986731716349287,0.5183625619911437,0.44448292376448784,0.39774814337480835,0.06675759794268082,0.3442730908095989,0.4375,0.375,0.0625,0.375,0.0,1,1.8321359480976724,0.943759445592889,0.39774814353953947,0.06675759795695711,0.3442730906225059,0.05347505291703358,0.4465249470829664,-1.1102230246251565e-16,1.8709300775299198e-10,0.030726909377494116,9.820955160222411e-11
0.5,11,7,0.5015300052025593,0.9654407149036204,0.5033482667276823,0.4370657625312019,0.37314157818078847,0.06770695558497075,0.3666586844151103,0.4375,0.375,0.0625,0.375,0.0,3,1.3075611924235615,2.221219809890503,0.37314157834646844,0.06770695560335784,0.3666586842147617,0.006482894131706718,0.4935171058682933,0.0,2.0034857106665527e-10,0.008341315785238279,9.939915557310997e-11
0.5,11,8,0.5162291420964595,1.0207243872166016,0.4613810128846068,0.42724639495380823,0.27571304511352884,0.053993556722138014,0.49807586288487826,0.4375,0.375,0.0625,0.375,0.0,3,1.3362876519191618,2.3542703480473124,0.2757130453041732,0.05399355675260795,0.4980758626041611,-0.2223628172999879,0.7223628172999879,0.0,2.807171717300605e-10,0.12307586260416109,9.978767812057754e-11
0.5,11,9,0.5060509334647096,0.9748503858655807,0.4788568292404309,0.4295657364443253,0.3239676375713121,0.06298468334443669,0.42647604817706897,0.4375,0.375,0.0625,0.375,0.0,1,1.824475935108434,0.8591896960414935,0.3239676373999537,0.0629846833197575,0.42647604840840037,-0.10250841100844665,0.6025084110084467,-1.1102230246251565e-16,2.3133139848141582e-10,0.051476048408400366,9.81724146420504e-11
0.5,11,10,0.479564740703747,0.9981743764102119,0.48542368791583423,0.42415295362820304,0.39105995702173235,0.058374235219707804,0.3674042395135969,0.4375,0.375,0.0625,0.375,0.0,4,1.8148185239103312,0.9195994385066526,0.3910599572115701,0.05837423523408917,0.3674042392964779,0.02365571791509219,0.4763442820849078,-1.1102230246251565e-16,2.1711898945397934e-10,0.01605995721157011,9.862327621235067e-11
0.5,11,11,0.4980465250625023,1.064641002323158,0.4918744344845769,0.4373935136560061,0.3711690633533772,0.05399396439141674,0.39654401489165014,0.4375,0.375,0.0625,0.375,0.0,0,1.3362867501197657,2.251985707377362,0.3711690631593873,0.05399396437564868,0.39654401512220333,-0.025374951962816028,0.525374951962816,-1.1102230246251565e-16,2.3055318765230481e-10,0.02154401512220333,9.949535639819374e-11
0.5,11,12,0.5276415821625248,1.019521845905524,0.5040345525215376,0.4500896768252881,0.3321674584444628,0.06344169802043376,0.4169240290854742,0.4375,0.375,0.0625,0.375,0.0,2,1.3161776945999961,2.2727314519890247,0.3321674586100874,0.06344169804321212,0.4169240288660179,-0.08475657025593053,0.5847565702559305,-2.220446049250313e-16,2.1945628647657145e-10,0.042832541389912604,9.95567517314555e-11
0.5,11,13,0.5145671169987065,1.040943956294182,0.5056069795336522,0.4475228978416427,0.36080123147397614,0.05994899188145142,0.39450188712099055,0.4375,0.375,0.0625,0.375,0.0,6,1.323436676501609,2.249897481251185,0.3608012312988305,0.059948991863497315,0.39450188733620384,-0.03370065603737332,0.5337006560373734,-2.220446049250313e-16,2.1521329163221026e-10,0.019501887336203838,9.922213051183348e-11
0.5,11,14,0.5130268535517084,0.9953293060294922,0.48428871907089205,0.4354258924718931,0.3224079577508164,0.06186657186915773,0.4304133713911562,0.4375,0.375,0.0625,0.375,0.0,3,1.822165068024615,0.8552114121393004,0.32240795757889107,0.06186657184476174,0.4304133716234231,-0.10800541404453201,0.608005414044532,-5.551115123125783e-17,2.3226687240196497e-10,0.05541337162342308,9.864364880485255e-11
0.5,11,15,0.5046267557433826,0.982492683965672,0.5128116466077461,0.44280818320472126,0.3851762165892236,0.06695606536865617,0.3561816808846244,0.4375,0.375,0.0625,0.375,0.0,3,1.8325332423236704,0.9312773005712169,0.3851762164255597,0.06695606535258472,0.35618168107646714,0.028994535349092576,0.4710054646509074,0.0,1.9184276389694332e-10,0.018818318923532862,9.806661038780362e-11
0.5,11,16,0.5227807520657344,0.9887828761726618,0.4953273859028684,0.4428632809353117,0.32372473684736347,0.06548639206380075,0.4216895782336352,0.4375,0.375,0.0625,0.375,0.0,0,1.3120145412261388,2.2775603213543447,0.323724737011326,0.06548639208881747,0.42168957801064605,-0.09796484099932007,0.5979648409993201,0.0,2.2298912716323116e-10,0.05127526298867402,9.961637070787788e-11
0.5,11,17,0.4965584858498354,0.96073732535105,0.4902553993164586,0.43002044078944845,0.3600686845776343,0.065895333838214,0.38330464784437,0.4375,0.375,0.0625,0.375,0.0,0,1.3111891987463766,2.2384128716287326,0.3600686847474887,0.06589533385832481,0.38330464763292116,-0.02323596288543245,0.5232359628854324,-5.551115123125783e-17,2.1144885842261374e-10,0.01493131525251129,9.89364146164462e-11
0.5,11,18,0.5188088884079998,1.0197656249245133,0.4731539413568144,0.433637043027311,0.293346199990088,0.056890412790800426,0.4722174332928669,0.4375,0.375,0.0625,0.375,0.0,0,1.8116349323947578,0.8131950466357905,0.29334620017192164,0.056890412818636396,0.4722174330334946,-0.17887123286157297,0.6788712328615729,1.1102230246251565e-16,2.593723014143734e-10,0.09721743303349462,9.929634892102968e-11
0.5,11,19,0.47765023430509607,1.0076457675096315,0.4862012428662254,0.42422842281173856,0.39808911480399534,0.05710209598981053,0.3631055681192793,0.4375,0.375,0.0625,0.375,0.0,4,1.8120914700704271,0.9240632750579945,0.3980891146100192,0.05710209597653627,0.3631055683373545,0.0349835462726647,0.4650164537273353,-2.220446049250313e-16,2.1807522454508899e-10,0.023089114610019223,9.894446373337473e-11
0.5,11,20,0.4616110044052995,1.0223828955997158,0.5250033189664244,0.42980848406522076,0.5145196742117315,0.05381754552546736,0.26148101826845516,0.4375,0.375,0.0625,0.375,0.0,0,1.8049153051595856,1.0340388572343584,0.5145196739966196,0.05381754552739459,0.26148101845384,0.2530386555427796,0.2469613444572204,5.551115123125783e-17,2.1511192827006198e-10,0.13951967399661958,9.98851001909884e-11
0.5,11,21,0.4886435169119142,1.0291140092371087,0.5069912291317612,0.4372854253792082,0.41566197502386715,0.05814005226742058,0.3438760746795951,0.4375,0.375,0.0625,0.375,0.0,3,1.8143186220215914,0.9441772992628296,0.41566197483685313,0.05814005225662037,0.3438760748817638,0.07178589995508933,0.4282141000449107,-1.6653345369377348e-16,2.0216872620437698e-10,0.04066197483685313,9.86547510350988e-11
0.5,11,22,0.5069547996392301,1.0035093682916254,0.5129037720933722,0.44511771043860837,0.3837694703492325,0.06451686990919414,0.36229145160099024,0.4375,0.375,0.0625,0.375,0.0,6,1.8276117520491875,0.9249099394485591,0.38376947018166657,0.0645168698934443,0.36229145179742744,0.021478018384239128,0.47852198161576087,-1.6653345369377348e-16,1.964371998397496e-10,0.012708548202572556,9.833789338387078e-11
0.5,11,23,0.5172663061875773,1.0364145105586822,0.4732385821085246,0.4341532494195024,0.2966095847981635,0.05499308068499559,0.4727667750842105,0.4375,0.375,0.0625,0.375,0.0,0,1.3340859239171285,2.3289477825446245,0.2966095846115916,0.054993080658271465,0.47276677534666733,-0.17615719073507574,0.6761571907350757,0.0,2.6245683404368947e-10,0.09776677534666733,9.949702173273067e-11
0.5,11,24,0.48855771596938663,1.0336134673982307,0.5140381117160467,0.439887325099829,0.4294722331817922,0.058120874342595163,0.3306969453282416,0.4375,0.375,0.0625,0.375,0.0,1,1.8142776418376694,0.9581157147687757,0.42947223336756374,0.05812087435153532,0.3306969451337018,0.09877528823386195,0.40122471176613805,-1.1102230246251565e-16,1.9453982869066522e-10,0.05447223336756374,9.783646115479883e-11
0.5,11,25,0.5070355555280941,1.0373689202892942,0.49901243868469475,0.4419823500938851,0.36342359928038326,0.058715551061946314,0.39438691398185055,0.4375,0.375,0.0625,0.375,0.0,0,1.3260472165085555,2.249779857106744,0.3634235991022046,0.05871555104458315,0.3943869141989894,-0.030963315096784794,0.5309633150967847,-1.1102230246251565e-16,2.1713886244612013e-10,0.019386914198989413,9.813738710562347e-11
0.5,11,26,0.4911559223907643,1.0144611398936714,0.50101602274396,0.435343482656237,0.3970598053472819,0.059679062922962545,0.358837061799633,0.4375,0.375,0.0625,0.375,0.0,4,1.8175868473329422,0.9285070416813777,0.39705980553214804,0.059679062936589276,0.3588370615908134,0.038222743941334625,0.4617772560586654,-1.1102230246251565e-16,2.088195727445452e-10,0.022059805532148036,9.978579074143568e-11
0.5,11,27,0.4917006687521144,1.0226897667275874,0.5046459892753612,0.43734326645715993,0.4036658700299607,0.059142782622739754,0.3534671303007681,0.4375,0.375,0.0625,0.375,0.0,1,1.3251401111840981,2.207478590520957,0.40366586984408376,0.059142782610118835,0.3534671305074537,0.05019873933663005,0.44980126066336995,5.551115123125783e-17,2.066856130689132e-10,0.028665869844083758,9.983347482034333e-11
0.5,11,28,0.5182989868515555,0.9648776507418872,0.4995344902031335,0.44150551466835886,0.33623846203545443,0.0691850655743646,0.401330320225772,0.4375,0.375,0.0625,0.375,0.0,1,1.8369583398822102,0.8847197460365943,0.33623846219215,0.06918506559816096,0.4013303200172263,-0.06509185782507632,0.5650918578250763,-1.1102230246251565e-16,2.0854568072437019e-10,0.03876153780785002,9.824591140628058e-11
0.5,11,29,0.5018504330494334,1.0172470603056425,0.5030524883965,0.4404058078957187,0.3787938193548751,0.0609908292133704,0.3742456865549443,0.4375,0.375,0.0625,0.375,0.0,0,1.8203414668854383,0.9125174994151202,0.3787938191790008,0.06099082919746934,0.37424568676255243,0.004548132416448358,0.49545186758355164,0.0,2.0760815289122547e-10,0.0037938191790007902,9.838618808544197e-11
0.5,11,30,0.4953891215744613,0.9508974849123925,0.5071282461289199,0.4350786244254088,0.38915086109521546,0.06932320098423833,0.3477981458770454,0.4375,0.375,0.0625,0.375,0.0,5,1.8372303822481755,0.9400543466261185,0.389150860932338,0.0693232009679611,0.34779814606667325,0.041352714865664775,0.4586472851343352,-1.1102230246251565e-16,1.8962786896281614e-10,0.027201853933326747,9.815293022796823e-11
0.5,11,31,0.5171780707624022,1.0124534726731582,0.47500441818506567,0.4335986388735813,0.29934720802881765,0.058103877374665935,0.463059597958673,0.4375,0.375,0.0625,0.375,0.0,0,1.8142413167115148,0.8223722542575214,0.2993472082087166,0.05810387740192645,0.463059597704697,-0.16371238949598044,0.6637123894959804,-1.1102230246251565e-16,2.539760068920316e-10,0.08805959770469701,9.940231970873015e-11
0.5,11,32,0.47626775126881965,1.0191251347325165,0.487239158437029,0.42469592599544903,0.4048452578052256,0.05572741526455299,0.35934709439318335,0.4375,0.375,0.0625,0.375,0.0,3,1.80911231794591,0.9279754634081314,0.40484525800097904,0.055727415276598184,0.3593470941766436,0.045498163824335414,0.4545018361756646,0.0,2.1653973059088116e-10,0.029845258000979036,9.800327216424876e-11
0.5,11,33,0.463984420759158,1.0021610286143983,0.5315504977072547,0.4316050958652259,0.514667949252934,0.05676462770021762,0.2557045632524126,0.4375,0.375,0.0625,0.375,0.0,0,1.8113632731984832,1.0406351635218758,0.514667949045268,0.05676462770225419,0.25570456342984227,0.25896338561542576,0.24103661438457424,0.0,2.0766599551080844e-10,0.13966794904526803,9.997114247539685e-11
0.5,11,34,0.5158503544481087,1.0018277406764677,0.47014627155200506,0.43032046914917865,0.2924619789114947,0.058257005702209985,0.4702586889267971,0.4375,0.375,0.0625,0.375,0.0,0,1.3270242574130522,2.3264356125128907,0.29246197909185034,0.058257005730881224,0.47025868866781345,-0.1777967095759631,0.6777967095759632,1.1102230246251565e-16,2.5898366784460336e-10,0.09525868866781345,9.940387402096462e-11
0.5,11,35,0.4959039222146763,1.0034999547929642,0.4978238569923687,0.43535720040337345,0.37988778017740077,0.061284703692388476,0.37256182125880877,0.4375,0.375,0.0625,0.375,0.0,1,1.820954771819329,0.9142580809825502,0.3798877799987273,0.0612847036762771,0.3725618214692702,0.007325958529457111,0.4926740414705429,0.0,2.1046142606451212e-10,0.004887779998727304,9.908662779167798e-11
0.5,11,36,0.5103685331338894,0.9521905324666367,0.4811378951942644,0.4304531439049738,0.3186256613319882,0.06683901026952488,0.4243963357981283,0.4375,0.375,0.0625,0.375,0.0,0,1.8322989864512016,0.8612929289578612,0.31862566149793664,0.06683901029651527,0.42439633556868267,-0.10577067407074603,0.605770674070746,-1.1102230246251565e-16,2.2944562916293876e-10,0.05637433850206336,9.971051762036609e-11
0.5,11,37,0.47022649255057175,0.9714791656329729,0.5369178529093431,0.43432232692521255,0.4992380430860074,0.06247455039300892,0.2586515760939344,0.4375,0.375,0.0625,0.375,0.0,3,1.3181686451304195,2.1043287655462803,0.4992380432765047,0.06247455039312074,0.25865157592689647,0.2405864673496082,0.2594135326503918,5.551115123125783e-17,1.904972846134001e-10,0.12423804327650467,9.913486698209795e-11
0.5,11,38,0.49188447354951303,1.0442563193181673,0.4815744933100963,0.42990235598821336,0.3622216719414588,0.05419438664999726,0.4052089792068343,0.4375,0.375,0.0625,0.375,0.0,1,1.3358437365750342,2.2608262645086628,0.36222167213601797,0.054194386667117234,0.4052089789709867,-0.04298730683496871,0.5429873068349687,-1.1102230246251565e-16,2.3584761921213726e-10,0.030208978970986677,9.872624939788466e-11
0.5,11,39,0.5537211120494806,0.9888913671555241,0.5046217035686755,0.45639880849828285,0.2893958700249571,0.06927622980561443,0.45112514644487767,0.4375,0.375,0.0625,0.375,0.0,7,1.8371379059615622,0.8343511870054393,0.28939587017491764,0.06927622983659333,0.4511251462196177,-0.16172927604470005,0.6617292760447,-5.551115123125783e-17,2.2525997733779946e-10,0.08560412982508236,9.94562210365757e-11
0.5,11,40,0.5134942875380704,0.9511222592620767,0.5298928636182083,0.44993860277224507,0.3898375239148902,0.07494827848741703,0.3368120189287915,0.4375,0.375,0.0625,0.375,0.0,0,1.8481036439819496,0.951631682482336,0.38983752406399813,0.07494827850422026,0.33681201875413747,0.053025505309860665,0.44697449469013933,-1.1102230246251565e-16,1.746540134739405e-10,0.038187981245862535,9.849943083395374e-11
0.5,11,41,0.5511943745555824,0.9757454109808881,0.4984817460383777,0.45197361151248283,0.28315924086124095,0.06961923132388903,0.4573230357536199,0.4375,0.375,0.0625,0.375,0.0,1,1.8378125378528856,0.8281271170684862,0.2831592407110134,0.06961923129140409,0.4573230359833207,-0.1741637952723073,0.6741637952723073,-2.220446049250313e-16,2.2970081392514885e-10,0.0918407592889866,9.932543676427485e-11
0.5,11,42,0.5016272646029827,1.0300800941151347,0.5255158703855805,0.4490353078908693,0.42024176092842025,0.06156929867573829,0.332643186934844,0.4375,0.375,0.0625,0.375,0.0,4,1.8215474021569975,0.9560488189281181,0.4202417611027502,0.061569298686093316,0.3326431867481415,0.08759857435460872,0.4124014256453913,-5.551115123125783e-17,1.867025423152313e-10,0.04524176110275019,9.796219391233763e-11
0.5,11,43,0.4899937430024376,0.9631165213054833,0.4695168465163101,0.4195987807323017,0.3361593553910087,0.061548976007416156,0.4166069135285062,0.4375,0.375,0.0625,0.375,0.0,0,1.8215051254901133,0.8691828046123851,0.3361593555732476,0.06154897603075054,0.41660691329045396,-0.08044755771720635,0.5804475577172064,0.0,2.3805224458328667e-10,0.04160691329045396,9.975392734062893e-11
0.5,11,44,0.5353890134829111,0.9848925322563958,0.5166572732022308,0.4554969024176655,0.33609014326604764,0.07097381642344569,0.39805178608496944,0.4375,0.375,0.0625,0.375,0.0,6,1.84046190397367,0.8880663244461935,0.3360901434153547,0.07097381644703936,0.39805178588527274,-0.06196164246991803,0.5619616424699181,-1.6653345369377348e-16,1.996967036177466e-10,0.0389098565846453,9.84524684000121e-11
0.5,11,45,0.484109149674249,0.9906902081703912,0.49208434029737524,0.42791532447629677,0.39254256120948794,0.060613465754746076,0.3613866514107193,0.4375,0.375,0.0625,0.375,0.0,0,1.3220407598045196,2.215741258349365,0.392542561027367,0.06061346574038141,0.36138665161880845,0.031155909408558558,0.46884409059144144,-1.1102230246251565e-16,2.0808915701664432e-10,0.01754256102736701,9.789391519632318e-11
0.5,11,46,0.5068527397282073,1.0341185272148765,0.49302517229401915,0.43932951089348293,0.3525894145451051,0.05822719641509683,0.40647980832099895,0.4375,0.375,0.0625,0.375,0.0,2,1.3270878979138574,2.262120244090574,0.35258941472464106,0.05822719643392498,0.4064798080969356,-0.053890393372294565,0.5538903933722945,-1.6653345369377348e-16,2.2406332345070723e-10,0.031479808096935624,9.821887747563096e-11
0.5,11,47,0.48623235521313507,0.9670714646619452,0.4962447538635815,0.4287615762939406,0.3919855757320171,0.0643965698540872,0.35444086833921506,0.4375,0.375,0.0625,0.375,0.0,6,1.827366806342627,0.9330959240059965,0.39198557555743363,0.064396569838934,0.35444086853980616,0.037544707017627466,0.46245529298237253,-1.1102230246251565e-16,2.0059109928638463e-10,0.020559131460193836,9.814460355528354e-11
0.5,11,48,0.5230541242053786,0.9973582580554962,0.5089400989016905,0.44908344513257803,0.346344849860951,0.06671674230053687,0.3956965654034953,0.4375,0.375,0.0625,0.375,0.0,0,1.832054094729822,0.8904732997161745,0.3463448496996616,0.06671674227895681,0.3956965656115473,-0.049351715911885696,0.5493517159118857,-1.1102230246251565e-16,2.080520200564706e-10,0.028655150300338383,9.965889224972102e-11
0.5,11,49,0.5013312987574565,1.019802185378087,0.5359939678068447,0.45164945395194345,0.43665270020726377,0.06347626116488736,0.31345233134423656,0.4375,0.375,0.0625,0.375,0.0,1,1.8254858470212685,0.9765696776256918,0.43665270003355733,0.06347626115631401,0.3134523315230216,0.12320036851053573,0.37679963148946427,-1.1102230246251565e-16,1.7878504232626824e-10,0.06165270003355733,9.93162774243217e-11
0.55,12,0,0.5566371327589539,1.0082764323439743,0.46879034747814036,0.4405581705153392,0.22743978788157088,0.056776592733723874,0.5476013747561245,0.42802398989898993,0.2038452708907253,0.051773989898989736,0.586966891133558,-0.3831216202428327,3,1.3302035271580783,2.403868065871336,0.22743978805524556,0.05677659277387776,0.5476013744635416,-0.32016158640829606,0.8201615864082961,-5.551115123125783e-17,2.9258284683919555e-10,0.03936551667001642,9.948414314564502e-11
0.55,12,1,0.5790394537681783,1.0140548955666309,0.4508020703555301,0.43459602925821716,0.16735612751356327,0.04771180975163353,0.6417624349303722,0.42802398989898993,0.2038452708907253,0.051773989898989736,0.586966891133558,-0.3831216202428327,4,1.7910019972086058,0.6416642512259457,0.16735612770375932,0.04771180980482654,0.6417624345664175,-0.47440630686265817,0.9744063068626582,-2.220446049250313e-16,3.6395475522255083e-10,0.05479554343285942,9.925871236049488e-11
0.55,12,2,0.5469409644344987,0.984310338773419,0.46002967566589326,0.43219289405558003,0.22666517174219125,0.0574182775030983,0.5471451855230722,0.42802398989898993,0.2038452708907253,0.051773989898989736,0.586966891133558,-0.3831216202428327,2,1.8127719019416497,0.738182838448333,0.22666517191831903,0.05741827754462075,0.5471451852248251,-0.3204800133065061,0.8204800133065061,0.0,2.9824709368853064e-10,0.03982170590873291,9.979206350152481e-11
0.55,12,3,0.5328413183572938,0.9949536891475124,0.47154916527311164,0.4353424157383856,0.2671407261198251,0.059716145289461675,0.49535449787736874,0.42802398989898993,0.2038452708907253,0.051773989898989736,0.586966891133558,-0.3831216202428327,1,1.3239275488493654,2.3515489209682796,0.2671407262912196,0.05971614532250783,0.49535449761396977,-0.22821377132275017,0.7282137713227501,-5.551115123125783e-17,2.633989693023864e-10,0.09161239351958828,9.843353909744224e-11
0.55,12,4,0.5686994762525162,0.9622788575974186,0.47656880860262796,0.4446877423679393,0.22587959318774953,0.06534266823357471,0.531617393569316,0.42802398989898993,0.2038452708907253,0.051773989898989736,0.586966891133558,-0.3831216202428327,3,1.3123051792498142,2.3878329931279305,0.22587959303252594,0.06534266818993326,0.5316173938426675,-0.30573780081014157,0.8057378008101416,-5.551115123125783e-17,2.7335145258433613e-10,0.05534949729089056,9.92278481604103e-11
0.55,12,5,0.5894368607622106,0.940433663241747,0.4380330497628012,0.4242247030571864,0.14323406570708275,0.05078830003977319,0.6666945293614484,0.42802398989898993,0.2038452708907253,0.051773989898989736,0.586966891133558,-0.3831216202428327,3,1.7981115180338447,0.6154501559234095,0.14323406588995008,0.05078830010628191,0.6666945289725831,-0.5234604630826329,1.023460463082633,5.551115123125783e-17,3.888652733152753e-10,0.07972763783902503,9.908107667655486e-11
0.55,12,6,0.5441954230200285,0.9794181891229464,0.4460588222494689,0.42345149842968444,0.20601274035478495,0.0533444272112657,0.5808512080068982,0.42802398989898993,0.2038452708907253,0.051773989898989736,0.586966891133558,-0.3831216202428327,0,1.3377278426447825,2.4374022545524334,0.20601274054110677,0.05334442725695281,0.5808512076792682,-0.3748384671381615,0.8748384671381615,5.551115123125783e-17,3.2762992319135265e-10,0.006115683454289811,9.951528490148576e-11
0.55,12,7,0.5271006812534726,1.0298219553922587,0.44497210495145345,0.4216941631758162,0.22572316809636855,0.048099867043521205,0.568981798066384,0.42802398989898993,0.2038452708907253,0.051773989898989736,0.586966891133558,-0.3831216202428327,3,1.3496821404955108,2.4253970165321217,0.22572316829894123,0.0480998670819016,0.5689817977375967,-0.3432586294386555,0.8432586294386555,1.1102230246251565e-16,3.2878733069452437e-10,0.02187789740821594,9.934797429167475e-11
0.55,12,8,0.5576060498436338,0.9814700798696806,0.45688073957003883,0.4325795175803371,0.2071235404350199,0.056161420579734056,0.5733781307421305,0.42802398989898993,0.2038452708907253,0.051773989898989736,0.586966891133558,-0.3831216202428327,3,1.331536081908311,2.4298386023134824,0.20712354061122057,0.05616142062551718,0.5733781304287329,-0.3662545898175123,0.8662545898175122,-1.6653345369377348e-16,3.133976411717754e-10,0.013588760704825176,9.952749735475663e-11
0.55,12,9,0.5750130852420763,0.9696660770877659,0.4504177233346999,0.43141060967786726,0.17590354139041348,0.05387866754057247,0.6172480367487284,0.42802398989898993,0.2038452708907253,0.051773989898989736,0.586966891133558,-0.3831216202428327,0,1.3365419534984624,2.4745445674310664,0.1759035415686062,0.05387866759492074,0.6172480364042419,-0.44134449483563565,0.9413444948356356,-1.1102230246251565e-16,3.4448655039653886e-10,0.030281145270683818,9.958239788332435e-11
0.55,12,10,0.5487207044974238,1.0246581169825515,0.4594459860786495,0.4344749576058009,0.22123828027215442,0.052126582257689624,0.5651698237444499,0.42802398989898993,0.2038452708907253,0.051773989898989736,0.586966891133558,-0.3831216202428327,6,1.8011403422894658,0.7200423928047633,0.22123828045713897,0.05212658229758506,0.5651698234345462,-0.34393154297740725,0.8439315429774072,-2.220446049250313e-16,3.0990365829097755e-10,0.021797067699011796,9.890210872498528e-11
0.55,12,11,0.5927350062766196,0.9818451735416379,0.42689134791965144,0.4187040912398342,0.11455583935214253,0.03844495840379136,0.7333384472471662,0.42802398989898993,0.2038452708907253,0.051773989898989736,0.586966891133558,-0.3831216202428327,6,1.3734438797480255,2.598959334027635,0.11455583913459878,0.0384449583299834,0.7333384477189813,-0.6187826085843825,1.1187826085843824,-1.1102230246251565e-16,4.718150314886316e-10,0.14637155658542322,9.955530844152349e-11
0.55,12,12,0.5858417823988362,1.018278000914297,0.47583519723045653,0.45134726912237655,0.2011225089675327,0.056358826711210674,0.5803108895645817,0.42802398989898993,0.2038452708907253,0.051773989898989736,0.586966891133558,-0.3831216202428327,1,1.8104849271430694,0.7047378741072023,0.2011225091355704,0.05635882675683632,0.5803108892600579,-0.3791883801244875,0.8791883801244875,0.0,3.0452373955824896e-10,0.006656001873500128,9.964312708277134e-11
0.55,12,13,0.5559979705648672,0.9877877156348049,0.4403289011563809,0.4227057813744737,0.17948324039498403,0.04906594030229178,0.6232766692284712,0.42802398989898993,0.2038452708907253,0.051773989898989736,0.586966891133558,-0.3831216202428327,1,1.7941572802116679,0.6608370711267817,0.17948324058744586,0.0490659403532908,0.6232766688710462,-0.4437934282836003,0.9437934282836002,-1.1102230246251565e-16,3.5742508952552043e-10,0.036309777737488114,9.866907291211646e-11
0.55,12,14,0.5334562236569107,0.9827090418297861,0.4418428511669946,0.4189386217587664,0.21301500612685753,0.05211575250135009,0.5750683056931615,0.42802398989898993,0.2038452708907253,0.051773989898989736,0.586966891133558,-0.3831216202428327,6,1.8011159807317656,0.7100449392707898,0.21301500631944342,0.05211575254514955,0.575068305363229,-0.3620532990437855,0.8620532990437855,-1.1102230246251565e-16,3.299325257444252e-10,0.011898585770329095,9.974521208988563e-11
0.55,12,15,0.5568965509931941,0.9861091178179091,0.460200904889562,0.43458103128600867,0.21345079667452171,0.05676809223601931,0.5643871680749543,0.42802398989898993,0.2038452708907253,0.051773989898989736,0.586966891133558,-0.3831216202428327,6,1.3302218941274166,2.420760952730072,0.2134507968478705,0.05676809227984368,0.5643871677712762,-0.3509363709234057,0.8509363709234057,-5.551115123125783e-17,3.03678082680392e-10,0.022579723362281867,9.872908046659745e-11
0.55,12,16,0.5326191497182127,1.028321080174728,0.4459882890107273,0.42343158231871736,0.21931033152294593,0.04826093178069857,0.5762370287561484,0.42802398989898993,0.2038452708907253,0.051773989898989736,0.586966891133558,-0.3831216202428327,0,1.3493060796627354,2.4327300498121707,0.21931033172392658,0.04826093182055927,0.5762370284242209,-0.3569266967002943,0.8569266967002943,5.551115123125783e-17,3.3192748549737416e-10,0.015465060833201288,9.955353208468409e-11
0.55,12,17,0.5741311129031187,0.9697017862574004,0.4482789215368268,0.42993289535833445,0.1733260530047932,0.053041128418025385,0.6223512310663064,0.42802398989898993,0.2038452708907253,0.051773989898989736,0.586966891133558,-0.3831216202428327,0,1.8031890641683546,0.6617917570251003,0.1733260531858165,0.053041128473183576,0.622351230715145,-0.44902517752932847,0.9490251775293285,-1.1102230246251565e-16,3.5116143326519023e-10,0.03538433958158693,9.993023075693941e-11
0.55,12,18,0.5278939910218392,1.0320639840504788,0.46996906062848914,0.43534551131655275,0.27228506194707836,0.054848381258648216,0.5000346705268098,0.42802398989898993,0.2038452708907253,0.051773989898989736,0.586966891133558,-0.3831216202428327,0,1.3344034903891084,2.356229160994645,0.27228506176212813,0.05484838122781213,0.5000346708022725,-0.22774960904014435,0.7277496090401443,1.1102230246251565e-16,2.7546265268796333e-10,0.08693222033128556,9.987388693843968e-11
0.55,12,19,0.5265263577485545,1.0058384057801442,0.4572919749984309,0.42705840985279975,0.25123568203641344,0.05452027603818943,0.5246923778217848,0.42802398989898993,0.2038452708907253,0.051773989898989736,0.586966891133558,-0.3831216202428327,0,1.806467617808317,0.7606957379847987,0.2512356822222725,0.05452027607328416,0.5246923775305938,-0.27345669530832134,0.7734566953083213,-2.220446049250313e-16,2.91190960233223e-10,0.06227451360296421,9.908762699240015e-11
0.55,12,20,0.5518733813525835,1.019073743129294,0.4484811925708344,0.4284555341682663,0.1970640349463652,0.04878392880404181,0.6020023189398331,0.42802398989898993,0.2038452708907253,0.051773989898989736,0.586966891133558,-0.3831216202428327,0,1.7935036008990173,0.6826747362381811,0.19706403514082224,0.04878392884933859,0.6020023185976191,-0.40493828345679683,0.9049382834567968,-1.1102230246251565e-16,3.4221403488743363e-10,0.015035427464061057,9.949063795033908e-11
0.55,12,21,0.5575354585929571,0.9881526819420752,0.437257500109398,0.4210593835548081,0.17190441237527287,0.047581318033610154,0.636236018986876,0.42802398989898993,0.2038452708907253,0.051773989898989736,0.586966891133558,-0.3831216202428327,1,1.7906957034254938,0.6474174892115945,0.17190441257271666,0.04758131808683808,0.6362360186148314,-0.4643316060421147,0.9643316060421148,-5.551115123125783e-17,3.7204461733608696e-10,0.04926912748127332,9.931594435741431e-11
0.55,12,22,0.5596423531088375,1.0148747794285091,0.4379330729313982,0.42307935982916134,0.16753005898575762,0.04437839274562383,0.649149263721709,0.42802398989898993,0.2038452708907253,0.051773989898989736,0.586966891133558,-0.3831216202428327,0,1.3585444268451825,2.5076492523645295,0.16753005919122316,0.04437839279824097,0.6491492633372051,-0.48161920414598197,0.9816192041459819,-1.6653345369377348e-16,3.8450387318533785e-10,0.062182372203647085,9.94883619931386e-11
0.55,12,23,0.5013700631879631,1.033964487813206,0.4861155144403788,0.4345665545394891,0.35059779098724175,0.05675497897601711,0.4116401949878745,0.42802398989898993,0.2038452708907253,0.051773989898989736,0.586966891133558,-0.3831216202428327,2,1.3302502304621213,2.267368188728966,0.3505977911740067,0.05675497899520508,0.4116401947544363,-0.061042403580429616,0.5610424035804296,-1.1102230246251565e-16,2.3343821320409575e-10,0.17532669637912174,9.938688760868786e-11
0.55,12,24,0.5988441935971296,0.9539512178430233,0.4612880128493723,0.441336757525153,0.16887551901384473,0.05876374662550621,0.6159901795613646,0.42802398989898993,0.2038452708907253,0.051773989898989736,0.586966891133558,-0.3831216202428327,0,1.325944732240901,2.473251033704642,0.16887551917681365,0.05876374668378386,0.6159901792292791,-0.4471146600524655,0.9471146600524655,0.0,3.320854702337783e-10,0.034969751713911645,9.944789436389101e-11
0.55,12,25,0.5892822629628064,1.007880764836997,0.42971278709703514,0.421350457978532,0.11884625131513904,0.037180989987942725,0.7303540291473476,0.42802398989898993,0.2038452708907253,0.051773989898989736,0.586966891133558,-0.3831216202428327,1,1.3767572563539079,2.5955908892401776,0.11884625153754434,0.03718099005761462,0.7303540286789407,-0.6115077771413964,1.1115077771413964,0.0,4.684068688476373e-10,0.14338713754538268,9.977063619714954e-11
0.55,12,26,0.5505504400730172,1.0275448688226052,0.42685784411982375,0.4148030797053829,0.15610650468853648,0.039368082806676974,0.6756490652342458,0.42802398989898993,0.2038452708907253,0.051773989898989736,0.586966891133558,-0.3831216202428327,7,1.770535725811043,0.6059195406436563,0.15610650446288005,0.039368082751912545,0.6756490656571223,-0.5195425611942424,1.0195425611942424,0.0,4.2287651158545714e-10,0.0886821745235643,9.99627047804097e-11
0.55,12,27,0.5645313470643725,1.0295849237435217,0.3967436368788811,0.39389916441761785,0.07532411638202657,0.021397802034692714,0.8301216567574445,0.42802398989898993,0.2038452708907253,0.051773989898989736,0.586966891133558,-0.3831216202428327,2,1.7176029683232579,0.42482682325153764,0.0753241160632643,0.02139780194467539,0.8301216574446183,-0.754797541381354,1.254797541381354,0.0,6.871737623370677e-10,0.24315476631106026,9.979983506269718e-11
0.55,12,28,0.5216606205576619,1.0145460924316074,0.46526485618284,0.43033145813232254,0.27385367818599654,0.055674121275378685,0.4964673629842016,0.42802398989898993,0.2038452708907253,0.051773989898989736,0.586966891133558,-0.3831216202428327,0,1.8089961295700436,0.7889308300776171,0.2738536783696116,0.05567412130629369,0.4964673627109178,-0.22261368434130618,0.7226136843413062,-1.1102230246251565e-16,2.7328378449098523e-10,0.09049952842264025,9.894696173518014e-11
0.55,12,29,0.5539339635173393,0.9629745560710394,0.4485726566282653,0.42598955799572,0.1987992987387342,0.055819713588072695,0.5843310034959056,0.42802398989898993,0.2038452708907253,0.051773989898989736,0.586966891133558,-0.3831216202428327,2,1.332279236006054,2.440930526153975,0.19879929855939887,0.055819713539222375,0.5843310038222328,-0.3855317052628339,0.885531705262834,-1.1102230246251565e-16,3.263271874942575e-10,0.00504597233132642,9.984912896499054e-11
0.55,12,30,0.5440598036192423,0.9520647091786902,0.4577541965194135,0.4283920203852263,0.22791737884014246,0.06121161792980967,0.5376551797027748,0.42802398989898993,0.2038452708907253,0.051773989898989736,0.586966891133558,-0.3831216202428327,2,1.8208023731974836,0.747707297747698,0.22791737867071868,0.06121161788671399,0.5376551799937751,-0.3097378013230564,0.8097378013230564,0.0,2.9100033493989486e-10,0.04931171113978294,9.945166912217474e-11
0.55,12,31,0.5323819054177388,0.994819991486904,0.45864369296004476,0.4286133162846022,0.24493147401184184,0.056113691701080326,0.5285000379895148,0.42802398989898993,0.2038452708907253,0.051773989898989736,0.586966891133558,-0.3831216202428327,0,1.3316397559956086,2.384709983309732,0.24493147419317746,0.05611369173806181,0.5285000376988104,-0.2835685635056329,0.7835685635056329,-5.551115123125783e-17,2.9070446050383225e-10,0.05846685343474767,9.929468358649274e-11
0.55,12,32,0.5339658597331726,0.9891715791665919,0.46861048944847117,0.4338265572203138,0.2602898837193854,0.05966504732757605,0.503236017767605,0.42802398989898993,0.2038452708907253,0.051773989898989736,0.586966891133558,-0.3831216202428327,0,1.3240353901777673,2.359430530281306,0.26028988389229507,0.059665047362324926,0.5032360174972301,-0.24294613360493506,0.742946133604935,-5.551115123125783e-17,2.703748336330136e-10,0.08373087363632792,9.923639687769992e-11
0.55,12,33,0.550481505156141,1.0477924712401743,0.45474453830223116,0.43329442523017137,0.20856062217622545,0.047849718336251235,0.5901095291797993,0.42802398989898993,0.2038452708907253,0.051773989898989736,0.586966891133558,-0.3831216202428327,3,1.7913252677250726,0.6947935872979127,0.2085606219798473,0.047849718294893324,0.5901095295128147,-0.38154890753296744,0.8815489075329674,1.6653345369377348e-16,3.3301539303920435e-10,0.004715351089121994,9.95995508290548e-11
0.55,12,34,0.5055577845870041,1.0047330417544718,0.4461919139228139,0.41582217046840053,0.2645297645127037,0.051957984561870174,0.5152114543508373,0.42802398989898993,0.2038452708907253,0.051773989898989736,0.586966891133558,-0.3831216202428327,1,1.340831843948392,2.3714082917227106,0.26452976471285866,0.05195798459453332,0.5152114540505007,-0.25068168933764207,0.750681689337642,-1.1102230246251565e-16,3.003365334208752e-10,0.07175543708305732,9.988210258882191e-11
0.55,12,35,0.5367426360425166,1.0077825470376922,0.47619594092788164,0.4394505107831215,0.2692381772957932,0.059329908704577106,0.49380356919903845,0.42802398989898993,0.2038452708907253,0.051773989898989736,0.586966891133558,-0.3831216202428327,7,1.8168488843344426,0.7915947525586593,0.26923817712428716,0.05932990867222281,0.4938035694608231,-0.22456539233653594,0.7245653923365359,-1.1102230246251565e-16,2.6178464951343017e-10,0.09316332167273494,9.887196616986671e-11
0.55,12,36,0.5451718689040661,1.012538713174922,0.39985629779806703,0.39417032752891645,0.10876583374594062,0.028938855121061424,0.7642059040470993,0.42802398989898993,0.2038452708907253,0.051773989898989736,0.586966891133558,-0.3831216202428327,3,1.3998507274564358,2.6345588825816884,0.10876583402112786,0.028938855193039167,0.7642059034896376,-0.6554400694685097,1.1554400694685096,0.0,5.574617434334073e-10,0.17723901235607953,9.95666882275259e-11
0.55,12,37,0.5086123594962488,1.0388349375963373,0.43379044974659253,0.4115157056285563,0.23241478569288648,0.04476740765967996,0.5689399711246815,0.42802398989898993,0.2038452708907253,0.051773989898989736,0.586966891133558,-0.3831216202428327,1,1.3576018798409633,2.425354785981913,0.2324147859127473,0.044767407696195916,0.5689399707794499,-0.3365251848667026,0.8365251848667026,-1.1102230246251565e-16,3.452316210683648e-10,0.028569515022022013,9.999212569056226e-11
0.55,12,38,0.5435473520069751,1.0020839941394453,0.45397119636642136,0.4290525010894437,0.21984394604607588,0.05330298153354124,0.5642270782305713,0.42802398989898993,0.2038452708907253,0.051773989898989736,0.586966891133558,-0.3831216202428327,0,1.803772577322627,0.7209931308109977,0.2198439458601237,0.05330298149191634,0.5642270785450968,-0.3443831326849731,0.8443831326849731,1.1102230246251565e-16,3.1452551674249207e-10,0.02273981258846125,9.975875681078605e-11
0.55,12,39,0.5829039990269769,1.028476513121554,0.46994452918984897,0.4478606235944186,0.19426088573793365,0.053098249636652495,0.5958466508522146,0.42802398989898993,0.2038452708907253,0.051773989898989736,0.586966891133558,-0.3831216202428327,2,1.8033164685694536,0.6889545858969714,0.19426088556187182,0.05309824959022563,0.5958466511722013,-0.40158576561032944,0.9015857656103294,-5.551115123125783e-17,3.199867038006232e-10,0.009584385328853473,9.987677351830371e-11
0.55,12,40,0.5512625579083186,0.9837027223422239,0.4765208356092224,0.4419018107716214,0.24843843506778251,0.0625495624720217,0.5108209557661197,0.42802398989898993,0.2038452708907253,0.051773989898989736,0.586966891133558,-0.3831216202428327,2,1.3180137147091988,2.367016290578951,0.24843843522923767,0.06254956250923048,0.5108209555025288,-0.2623825202732911,0.7623825202732911,-2.220446049250313e-16,2.6359092686334407e-10,0.07614593563102923,9.819378643527443e-11
0.55,12,41,0.5605582741061317,0.9981053385117856,0.42798456211528046,0.4158997341518659,0.14963654070638366,0.041890533980921296,0.6780818591130563,0.42802398989898993,0.2038452708907253,0.051773989898989736,0.586966891133558,-0.3831216202428327,1,1.3646679584745487,2.5382740689261563,0.14963654091916417,0.04189053403936785,0.6780818586980605,-0.5284453177788964,1.0284453177788964,-5.551115123125783e-17,4.149958154897604e-10,0.09111496756450244,9.890771535125964e-11
0.55,12,42,0.5910310727047741,0.9781304043414081,0.4218643327025551,0.4146540780922249,0.10784569752107881,0.036458559946636604,0.7472845400270277,0.42802398989898993,0.2038452708907253,0.051773989898989736,0.586966891133558,-0.3831216202428327,6,1.7629172737966385,0.5267286838105683,0.10784569774656964,0.03645856002371816,0.747284539532395,-0.6394388417858254,1.1394388417858254,-1.1102230246251565e-16,4.946326681576352e-10,0.160317648398837,9.95024063144001e-11
0.55,12,43,0.539954638496737,0.9874403592703294,0.47370501623047084,0.4378357174330948,0.2600335368419552,0.061291983813754336,0.500115507364317,0.42802398989898993,0.2038452708907253,0.051773989898989736,0.586966891133558,-0.3831216202428327,5,1.8209699476498031,0.785282655770172,0.26003353667564033,0.06129198377904245,0.5001155076262488,-0.24008197095060846,0.7400819709506085,-2.220446049250313e-16,2.6193180957534423e-10,0.08685138350730925,9.819628443707984e-11
0.55,12,44,0.5429108258313384,0.9467878316668841,0.47594073940363807,0.4370884242142983,0.2592012038526178,0.06772431027946896,0.4879698510040754,0.42802398989898993,0.2038452708907253,0.051773989898989736,0.586966891133558,-0.3831216202428327,3,1.8340659969081046,0.7974294736543981,0.25920120400929203,0.06772431031717827,0.48796985075034033,-0.2287686467410483,0.7287686467410484,-1.1102230246251565e-16,2.5373508849568793e-10,0.09899704038321772,9.929784772211292e-11
0.55,12,45,0.5566035922608487,0.9667215818084628,0.45136049549731744,0.42835761149919227,0.19993237886469034,0.056183865020654256,0.5821519139805409,0.42802398989898993,0.2038452708907253,0.051773989898989736,0.586966891133558,-0.3831216202428327,2,1.331487343844706,2.438720593638636,0.19993237868784583,0.0561838649724478,0.5821519143018683,-0.38221953561402244,0.8822195356140224,0.0,3.2132740912516056e-10,0.0048149768316897434,9.938438960688245e-11
0.55,12,46,0.6116113512143582,0.9673552732886599,0.43500311810217207,0.4261976859698171,0.1128656211078049,0.04176958911524259,0.7281827312564095,0.42802398989898993,0.2038452708907253,0.051773989898989736,0.586966891133558,-0.3831216202428327,2,1.3649700179850692,2.5931475890731512,0.11286562090555752,0.04176958903850632,0.7281827317114132,-0.6153171108058557,1.1153171108058557,-1.1102230246251565e-16,4.5500370138285007e-10,0.1412158405778552,9.964312708277134e-11
0.55,12,47,0.5501590163608514,0.987576494407077,0.4744083706940284,0.44078481373698253,0.2464589202780817,0.061405678236966243,0.5154850277530355,0.42802398989898993,0.2038452708907253,0.051773989898989736,0.586966891133558,-0.3831216202428327,0,1.8212068417414842,0.7699106594487476,0.24645892044298193,0.06140567827449277,0.515485027483686,-0.26902610704070407,0.7690261070407041,0.0,2.693495426697723e-10,0.07148186364987208,9.882999973953588e-11
0.55,12,48,0.5501194217921554,1.0240725667825978,0.41882748754760074,0.40907239880656643,0.14079792406652303,0.036221534257812715,0.7032089712972325,0.42802398989898993,0.2038452708907253,0.051773989898989736,0.586966891133558,-0.3831216202428327,4,1.7622839710543068,0.5761330706735072,0.14079792430485152,0.036221534317318095,0.703208970838698,-0.5624110465338465,1.0624110465338465,-1.1102230246251565e-16,4.58534432645763e-10,0.11624207970514,9.995532179729594e-11
0.55,12,49,0.5794178488412831,0.9769786721342278,0.45531103904589976,0.43559659240691806,0.1783004192472849,0.05450279220562826,0.6128515620161915,0.42802398989898993,0.2038452708907253,0.051773989898989736,0.586966891133558,-0.3831216202428327,0,1.3351635422662222,2.4700268517611836,0.17830041942229063,0.05450279225886311,0.6128515616792551,-0.4345511422569645,0.9345511422569646,-2.220446049250313e-16,3.36936367695273e-10,0.025884670545697097,9.936312883596088e-11
0.6000000000000001,13,0,0.610819438408627,0.9930924115311055,0.39390861450676473,0.39324448148609714,0.03267648021401304,0.012104373795846057,0.9171271638270005,0.3983333333333332,0.052777777777777535,0.018333333333333313,0.8708333333333339,-0.8180555555555563,3,1.681039377971495,0.2920086536018596,0.03267648062578078,0.012104373949309037,0.9171271628015883,-0.8844506821758076,1.3844506821758076,-5.551115123125783e-17,1.0254121995956211e-09,0.046293829468254444,9.995468341905678e-11
0.6000000000000001,13,1,0.5882411740986889,0.9974740723433141,0.3614293915477875,0.3614293915477875,0.0,0.0,1.0,0.3983333333333332,0.052777777777777535,0.018333333333333313,0.8708333333333339,-0.8180555555555563,0,1.5707963465305628,5.294784521229057e-08,1.103048837989169e-15,3.894965184297039e-16,0.9999999999999971,-0.999999999999996,1.499999999999996,0.0,2.886579864025407e-15,0.1291666666666632,7.997274612337617e-10
0.6000000000000001,13,2,0.6139905049439671,1.0100659080103545,0.4033917478921079,0.40217038021593965,0.04437884858071306,0.015924181092746625,0.8895514546525748,0.3983333333333332,0.052777777777777535,0.018333333333333313,0.8708333333333339,-0.8180555555555563,2,1.6973247150867194,0.33878139571359644,0.044378848932406706,0.015924181219821084,0.8895514537990863,-0.8451726048666796,1.3451726048666797,-1.6653345369377348e-16,8.534885020949901e-10,0.018718120465752386,9.973266656970736e-11
0.6000000000000001,13,3,0.5935304363802618,1.0066578357268705,0.3924606381621124,0.3914669735938622,0.041656410602500804,0.014076086251928133,0.8983648020350454,0.3983333333333332,0.052777777777777535,0.018333333333333313,0.8708333333333339,-0.8180555555555563,2,1.4518735288466968,2.8171265894064836,0.04165641021534711,0.014076086120591465,0.8983648029574272,-0.85670839274208,1.35670839274208,-1.6653345369377348e-16,9.223817265535672e-10,0.027531469624093252,9.977021986351531e-11
0.6000000000000001,13,4,0.5980502606629453,0.9912650715762548,0.4009255468006301,0.3988547237084321,0.058565942069240706,0.0204890346972445,0.8568156484003814,0.3983333333333332,0.052777777777777535,0.018333333333333313,0.8708333333333339,-0.8180555555555563,2,1.714429602480589,0.38806400333047514,0.05856594238350969,0.020489034808047497,0.8568156476576404,-0.7982497052741307,1.2982497052741309,-5.551115123125783e-17,7.427409798310691e-10,0.014017685675693503,9.995820837715996e-11
0.6000000000000001,13,5,0.5906204701490723,1.054429000608193,0.41491720065850457,0.41145829714810567,0.07984658036313874,0.023608861372861223,0.8180075534894374,0.3983333333333332,0.052777777777777535,0.018333333333333313,0.8708333333333339,-0.8180555555555563,5,1.416533467558087,2.7008561216489886,0.07984658065241627,0.02360886145811021,0.8180075528610177,-0.7381609722086014,1.2381609722086013,-1.6653345369377348e-16,6.284197606731823e-10,0.05282578047231623,9.98598981283294e-11
0.6000000000000001,13,6,0.5729409044987963,1.0096947081599201,0.4003587866906613,0.39707848097438936,0.07824229473692434,0.023787763231642167,0.8198443549021294,0.3983333333333332,0.052777777777777535,0.018333333333333313,0.8708333333333339,-0.8180555555555563,1,1.4159453896006124,2.7032410923097934,0.07824229503492328,0.02378776332214595,0.8198443542474241,-0.7416020592125008,1.2416020592125008,0.0,6.54705289981905e-10,0.050988979085909825,9.998707417580022e-11
0.6000000000000001,13,7,0.5871302360894282,1.0449105434572332,0.4071859345584458,0.404578291167939,0.06959729198947645,0.02088037145157795,0.839659397323414,0.3983333333333332,0.052777777777777535,0.018333333333333313,0.8708333333333339,-0.8180555555555563,0,1.4257882511840156,2.729611471490793,0.06959729230155311,0.02088037154504416,0.839659396633573,-0.7700621043320199,1.27006210433202,0.0,6.898409621314272e-10,0.031173936699760874,9.97787408252293e-11
0.6000000000000001,13,8,0.6083866393887617,1.000953172477969,0.37287465016944255,0.37287465016944255,0.0,0.0,1.0,0.3983333333333332,0.052777777777777535,0.018333333333333313,0.8708333333333339,-0.8180555555555563,6,1.570798753128523,6.3990225031159606e-06,1.5782256911112593e-11,5.887094866579945e-12,0.9999999999590525,-0.9999999999432703,1.4999999999432703,2.2615243011614439e-13,4.094746763882995e-11,0.12916666662571863,6.179511573114545e-08
0.6000000000000001,13,9,0.57704730196867,0.9799739830024011,0.39785241567012963,0.39461535691815064,0.0754353461396724,0.024797687873180985,0.8213711721479013,0.3983333333333332,0.052777777777777535,0.018333333333333313,0.8708333333333339,-0.8180555555555563,0,1.7289273419532054,0.43636185800785304,0.07543534642934059,0.024797687968891407,0.821371171492015,-0.7459358250626744,1.2459358250626744,0.0,6.558863452355013e-10,0.04946216184131891,9.95730720099175e-11
0.6000000000000001,13,10,0.5671480180292106,1.0059732533952106,0.40423526954808053,0.3996023879908648,0.09345409649235364,0.02769527725505433,0.7884996640221538,0.3983333333333332,0.052777777777777535,0.018333333333333313,0.8708333333333339,-0.8180555555555563,0,1.4035994410571646,2.663719469765469,0.093454096767169,0.0276952773361693,0.7884996634347226,-0.6950455666675536,1.1950455666675537,-1.1102230246251565e-16,5.874312147824412e-10,0.08233366989861135,9.988082583234359e-11
0.6000000000000001,13,11,0.5346261434339163,1.0200077485856751,0.44301196475088783,0.42173249757093534,0.21104773782556968,0.048052020434842635,0.5866374881865788,0.3983333333333332,0.052777777777777535,0.018333333333333313,0.8708333333333339,-0.8180555555555563,1,1.3497939701142603,2.443271480197341,0.21104773762563633,0.04805202039320711,0.5866374885237212,-0.3755897508980849,0.8755897508980849,-1.1102230246251565e-16,3.3714242508864345e-10,0.2841958448096127,9.882750173773047e-11
0.6000000000000001,13,12,0.5866208400072641,0.9955838386957235,0.38999008216845776,0.38879376891984474,0.045928705093960465,0.015452098882389464,0.888399960095105,0.3983333333333332,0.052777777777777535,0.018333333333333313,0.8708333333333339,-0.8180555555555563,0,1.4461674753166485,2.8009786088093116,0.045928705466438735,0.015452099008224352,0.8883999592135884,-0.8424712537471497,1.3424712537471497,0.0,8.815166374631644e-10,0.017566625880254483,9.981912518775005e-11
0.6000000000000001,13,13,0.5672976872300193,1.0391496744969682,0.4136324169682856,0.407869681312769,0.10631984847708914,0.029168799169811077,0.766970662811028,0.3983333333333332,0.052777777777777535,0.018333333333333313,0.8708333333333339,-0.8180555555555563,0,1.3991661954489214,2.637822067104252,0.1063198487418508,0.029168799241483516,0.7669706622678475,-0.6606508135259967,1.1606508135259967,-1.1102230246251565e-16,5.43180500578444e-10,0.10386267106548641,9.989120641762383e-11
0.6000000000000001,13,14,0.6151414974854662,0.9935821799092778,0.38154415767974365,0.38153687995981544,0.0034309503021310306,0.0013123044059796252,0.9910320212481168,0.3983333333333332,0.052777777777777535,0.018333333333333313,0.8708333333333339,-0.8180555555555563,7,1.534527880919012,3.0466600981426737,0.0034375316398604964,0.0013148235081992343,0.9910148505954166,-0.9875773189555561,1.4875773189555561,2.6799840124880348e-11,1.7170652700237987e-05,0.1201815172620827,5.14089752240432e-07
0.6000000000000001,13,15,0.5945369676557833,1.0355392437303417,0.4008523321075784,0.3994084745357922,0.05097491554382888,0.01620899024003708,0.8789195649047673,0.3983333333333332,0.052777777777777535,0.018333333333333313,0.8708333333333339,-0.8180555555555563,0,1.6984573331505606,0.3554007956205637,0.05097491590087112,0.016208990353767983,0.8789195640814026,-0.8279446481805315,1.3279446481805315,5.551115123125783e-17,8.233647097455332e-10,0.00808623074806869,9.99971772053243e-11
0.6000000000000001,13,16,0.5904532000421827,1.0292907634059656,0.41541282707048255,0.4112143618920474,0.08627418756317246,0.026651598510810726,0.8012300677722656,0.3983333333333332,0.052777777777777535,0.018333333333333313,0.8708333333333339,-0.8180555555555563,0,1.406809156294666,2.679484408227846,0.0862741878328542,0.02665159859413053,0.8012300671825031,-0.7149558793496489,1.2149558793496489,-5.551115123125783e-17,5.897624610895491e-10,0.06960326615083079,9.942446865807142e-11
0.6000000000000001,13,17,0.5812670315231085,1.002099094170491,0.37267807677597253,0.3726115807414183,0.011130527380182609,0.00371708139565724,0.9724663478130108,0.3983333333333332,0.052777777777777535,0.018333333333333313,0.8708333333333339,-0.8180555555555563,3,1.63180203454366,0.16670372715080653,0.01113052817228906,0.0037170816604223224,0.9724663458656296,-0.9613358176933405,1.4613358176933406,0.0,1.9473811452286327e-09,0.10163301253229573,9.99751531560733e-11
0.6000000000000001,13,18,0.6120927431611515,0.9791004529669174,0.3992004275667407,0.3978533032695132,0.04571587348114581,0.01735107133468483,0.8839732692976191,0.3983333333333332,0.052777777777777535,0.018333333333333313,0.8708333333333339,-0.8180555555555563,0,1.7029037218895617,0.3475836637699694,0.045715873819747586,0.017351071464483673,0.8839732684600906,-0.838257394640343,1.338257394640343,-1.1102230246251565e-16,8.375284910044911e-10,0.013139935126756708,9.983314175343594e-11
0.6000000000000001,13,19,0.6212504117776847,0.9918212261640892,0.3930663177973702,0.3927365139705754,0.02262586930986643,0.008752875596027887,0.9413141721535576,0.3983333333333332,0.052777777777777535,0.018333333333333313,0.8708333333333339,-0.8180555555555563,4,1.4771024994396023,2.8969067644029436,0.022625869791457028,0.008752875783296308,0.9413141709198594,-0.9186883011284024,1.4186883011284024,-5.551115123125783e-17,1.2336982546656827e-09,0.07048083758652546,9.984429949483342e-11
0.6000000000000001,13,20,0.557015201234832,1.0783838578663012,0.3858172630661395,0.3848275998328057,0.047034606830459014,0.012105180731795673,0.895694958281773,0.3983333333333332,0.052777777777777535,0.018333333333333313,0.8708333333333339,-0.8180555555555563,3,1.6810430673481302,0.3288585021521778,0.04703460726938528,0.012105180843957142,0.8956949573345843,-0.848660350065199,1.348660350065199,-1.1102230246251565e-16,9.471887718603966e-10,0.02486162400125036,9.999495675927506e-11
0.6000000000000001,13,21,0.5744980475575797,1.060879576967002,0.4084396446260689,0.40500509828229814,0.08261454196533657,0.022742825541335387,0.8163159734145499,0.3983333333333332,0.052777777777777535,0.018333333333333313,0.8708333333333339,-0.8180555555555563,3,1.7221811345339333,0.4429246768687558,0.08261454226711365,0.022742825623651913,0.8163159727762712,-0.7337014305091576,1.2337014305091576,-1.1102230246251565e-16,6.382786521541561e-10,0.05451736055706269,9.978345927308396e-11
0.6000000000000001,13,22,0.5795099635833993,0.9824272364051965,0.41954354011531175,0.411807140973496,0.11465211162536071,0.036663947809071784,0.7373381054417593,0.3983333333333332,0.052777777777777535,0.018333333333333313,0.8708333333333339,-0.8180555555555563,2,1.7634644438053328,0.5381001027836981,0.11465211139763717,0.03666394773593895,0.7373381059275627,-0.6226859945299255,1.1226859945299255,-5.551115123125783e-17,4.858033975096987e-10,0.13349522740577124,9.939182810114744e-11
0.6000000000000001,13,23,0.6227716189424313,1.009867941442352,0.3791356316591737,0.3791356316591737,0.0,0.0,1.0,0.3983333333333332,0.052777777777777535,0.018333333333333313,0.8708333333333339,-0.8180555555555563,7,1.5707959964255793,3.1415917903175545,2.839855236446922e-13,1.0914388581162692e-13,0.9999999999992548,-0.9999999999989708,1.4999999999989708,4.551914400963142e-15,7.451816941284051e-13,0.12916666666592092,9.159099177916966e-09
0.6000000000000001,13,24,0.6049460325468747,1.0427214919356507,0.37802585895168156,0.37802585895168156,0.0,0.0,1.0,0.3983333333333332,0.052777777777777535,0.018333333333333313,0.8708333333333339,-0.8180555555555563,4,1.5707871433593452,3.1415677053882267,2.485278474908818e-10,8.43354885243864e-11,0.9999999993775872,-0.9999999991290593,1.4999999991290593,2.9962143877071412e-12,6.224127879761454e-10,0.1291666660442533,2.1153466145112452e-07
0.6000000000000001,13,25,0.5871831537467581,1.0174518496229448,0.40505400175147255,0.40220293055747725,0.07132731459824837,0.02257110468496004,0.8328660360221178,0.3983333333333332,0.052777777777777535,0.018333333333333313,0.8708333333333339,-0.8180555555555563,6,1.721604143045792,0.42116093031005775,0.07132731489726597,0.022571104779771547,0.8328660353504932,-0.7615387204532272,1.2615387204532271,0.0,6.716246447879826e-10,0.03796729798284071,9.945833046032249e-11
0.6000000000000001,13,26,0.6196223687793871,0.9291643320807158,0.42069174282973554,0.4147563788334976,0.08917650111349235,0.03752892134748048,0.7716578572542654,0.3983333333333332,0.052777777777777535,0.018333333333333313,0.8708333333333339,-0.8180555555555563,0,1.3758398588479024,2.643385280211885,0.08917650133032158,0.0375289214418644,0.7716578567264433,-0.6824813553961216,1.1824813553961215,-2.220446049250313e-16,5.278221193449895e-10,0.09917547660689063,9.992839888894878e-11
0.6000000000000001,13,27,0.6544036749226305,0.9903925513521536,0.3695000612683179,0.3695000612683179,0.0,0.0,1.0,0.3983333333333332,0.052777777777777535,0.018333333333333313,0.8708333333333339,-0.8180555555555563,0,1.5707963277457995,2.3592937104215703e-09,1.9835648136496973e-18,9.042162315352606e-19,1.0,-1.0,1.5,0.0,1.9835648136496973e-18,0.1291666666666661,9.97938875603564e-11
0.6000000000000001,13,28,0.58244915767772,1.0061489912145312,0.42298955250071946,0.41554261811032966,0.11386226186292714,0.03503992309034509,0.742260073496421,0.3983333333333332,0.052777777777777535,0.018333333333333313,0.8708333333333339,-0.8180555555555563,3,1.7590966545945623,0.5324908913345529,0.11386226163036102,0.03503992301883243,0.7422600739867647,-0.6283978123564037,1.1283978123564036,-1.6653345369377348e-16,4.903437655912057e-10,0.12857325934656916,9.957440427754705e-11
0.6000000000000001,13,29,0.5737926088886884,0.9358779414974456,0.4108046185482431,0.40296371415792154,0.11265663808410903,0.039106102429202205,0.734469905201781,0.3983333333333332,0.052777777777777535,0.018333333333333313,0.8708333333333339,-0.8180555555555563,1,1.7698610694604902,0.541353143905188,0.112656638306913,0.03910610250774549,0.7344699047116445,-0.6218132664047316,1.1218132664047316,-5.551115123125783e-17,4.901364869525082e-10,0.13636342862168938,9.943323941996596e-11
0.6000000000000001,13,30,0.5960620445028159,0.9911943636928255,0.37786747521837044,0.377777589265739,0.012457539378416649,0.00446887794817008,0.9683887083127249,0.3983333333333332,0.052777777777777535,0.018333333333333313,0.8708333333333339,-0.8180555555555563,0,1.5038967672175416,2.962846696394861,0.012457540085391792,0.004468878202251529,0.9683887065310286,-0.9559311664456368,1.455931166445637,1.1102230246251565e-16,1.7816963460148827e-09,0.0975553731976947,9.996842242898651e-11
0.6000000000000001,13,31,0.5991466876869598,1.0274778155099107,0.42664351216472096,0.4207960537153931,0.09941018435125287,0.031430294276418747,0.7709969366838098,0.3983333333333332,0.052777777777777535,0.018333333333333313,0.8708333333333339,-0.8180555555555563,1,1.3925683378890374,2.6425984284441904,0.09941018459287308,0.03143029435300103,0.7709969361600645,-0.6715867515671914,1.1715867515671914,5.551115123125783e-17,5.237452693762634e-10,0.09983639717326942,9.94043736213257e-11
0.6000000000000001,13,32,0.6223898530107883,1.0199443100806986,0.4042508955263265,0.4034252452365895,0.03625006759183402,0.013182827554459542,0.9088856081893402,0.3983333333333332,0.052777777777777535,0.018333333333333313,0.8708333333333339,-0.8180555555555563,0,1.4557260549980444,2.8349583938397824,0.03625006797749421,0.013182827695567355,0.908885607239551,-0.8726355392620568,1.3726355392620568,-1.1102230246251565e-16,9.497891362286737e-10,0.03805227390621713,9.999656658266076e-11
0.6000000000000001,13,33,0.5732849579955218,1.0237113402556017,0.38811079534215154,0.3869203653924276,0.04802637695947726,0.014549769399557266,0.8876145835067721,0.3983333333333332,0.052777777777777535,0.018333333333333313,0.8708333333333339,-0.8180555555555563,0,1.6917131888741346,0.3418592628264083,0.048026377349538595,0.014549769517663708,0.8876145826190789,-0.8395882052695403,1.3395882052695403,-1.1102230246251565e-16,8.87693252238364e-10,0.01678124928574498,9.972114800582688e-11
0.6000000000000001,13,34,0.6360735115203623,0.9532181776984338,0.39007555676750494,0.3898792692854739,0.016531941720808074,0.0072927769730216085,0.9547179386793824,0.3983333333333332,0.052777777777777535,0.018333333333333313,0.8708333333333339,-0.8180555555555563,0,1.4852944280820528,2.9271572222559636,0.016531942244060887,0.007292777205258989,0.9547179372586316,-0.9381859950145708,1.4381859950145708,-5.551115123125783e-17,1.4207507392782759e-09,0.08388460392529773,9.988396221238816e-11
0.6000000000000001,13,35,0.572442972748884,0.9906147475422048,0.4009993968647651,0.39707906763945566,0.0842660152038614,0.026468332698828645,0.8045439998228822,0.3983333333333332,0.052777777777777535,0.018333333333333313,0.8708333333333339,-0.8180555555555563,3,1.407379036703458,2.683649573324266,0.08426601548338895,0.02646833278677151,0.8045439992065943,-0.7202779837232053,1.2202779837232054,0.0,6.162879095938933e-10,0.06628933412673965,9.936734768345445e-11
0.6000000000000001,13,36,0.5562152344306768,1.0292031179624475,0.41957286371824287,0.4106207944616277,0.13378813190291378,0.035077854197056,0.7152596994492323,0.3983333333333332,0.052777777777777535,0.018333333333333313,0.8708333333333339,-0.8180555555555563,6,1.3823928853413179,2.57872856940977,0.13378813166409215,0.03507785413599354,0.7152596999156159,-0.5814715682515237,1.0814715682515237,0.0,4.663835984075604e-10,0.15557363341771802,9.91218218615586e-11
0.6000000000000001,13,37,0.5985043959243649,0.9781662019715374,0.38752470063137573,0.3868046694747045,0.03447742603237036,0.01262185365090801,0.9130347232322391,0.3983333333333332,0.052777777777777535,0.018333333333333313,0.8708333333333339,-0.8180555555555563,0,1.6833810399279467,0.2993495599607535,0.03447742562210426,0.012621853499807,0.9130347242472657,-0.8785572986251615,1.3785572986251615,-5.551115123125783e-17,1.0150266183117651e-09,0.042201390913931824,9.988537774674455e-11
0.6000000000000001,13,38,0.6245659960376595,1.0331436165044319,0.39658424838830303,0.39643990859533185,0.015349116867129697,0.005554178313206648,0.960994063204802,0.3983333333333332,0.052777777777777535,0.018333333333333313,0.8708333333333339,-0.8180555555555563,4,1.496200803683515,2.9427864281882186,0.015349117470815798,0.005554178532183015,0.9609940616836222,-0.9456449442128064,1.4456449442128063,-5.551115123125783e-17,1.5211797377290281e-09,0.09016072835028832,9.99323401806862e-11
0.6000000000000001,13,39,0.6318980561808092,0.9715014892815541,0.4187225641917075,0.4155081433782366,0.06690200652683981,0.027147284918269454,0.8283749132097777,0.3983333333333332,0.052777777777777535,0.018333333333333313,0.8708333333333339,-0.8180555555555563,3,1.7363153995896914,0.4271478275111161,0.06690200678291403,0.027147285024353755,0.8283749125772016,-0.7614729057942876,1.2614729057942875,-5.551115123125783e-17,6.325761026104715e-10,0.042458420756132265,9.96229765348744e-11
0.6000000000000001,13,40,0.5894917118545365,0.9875739767193656,0.3740267300731068,0.37395869210865196,0.010960895496459955,0.003877599274023369,0.9723046233961183,0.3983333333333332,0.052777777777777535,0.018333333333333313,0.8708333333333339,-0.8180555555555563,3,1.6331070149860665,0.16719719407493824,0.01096089626395874,0.0038775995459398613,0.9723046214685239,-0.9613437252045652,1.4613437252045651,-5.551115123125783e-17,1.9275944174168558e-09,0.10147128813519002,9.99328814144107e-11
0.6000000000000001,13,41,0.6046091067839737,0.9520775544417969,0.4006749046294803,0.3981681039886775,0.06163176449557334,0.02389381803060614,0.8439665328761685,0.3983333333333332,0.052777777777777535,0.018333333333333313,0.8708333333333339,-0.8180555555555563,0,1.72599486419835,0.4060795184854887,0.06163176478195929,0.023893818143359877,0.843966532176095,-0.7823347673941357,1.2823347673941357,0.0,7.000735546824899e-10,0.02686680115723894,9.950368307087842e-11
0.6000000000000001,13,42,0.5941120850883166,0.9913159909979308,0.3994113578881016,0.3973270794391375,0.0592241247608325,0.020429689164280673,0.855982252077226,0.3983333333333332,0.052777777777777535,0.018333333333333313,0.8708333333333339,-0.8180555555555563,0,1.4273726557467044,2.752340407624042,0.05922412507643632,0.02042968927391133,0.8559822513356782,-0.7967581262592418,1.2967581262592418,0.0,7.415478231465045e-10,0.014851081997655724,9.968165182172584e-11
0.6000000000000001,13,43,0.5983687641777407,1.005280919700836,0.3936598193906483,0.392724547961836,0.04000119355763704,0.013795569826829113,0.9015922951780886,0.3983333333333332,0.052777777777777535,0.018333333333333313,0.8708333333333339,-0.8180555555555563,3,1.4530700334039341,2.8225053930119275,0.040001193947283166,0.013795569961826236,0.9015922942410811,-0.8615911002937979,1.361591100293798,1.1102230246251565e-16,9.370074716130716e-10,0.030758960907747213,9.997078165291384e-11
0.6000000000000001,13,44,0.559163518474588,1.0096512374000362,0.3963421554456148,0.3926831269385679,0.0849719189245593,0.024445169836960268,0.808616568799,0.3983333333333332,0.052777777777777535,0.018333333333333313,0.8708333333333339,-0.8180555555555563,3,1.413802705456659,2.6888050601320583,0.08497191922286122,0.02444516992226773,0.8086165681608383,-0.7236446489379771,1.223644648937977,-5.551115123125783e-17,6.381617456696631e-10,0.062216765172495636,9.968204039978446e-11
0.6000000000000001,13,45,0.5752800661445672,1.0499744806034794,0.4272772127530432,0.41936030452914697,0.1228231819150174,0.03346182645818957,0.7338760483787931,0.3983333333333332,0.052777777777777535,0.018333333333333313,0.8708333333333339,-0.8180555555555563,0,1.386834740096652,2.599567380045515,0.12282318215522327,0.033461826522502555,0.7338760478973432,-0.6110528657421199,1.11105286574212,5.551115123125783e-17,4.814498799632361e-10,0.13695728543599073,9.984824078657084e-11
0.6000000000000001,13,46,0.6076528292084225,1.0085870055666692,0.38457351216602453,0.3844933703102098,0.01163855464332636,0.004192991469564644,0.9704052960920768,0.3983333333333332,0.052777777777777535,0.018333333333333313,0.8708333333333339,-0.8180555555555563,0,1.6355949784947956,0.17289115714412526,0.01163855535969564,0.004192991728106893,0.9704052942821074,-0.9587667389224118,1.458766738922412,-1.1102230246251565e-16,1.8099693965822894e-09,0.09957196094877352,9.992262572922073e-11
0.6000000000000001,13,47,0.5975590130331611,0.9822219037788652,0.39036814791016117,0.3894017442625808,0.04005529742718128,0.014439942235133896,0.8998764745361306,0.3983333333333332,0.052777777777777535,0.018333333333333313,0.8708333333333339,-0.8180555555555563,0,1.4503389208638757,2.819636278344375,0.04005529780844763,0.014439942373464349,0.8998764736044451,-0.8598211757959975,1.3598211757959975,0.0,9.316855065222285e-10,0.029043140271111212,9.97520954726383e-11
0.6000000000000001,13,48,0.5989069338249404,1.0204121665410253,0.3819808683770302,0.381921954268456,0.010240647949308124,0.0035038770865336577,0.9744293267279625,0.3983333333333332,0.052777777777777535,0.018333333333333313,0.8708333333333339,-0.8180555555555563,3,1.63002450868234,0.16059779395027057,0.01024064909527153,0.0035038774790436982,0.9744293238826693,-0.9641886747873978,1.4641886747873978,-5.551115123125783e-17,2.8452931122302516e-09,0.10359599054933544,1.4433748640740873e-10
0.6000000000000001,13,49,0.6115758329903866,0.9817250329615164,0.4102116352217614,0.407339715956053,0.06641060898830597,0.02466962346300411,0.8349490266216009,0.3983333333333332,0.052777777777777535,0.018333333333333313,0.8708333333333339,-0.8180555555555563,1,1.4130775923429217,2.723230223419579,0.06641060926580893,0.02466962356748287,0.8349490259578374,-0.7685384166920285,1.2685384166920284,-1.6653345369377348e-16,6.637634886175192e-10,0.03588430737549653,9.970757552935083e-11
0.6180339887498949,14,0,0.6244916678470174,1.0092756056252892,0.3665814168346968,0.3665814168346968,0.0,0.0,1.0,0.3819660112501051,0.0,0.0,1.0,-1.0,0,1.5707963256413362,3.1415926506028105,3.3614375651758855e-18,1.330701641619589e-18,1.0,-1.0,1.5,0.0,3.3614375651758855e-18,3.3614375651758855e-18,9.996921824490871e-11
0.6180339887498949,14,1,0.6115920900681941,1.010898696660415,0.39269669588518646,0.39232929777788494,0.024649085603865084,0.008878575476444883,0.9378198886742922,0.3819660112501051,0.0,0.0,1.0,-1.0,2,1.6651625133188706,0.2520187072278,0.024649086086451586,0.008878575650938405,0.9378198874735149,-0.9131708013870633,1.4131708013870634,0.0,1.2007773664279853e-09,0.06218011252648514,9.981770965339365e-11
0.6180339887498949,14,2,0.5921669809772931,0.9968585914929294,0.3555327992118933,0.3555327992118933,0.0,0.0,1.0,0.3819660112501051,0.0,0.0,1.0,-1.0,0,1.5707963281377684,3.5717335357403686e-09,4.967824848721443e-18,1.803304543703386e-18,1.0,-1.0,1.5,0.0,4.967824848721443e-18,4.967824848721443e-18,9.997990954523524e-11
0.6180339887498949,14,3,0.6317349262953238,0.9984768043623198,0.38873449016104744,0.3887256363191086,0.0036779626501504126,0.0014690593455352619,0.9902268178343957,0.3819660112501051,0.0,0.0,1.0,-1.0,2,1.5324234161848984,3.0424805746061674,0.0036847119590417243,0.0014717576778487246,0.9902089188140812,-0.9865242068550395,1.4865242068550395,2.984412716955376e-11,1.7899020314460223e-05,0.00979108118591876,5.710801621316985e-07
0.6180339887498949,14,4,0.605282810890595,0.9603015111730633,0.3742756400401935,0.3742501893009005,0.006380573051058491,0.0025251038376066237,0.9831344541654514,0.3819660112501051,0.0,0.0,1.0,-1.0,0,1.5205251790998286,3.0113585193929335,0.00638046274053729,0.0025250601142464946,0.9831347447445514,-0.9767542820040142,1.476754282004014,7.605027718682322e-15,2.905791000040736e-07,0.016865255255448575,1.1754015025178255e-08
0.6180339887498949,14,5,0.6277131885254137,0.9843213695310737,0.44408708034516986,0.43533454022687157,0.1104299217190488,0.0416877615276518,0.731798068036156,0.3819660112501051,0.0,0.0,1.0,-1.0,0,1.365174619223793,2.5972192607616256,0.11042992152075934,0.04168776145073352,0.731798068486926,-0.6213681469661666,1.1213681469661667,-2.220446049250313e-16,4.507699769007445e-10,0.26820193151307403,9.993922356343887e-11
0.6180339887498949,14,6,0.6071933671012477,1.0279230872201417,0.364063030236104,0.364063030236104,0.0,0.0,1.0,0.3819660112501051,0.0,0.0,1.0,-1.0,0,1.5707963255864883,3.1415926503664964,4.0597758266806184e-18,1.460250676486505e-18,1.0,-1.0,1.5,0.0,4.0597758266806184e-18,4.0597758266806184e-18,9.988746663057392e-11
0.6180339887498949,14,7,0.6217435491701526,0.9997660891257136,0.38604295114269627,0.3860230168059813,0.005625782119410172,0.002168209283508471,0.9852725449915736,0.3819660112501051,0.0,0.0,1.0,-1.0,5,1.5242136103558694,3.019931253600586,0.005626225476307289,0.0021683803646486226,0.9852713878786462,-0.9796451624023389,1.4796451624023388,1.2406742300186124e-13,1.157112927363535e-06,0.01472861212135379,4.502318920462933e-08
0.6180339887498949,14,8,0.6281659438139483,1.0059007615038982,0.36815068370839704,0.36815068370839704,0.0,0.0,1.0,0.3819660112501051,0.0,0.0,1.0,-1.0,0,1.5707963255923298,3.1415926504923983,3.590373655338344e-18,1.4461668461911998e-18,1.0,-1.0,1.5,0.0,3.590373655338344e-18,3.590373655338344e-18,9.99168997654869e-11
0.6180339887498949,14,9,0.6532098070134472,0.9299779583776749,0.42083632958948536,0.41745614094997185,0.06371973356994409,0.030354776601417277,0.8259850409067174,0.3819660112501051,0.0,0.0,1.0,-1.0,0,1.7459162448361814,0.4303082854119912,0.06371973380633592,0.030354776717842983,0.8259850402825154,-0.7622653064761795,1.2622653064761795,-2.220446049250313e-16,6.242020234026313e-10,0.1740149597174846,9.988293525609038e-11
0.6180339887498949,14,10,0.5856486857687057,1.0159970130111549,0.4040935918047674,0.4012607196312996,0.07125588580032899,0.022495069798933454,0.8331606510565952,0.3819660112501051,0.0,0.0,1.0,-1.0,6,1.4202446766515822,2.720826687791187,0.07125588610226267,0.022495069894426168,0.833160650378912,-0.7619047642766493,1.2619047642766494,-2.220446049250313e-16,6.776832428556645e-10,0.16683934962108804,9.999462369236767e-11
0.6180339887498949,14,11,0.657612591482526,0.9514169828604179,0.3809864876849962,0.3809864876849962,0.0,0.0,1.0,0.3819660112501051,0.0,0.0,1.0,-1.0,1,1.570796234847806,3.1415924295570092,1.7446630383276438e-14,8.454267482536416e-15,0.9999999999999498,-0.9999999999999324,1.4999999999999325,4.440892098500626e-16,5.0182080713057076e-14,5.0182080713057076e-14,3.0155031743949012e-09
0.6180339887498949,14,12,0.6168506410767393,0.98237047223591,0.38319886390396907,0.38314843697989387,0.00891138293352628,0.003494518492675791,0.9765648287943807,0.3819660112501051,0.0,0.0,1.0,-1.0,2,1.6299452717202974,0.1536898515763845,0.00891138556474197,0.0034945195266562297,0.9765648219080896,-0.9676534363433476,1.4676534363433476,-1.1102230246251565e-16,6.886291092911279e-09,0.023435178091910425,3.372131601730999e-10
0.6180339887498949,14,13,0.6021182847609935,1.016051261176433,0.35304136696995336,0.35304136696995336,0.0,0.0,1.0,0.3819660112501051,0.0,0.0,1.0,-1.0,0,1.570796325936946,3.141592651315359,2.006425325229715e-18,7.360793361708592e-19,1.0,-1.0,1.5,0.0,2.006425325229715e-18,2.006425325229715e-18,9.984250873437784e-11
0.6180339887498949,14,14,0.610799214499846,1.0014701186505124,0.38066588085463793,0.38066141819741917,0.002725067048580332,0.0010119352960980543,0.9929535202236178,0.3819660112501051,0.0,0.0,1.0,-1.0,1,1.538945945125633,3.0574604065260944,0.0027309038766902896,0.0010141038247612618,0.9929384497208849,-0.9902075458441946,1.4902075458441946,2.0484725027358763e-11,1.507050273297228e-05,0.007061550279115147,3.9821001879269957e-07
0.6180339887498949,14,15,0.6385231969283032,1.014595039110877,0.3526057256324813,0.3526057256324813,0.0,0.0,1.0,0.3819660112501051,0.0,0.0,1.0,-1.0,0,1.5707963262166227,3.1415926521235336,7.885186854817034e-19,3.344007432793966e-19,1.0,-1.0,1.5,0.0,7.885186854817034e-19,7.885186854817034e-19,9.997587765787547e-11
0.6180339887498949,14,16,0.6101292324310261,1.010953731529317,0.38155334064310564,0.38155020828482433,0.0023013277113535513,0.0008369945363884135,0.9940941352671294,0.3819660112501051,0.0,0.0,1.0,-1.0,2,1.5415190547166413,3.0637568797530372,0.0023560754006201052,0.0008569137813426935,0.9939538172003219,-0.9915977417997018,1.4915977417997017,1.7735025115150904e-09,0.0001403180668074766,0.006046182799678057,3.4336515542382484e-06
0.6180339887498949,14,17,0.6189346100137316,1.0377876679949871,0.3763781425528907,0.3763781425528907,0.0,0.0,1.0,0.3819660112501051,0.0,0.0,1.0,-1.0,0,1.570796324903724,3.1415926485579835,9.863601676327814e-18,3.5765338526364825e-18,1.0,-1.0,1.5,0.0,9.863601676327814e-18,9.863601676327814e-18,9.997163216729803e-11
0.6180339887498949,14,18,0.6157618207670428,0.9720402783279064,0.37431774997284484,0.37431774997284484,0.0,0.0,1.0,0.3819660112501051,0.0,0.0,1.0,-1.0,6,1.5703681876487041,3.1404902544190674,4.5462651178862636e-07,1.8330311730243286e-07,0.9999987847165608,-0.999998330090049,1.499998330090049,3.2174992670164215e-09,1.2152834392153977e-06,1.2152834392153977e-06,5.0724234119489025e-06
0.6180339887498949,14,19,0.6074683327625593,1.0194453292877754,0.39667387786054187,0.39598202450846043,0.03418919145428295,0.011865449966752428,0.915404356312024,0.3819660112501051,0.0,0.0,1.0,-1.0,6,1.6799415452965218,0.2951185750707712,0.03418919103897584,0.011865449822027236,0.9154043573199685,-0.8812151662809926,1.3812151662809926,-5.551115123125783e-17,1.0079445056376812e-09,0.0845956426800315,9.973943893015758e-11
0.6180339887498949,14,20,0.5926404183998838,1.0094153719612051,0.3648017086807366,0.3648017086807366,0.0,0.0,1.0,0.3819660112501051,0.0,0.0,1.0,-1.0,1,1.5707963467361925,5.36517465545163e-08,1.1363944842331573e-15,3.976552816374391e-16,0.9999999999999971,-0.999999999999996,1.499999999999996,0.0,2.886579864025407e-15,2.886579864025407e-15,8.118535980490455e-10
0.6180339887498949,14,21,0.6234521411504177,1.0361225348718843,0.35187032150575764,0.35187032150575764,0.0,0.0,1.0,0.3819660112501051,0.0,0.0,1.0,-1.0,0,1.5707963273813264,1.5302976269351697e-09,8.908866023684423e-19,3.4389983102149436e-19,1.0,-1.0,1.5,0.0,8.908866023684423e-19,8.908866023684423e-19,9.998033282959475e-11
0.6180339887498949,14,22,0.5825371154027117,1.0122526865664776,0.39656886993402335,0.3946133074285143,0.05965951780007306,0.018938161461537928,0.8590921906239177,0.3819660112501051,0.0,0.0,1.0,-1.0,6,1.4327422239909584,2.7567892860998167,0.05965951813339709,0.018938161567549714,0.8590921898636856,-0.7994326717302885,1.2994326717302886,0.0,7.602320994948286e-10,0.14090781013631437,9.966255598570228e-11
0.6180339887498949,14,23,0.6322807880910725,0.9814298172740652,0.36427417470817125,0.36427417470817125,0.0,0.0,1.0,0.3819660112501051,0.0,0.0,1.0,-1.0,0,1.5707963256676114,3.1415926507440095,2.9532371490909396e-18,1.2707719567343877e-18,1.0,-1.0,1.5,0.0,2.9532371490909396e-18,2.9532371490909396e-18,9.985615172980105e-11
0.6180339887498949,14,24,0.6194133048383959,1.0249768716969299,0.3556665637746468,0.3556665637746468,0.0,0.0,1.0,0.3819660112501051,0.0,0.0,1.0,-1.0,0,1.5707963275134544,1.876749026912456e-09,1.3414068749387467e-18,5.163253387168033e-19,1.0,-1.0,1.5,0.0,1.3414068749387467e-18,1.3414068749387467e-18,9.980427293232653e-11
0.6180339887498949,14,25,0.6287750623872252,1.0409511590396483,0.36232296500365524,0.36232296500365524,0.0,0.0,1.0,0.3819660112501051,0.0,0.0,1.0,-1.0,0,1.5707963260577917,3.141592651662799,1.4158366876978813e-18,5.433236083310376e-19,1.0,-1.0,1.5,0.0,1.4158366876978813e-18,1.4158366876978813e-18,9.99569776014274e-11
0.6180339887498949,14,26,0.6109447329883471,1.0069510092763527,0.38080308080000924,0.38080220044689017,0.001215249099472182,0.0004470113558027733,0.9968659683028647,0.3819660112501051,0.0,0.0,1.0,-1.0,1,1.548149456602222,3.08160023782533,0.0013940415080936556,0.0005127930533054632,0.9964052257954028,-0.9950111842873092,1.4950111842873093,1.9060740819032418e-08,0.0004607425074618643,0.0035947742045971953,8.669448450675243e-06
0.6180339887498949,14,27,0.574657015579691,1.0497343187456085,0.3860312218871359,0.38542164874396834,0.03501792973177481,0.01023139071311746,0.9184700295981112,0.3819660112501051,0.0,0.0,1.0,-1.0,2,1.6721199484440838,0.28956413854991064,0.035017930200725626,0.010231390849937584,0.918470028527963,-0.8834520983272374,1.3834520983272374,-5.551115123125783e-17,1.070148192283682e-09,0.081529971472037,9.983511239930465e-11
0.6180339887498949,14,28,0.6291209504111257,0.9997854667195725,0.38809896343370887,0.3880885358089756,0.004014455975516529,0.0015857094087866064,0.9893806075432022,0.3819660112501051,0.0,0.0,1.0,-1.0,2,1.5309627108673427,3.038353463928125,0.004014882152627118,0.0015858779118236668,0.9893794826143568,-0.9853646004617297,1.4853646004617298,1.177946629127291e-13,1.1249288454084905e-06,0.01062051738564318,3.732176624693384e-08
0.6180339887498949,14,29,0.6469662506638962,1.0186605694916986,0.3627116777805609,0.3627116777805609,0.0,0.0,1.0,0.3819660112501051,0.0,0.0,1.0,-1.0,0,1.570796326104635,3.1415926518431863,1.1158653817194794e-18,4.764611963575775e-19,1.0,-1.0,1.5,0.0,1.1158653817194794e-18,1.1158653817194794e-18,9.981001204439956e-11
0.6180339887498949,14,30,0.6352654143512892,1.004064131169748,0.3804018177098804,0.3804018177098804,0.0,0.0,1.0,0.3819660112501051,0.0,0.0,1.0,-1.0,2,1.5707963504130158,6.066688627253126e-08,1.3726111433070637e-15,5.57815553453782e-16,0.9999999999999962,-0.9999999999999949,1.499999999999995,0.0,3.774758283725532e-15,3.774758283725532e-15,9.160130188304893e-10
0.6180339887498949,14,31,0.6146578823466178,0.9930755944619923,0.38873107529965806,0.388507282707802,0.018923962889074886,0.007163733413591722,0.9512010086908863,0.3819660112501051,0.0,0.0,1.0,-1.0,4,1.6555365512381623,0.22274223607146565,0.018923963429147223,0.007163733618828697,0.9512010073126181,-0.9322770438834709,1.4322770438834709,1.1102230246251565e-16,1.3782681662632967e-09,0.04879899268738186,9.998088468243793e-11
0.6180339887498949,14,32,0.6293919641388563,1.0103169940305132,0.3697350169107672,0.3697350169107672,0.0,0.0,1.0,0.3819660112501051,0.0,0.0,1.0,-1.0,0,1.5707963255631052,3.1415926504114804,3.788945754339579e-18,1.517310045306685e-18,1.0,-1.0,1.5,0.0,3.788945754339579e-18,3.788945754339579e-18,9.998280883688377e-11
0.6180339887498949,14,33,0.6382238176474925,0.9782802068920637,0.3631830734267887,0.3631830734267887,0.0,0.0,1.0,0.3819660112501051,0.0,0.0,1.0,-1.0,0,1.5707963277981238,2.509684420887541e-09,2.2694133047463538e-18,1.0064648505267258e-18,1.0,-1.0,1.5,0.0,2.2694133047463538e-18,2.2694133047463538e-18,9.996398218502559e-11
0.6180339887498949,14,34,0.6107097632397535,1.0035683216933131,0.3821873026298611,0.38216964381338103,0.005424142568534962,0.002001774153888858,0.9860300100720855,0.3819660112501051,0.0,0.0,1.0,-1.0,0,1.52603829249933,3.023115962458282,0.0054246031153913875,0.002001944278825575,0.9860288274259632,-0.9806042243105718,1.480604224310572,1.2745360322696797e-13,1.1826461222552709e-06,0.013971172574036794,4.427380156935001e-08
0.6180339887498949,14,35,0.656961892838596,0.9732623879391125,0.4014353896344447,0.4012152644454363,0.017080893899766192,0.007709210232490604,0.9528075839202329,0.3819660112501051,0.0,0.0,1.0,-1.0,2,1.6587116437626435,0.21898416341490975,0.017080894393108108,0.007709210456665966,0.9528075825693594,-0.9357266881762513,1.4357266881762514,1.1102230246251565e-16,1.3508735241529735e-09,0.04719241743064062,9.991418803423358e-11
0.6180339887498949,14,36,0.6232810759928673,1.042713732086071,0.3513127092623967,0.3513127092623967,0.0,0.0,1.0,0.3819660112501051,0.0,0.0,1.0,-1.0,0,1.5707963262334135,3.1415926521195536,8.258383121229418e-19,3.152633204158229e-19,1.0,-1.0,1.5,0.0,8.258383121229418e-19,8.258383121229418e-19,9.97936942325794e-11
0.6180339887498949,14,37,0.6308109888630151,1.0367005490380317,0.3653887804308411,0.3653887804308411,0.0,0.0,1.0,0.3819660112501051,0.0,0.0,1.0,-1.0,0,1.5707963259767448,3.1415926514573997,1.727231155771238e-18,6.693724165855314e-19,1.0,-1.0,1.5,0.0,1.727231155771238e-18,1.727231155771238e-18,9.977085204200166e-11
0.6180339887498949,14,38,0.6495115995863245,0.9739595202763437,0.3455740157709455,0.3455740157709455,0.0,0.0,1.0,0.3819660112501051,0.0,0.0,1.0,-1.0,0,1.570796326254992,3.1415926522717714,6.054663575141361e-19,2.9149700596664457e-19,1.0,-1.0,1.5,0.0,6.054663575141361e-19,6.054663575141361e-19,9.984409581393681e-11
0.6180339887498949,14,39,0.6319152823179734,1.0172669521516817,0.3915120102810735,0.3915039524661501,0.003553486957137808,0.0013682050011922797,0.9906889439802348,0.3819660112501051,0.0,0.0,1.0,-1.0,4,1.5337532483441456,3.0448299200032856,0.0035621994003728554,0.0013715621411064232,0.9906661590214016,-0.9871039596210288,1.4871039596210287,4.847799939255992e-11,2.2784958833121927e-05,0.009333840978598351,7.13765796717114e-07
0.6180339887498949,14,40,0.6107821340963808,0.9614043270734216,0.42545425019094774,0.4187773095616313,0.09854920813585599,0.03724249391878193,0.758671746617916,0.3819660112501051,0.0,0.0,1.0,-1.0,2,1.7649978651568634,0.5135262509012043,0.09854920835343864,0.03724249400297673,0.7586717461152984,-0.6601225377618598,1.1601225377618598,-5.551115123125783e-17,5.026176141953442e-10,0.24132825388470158,9.944706169662254e-11
0.6180339887498949,14,41,0.6521555459246862,1.0064404132871034,0.34546969540094563,0.34546969540094563,0.0,0.0,1.0,0.3819660112501051,0.0,0.0,1.0,-1.0,0,1.5707963272592573,1.1501022024687839e-09,4.702413933627285e-19,2.1563086975729878e-19,1.0,-1.0,1.5,0.0,4.702413933627285e-19,4.702413933627285e-19,9.976936186378237e-11
0.6180339887498949,14,42,0.6571290567185608,0.9796710738083223,0.4101820927525529,0.4094600767783836,0.030877385958913317,0.013649882902777855,0.9161717697297179,0.3819660112501051,0.0,0.0,1.0,-1.0,3,1.4536961746212993,2.847855782539149,0.030877386323483143,0.013649883065867589,0.9161717687561409,-0.8852943824326578,1.3852943824326578,-1.6653345369377348e-16,9.735769967988972e-10,0.08382823124385907,9.99808291712867e-11
0.6180339887498949,14,43,0.5948567293678317,1.029697906019944,0.3930101921954291,0.3923111857320549,0.035483767276992983,0.011555589679796974,0.9142375150139426,0.3819660112501051,0.0,0.0,1.0,-1.0,0,1.6785013706057192,0.2972085916289689,0.03548376684876328,0.011555589540053823,0.9142375160282384,-0.8787537491794751,1.378753749179475,1.1102230246251565e-16,1.0142958695169568e-09,0.08576248397176156,9.981240833845106e-11
0.6180339887498949,14,44,0.6096033771925352,0.948139522923886,0.37273512893140637,0.3727270629417182,0.003534037046799776,0.0014578653008226472,0.9904900656143882,0.3819660112501051,0.0,0.0,1.0,-1.0,4,1.608948993973862,0.09757537611772214,0.003526904169534534,0.0014549198675692626,0.9905092238318136,-0.9869823196622791,1.4869823196622791,3.289235550596459e-11,1.9158217425374602e-05,0.009490776168186388,5.775243562128329e-07
0.6180339887498949,14,45,0.6003734185943462,0.9796955622496137,0.3953776953096529,0.39394229600244757,0.04829723518573137,0.01757044708881944,0.8794937976795555,0.3819660112501051,0.0,0.0,1.0,-1.0,0,1.4378514906908622,2.787072889219616,0.04829723552724733,0.017570447214099782,0.8794937968505412,-0.8311965613232939,1.331196561323294,-1.1102230246251565e-16,8.290143016509433e-10,0.12050620314945881,9.98135463170513e-11
0.6180339887498949,14,46,0.6054864999737644,1.02413409152192,0.3773836144690356,0.3773836144690356,0.0,0.0,1.0,0.3819660112501051,0.0,0.0,1.0,-1.0,4,1.5709857460292247,0.0005089460474082476,1.0209738080254623e-07,3.5879645904317935e-08,0.9999997409739433,-0.9999996388765625,1.4999996388765626,8.119648287063796e-10,2.5902605671479506e-07,2.5902605671479506e-07,2.8025855151307287e-06
0.6180339887498949,14,47,0.630963140870869,0.9834660293194665,0.39474642978050883,0.394459766494514,0.020594061437698596,0.008372310857401088,0.945497568398194,0.3819660112501051,0.0,0.0,1.0,-1.0,3,1.662424822090108,0.23563199296254309,0.020594061924991018,0.008372311056652457,0.9454975671228928,-0.9249035051979018,1.4249035051979018,-1.1102230246251565e-16,1.2753011979782514e-09,0.05450243287710721,9.983386339840195e-11
0.6180339887498949,14,48,0.6022354544131234,1.0027534985677387,0.393361972200205,0.3925690953729507,0.036523054763151486,0.012857989107142642,0.9092902939466935,0.3819660112501051,0.0,0.0,1.0,-1.0,0,1.6844338189138128,0.305930418895854,0.036523055165219705,0.01285798924938934,0.9092902929685155,-0.8727672378032958,1.3727672378032958,-5.551115123125783e-17,9.781779830575488e-10,0.09070970703148451,9.980560822242523e-11
0.6180339887498949,14,49,0.620639692108008,0.9967485521018193,0.36919520754016666,0.36919520754016666,0.0,0.0,1.0,0.3819660112501051,0.0,0.0,1.0,-1.0,0,1.5707963284648339,4.320726394058164e-09,7.026683148174353e-18,2.788690379930787e-18,1.0,-1.0,1.5,0.0,7.026683148174353e-18,7.026683148174353e-18,9.998703648144316e-11
0.65,15,0,0.6248580049307731,1.0356446369677519,0.35984861248660904,0.35984861248660904,0.0,0.0,1.0,0.35,0.0,0.0,1.0,-1.0,0,1.5707963275251213,1.909987119760764e-09,1.3918393474760974e-18,5.332281246239637e-19,1.0,-1.0,1.5,0.0,1.3918393474760974e-18,1.3918393474760974e-18,9.975546566835577e-11
0.65,15,1,0.6627532117370316,1.0157750962194707,0.3405348407630736,0.3405348407630736,0.0,0.0,1.0,0.35,0.0,0.0,1.0,-1.0,0,1.5707963271845808,9.562768803306595e-10,3.2102723865181333e-19,1.5185379412912667e-19,1.0,-1.0,1.5,0.0,3.2102723865181333e-19,3.2102723865181333e-19,9.973095621177332e-11
0.65,15,2,0.6377873625953387,0.990522314060061,0.3587875124363978,0.3587875124363978,0.0,0.0,1.0,0.35,0.0,0.0,1.0,-1.0,0,1.5707963260079514,3.1415926516118318,1.4185196739523462e-18,6.192828059152842e-19,1.0,-1.0,1.5,0.0,1.4185196739523462e-18,1.4185196739523462e-18,9.989445469489489e-11
0.65,15,3,0.6395966587407301,1.0358757679020703,0.3377733158771711,0.3377733158771711,0.0,0.0,1.0,0.35,0.0,0.0,1.0,-1.0,0,1.5707963271872292,9.969936165887527e-10,3.656150059185024e-19,1.5392482948437937e-19,1.0,-1.0,1.5,0.0,3.656150059185024e-19,3.656150059185024e-19,9.996269388341003e-11
0.65,15,4,0.6382471364563963,0.9937777091963501,0.35325263507272286,0.35325263507272286,0.0,0.0,1.0,0.35,0.0,0.0,1.0,-1.0,0,1.570796327444944,1.6310134701812453e-09,9.622946504856414e-19,4.22561476700835e-19,1.0,-1.0,1.5,0.0,9.622946504856414e-19,9.622946504856414e-19,9.987819839928362e-11
0.65,15,5,0.6490698561625401,1.037295206230855,0.3436652982605026,0.3436652982605026,0.0,0.0,1.0,0.35,0.0,0.0,1.0,-1.0,0,1.5707963272048058,1.0345386189411094e-09,3.9016196541468336e-19,1.680255165397452e-19,1.0,-1.0,1.5,0.0,3.9016196541468336e-19,3.9016196541468336e-19,9.978633997010161e-11
0.65,15,6,0.6718442056425311,0.9523999741025835,0.3348202137651835,0.3348202137651835,0.0,0.0,1.0,0.35,0.0,0.0,1.0,-1.0,0,1.5707963272185952,9.926375079265308e-10,3.236915145167846e-19,1.7952047864616035e-19,1.0,-1.0,1.5,0.0,3.236915145167846e-19,3.236915145167846e-19,9.976647836448463e-11
0.65,15,7,0.6457961532508334,0.9924638057187317,0.36675329753415786,0.36675329753415786,0.0,0.0,1.0,0.35,0.0,0.0,1.0,-1.0,0,1.5707963258513153,3.1415926512270036,2.0141523908432694e-18,8.9034562139176e-19,1.0,-1.0,1.5,0.0,2.0141523908432694e-18,2.0141523908432694e-18,9.991682378628019e-11
0.65,15,8,0.6352712742466871,0.999218111599751,0.3346543476827776,0.3346543476827776,0.0,0.0,1.0,0.35,0.0,0.0,1.0,-1.0,0,1.5707963272242427,1.0732504034277423e-09,4.1461281251971396e-19,1.8433803321338227e-19,1.0,-1.0,1.5,0.0,4.1461281251971396e-19,4.1461281251971396e-19,9.977201408505205e-11
0.65,15,9,0.6148313183560112,1.0060581126605195,0.36148034014850816,0.36148034014850816,0.0,0.0,1.0,0.35,0.0,0.0,1.0,-1.0,0,1.5707963257054565,3.141592650748832,3.0678265545856857e-18,1.1868798511645841e-18,1.0,-1.0,1.5,0.0,3.0678265545856857e-18,3.0678265545856857e-18,9.987682905778753e-11
0.65,15,10,0.5977565354216157,1.0409077822393944,0.3252511118893574,0.3252511118893574,0.0,0.0,1.0,0.35,0.0,0.0,1.0,-1.0,0,1.5707963264042686,3.1415926525502376,4.2110708140021913e-19,1.5259026223094374e-19,1.0,-1.0,1.5,0.0,4.2110708140021913e-19,4.2110708140021913e-19,9.956819666998907e-11
0.65,15,11,0.6306990292676465,1.013325808000321,0.3614588733800326,0.3614588733800326,0.0,0.0,1.0,0.35,0.0,0.0,1.0,-1.0,0,1.5707963276147054,2.106114650913617e-09,1.6545826746666482e-18,6.72086511531693e-19,1.0,-1.0,1.5,0.0,1.6545826746666482e-18,1.6545826746666482e-18,9.999596811828808e-11
0.65,15,12,0.6481277528419427,1.0509272986742264,0.3203675164969987,0.3203675164969987,0.0,0.0,1.0,0.35,0.0,0.0,1.0,-1.0,0,1.570796326511805,3.1415926528782108,1.8360441678733395e-19,8.014086046430735e-20,1.0,-1.0,1.5,0.0,1.8360441678733395e-19,1.8360441678733395e-19,9.949781785612779e-11
0.65,15,13,0.6262314813971044,1.0028190272417836,0.3468732507839981,0.3468732507839981,0.0,0.0,1.0,0.35,0.0,0.0,1.0,-1.0,0,1.5707963273792906,1.4888972265084445e-09,8.181260371179287e-19,3.415163793121446e-19,1.0,-1.0,1.5,0.0,8.181260371179287e-19,8.181260371179287e-19,9.993951600321455e-11
0.65,15,14,0.6635569819668092,0.9916299753765139,0.36299505623871275,0.36299505623871275,0.0,0.0,1.0,0.35,0.0,0.0,1.0,-1.0,0,1.5707963261081408,3.1415926519074633,9.911678460608041e-19,4.716335626228999e-19,1.0,-1.0,1.5,0.0,9.911678460608041e-19,9.911678460608041e-19,9.988541640577143e-11
0.65,15,15,0.6655147249295564,0.9821897668646713,0.35033634651699463,0.35033634651699463,0.0,0.0,1.0,0.35,0.0,0.0,1.0,-1.0,0,1.5707963262758844,3.1415926523357904,5.402111440577433e-19,2.6937369261632156e-19,1.0,-1.0,1.5,0.0,5.402111440577433e-19,5.402111440577433e-19,9.964857922745937e-11
0.65,15,16,0.6458474772447507,1.0051098468098465,0.3450633053320287,0.3450633053320287,0.0,0.0,1.0,0.35,0.0,0.0,1.0,-1.0,0,1.5707963263134286,3.141592652390046,5.159247980829185e-19,2.318114714527152e-19,1.0,-1.0,1.5,0.0,5.159247980829185e-19,5.159247980829185e-19,9.98200352701144e-11
0.65,15,17,0.6509560166048587,0.9766771675199895,0.3621727155036315,0.3621727155036315,0.0,0.0,1.0,0.35,0.0,0.0,1.0,-1.0,0,1.5707963259658058,3.141592651547918,1.470845949095875e-18,6.87391649575009e-19,1.0,-1.0,1.5,0.0,1.470845949095875e-18,1.470845949095875e-18,9.991557844201582e-11
0.65,15,18,0.6407496946837938,0.983181473783859,0.3407973740051922,0.3407973740051922,0.0,0.0,1.0,0.35,0.0,0.0,1.0,-1.0,0,1.5707963272915597,1.2272505859551468e-09,5.33758083671582e-19,2.466742287579195e-19,1.0,-1.0,1.5,0.0,5.33758083671582e-19,5.33758083671582e-19,9.975979104879178e-11
0.65,15,19,0.6250554114681568,1.0011995347022211,0.3653005264614868,0.3653005264614868,0.0,0.0,1.0,0.35,0.0,0.0,1.0,-1.0,0,1.5707963279377681,2.942453606394464e-09,3.238495707545508e-18,1.3061552973356752e-18,1.0,-1.0,1.5,0.0,3.238495707545508e-18,3.238495707545508e-18,9.991735718109961e-11
0.65,15,20,0.639268432523664,1.0023232143598175,0.33479450064114036,0.33479450064114036,0.0,0.0,1.0,0.35,0.0,0.0,1.0,-1.0,0,1.5707963263783344,3.1415926525513895,3.866868864926118e-19,1.7352404927751962e-19,1.0,-1.0,1.5,0.0,3.866868864926118e-19,3.866868864926118e-19,9.974361669079572e-11
0.65,15,21,0.6851242110791965,0.9756729961229833,0.33445677381745387,0.33445677381745387,0.0,0.0,1.0,0.35,0.0,0.0,1.0,-1.0,0,1.5707963271628642,8.609201111686954e-10,2.4300218308591813e-19,1.3540015105303755e-19,1.0,-1.0,1.5,0.0,2.4300218308591813e-19,2.4300218308591813e-19,9.958613188262233e-11
0.65,15,22,0.6558893087794069,1.042067497789259,0.30518629678389436,0.30518629678389436,0.0,0.0,1.0,0.35,0.0,0.0,1.0,-1.0,0,1.570796326554193,3.1415926529975406,1.2358675097705927e-19,5.793818376938404e-20,1.0,-1.0,1.5,0.0,1.2358675097705927e-19,1.2358675097705927e-19,9.965980697421657e-11
0.65,15,23,0.7038962849095938,0.9869465808644362,0.35979696934642685,0.35979696934642685,0.0,0.0,1.0,0.35,0.0,0.0,1.0,-1.0,0,1.5707963263022988,3.141592652436856,4.360484164384594e-19,2.4265259414917214e-19,1.0,-1.0,1.5,0.0,4.360484164384594e-19,4.360484164384594e-19,9.997443171708458e-11
0.65,15,24,0.6400348959221143,1.024893983199746,0.35089684353869377,0.35089684353869377,0.0,0.0,1.0,0.35,0.0,0.0,1.0,-1.0,0,1.57079632731835,1.3310477287571527e-09,6.522085327570033e-19,2.740035054527963e-19,1.0,-1.0,1.5,0.0,6.522085327570033e-19,6.522085327570033e-19,9.96561421992005e-11
0.65,15,25,0.6690592379166925,1.0006594387280197,0.3741070505526156,0.3741070505526156,0.0,0.0,1.0,0.35,0.0,0.0,1.0,-1.0,0,1.5707963276725383,2.1599623129668857e-09,1.6443462164264361e-18,7.7025491115417835e-19,1.0,-1.0,1.5,0.0,1.6443462164264361e-18,1.6443462164264361e-18,9.97825370800123e-11
0.65,15,26,0.6519558592478631,0.9861349904793102,0.36942850267076655,0.36942850267076655,0.0,0.0,1.0,0.35,0.0,0.0,1.0,-1.0,0,1.5707963257826316,3.1415926510772416,2.2508599508024265e-18,1.0246804297600666e-18,1.0,-1.0,1.5,0.0,2.2508599508024265e-18,2.2508599508024265e-18,9.982494099999959e-11
0.65,15,27,0.612021082981076,1.0083084230958934,0.3525453760261944,0.3525453760261944,0.0,0.0,1.0,0.35,0.0,0.0,1.0,-1.0,0,1.570796326019843,3.1415926515691446,1.551506958185205e-18,6.007081419412138e-19,1.0,-1.0,1.5,0.0,1.551506958185205e-18,1.551506958185205e-18,9.992014511825739e-11
0.65,15,28,0.6531923582530856,1.0298400879902254,0.3560048603524876,0.3560048603524876,0.0,0.0,1.0,0.35,0.0,0.0,1.0,-1.0,0,1.570796326272014,3.141592652272818,6.305827535009717e-19,2.7340630469738447e-19,1.0,-1.0,1.5,0.0,6.305827535009717e-19,6.305827535009717e-19,9.96911159075259e-11
0.65,15,29,0.6076310493824958,1.0346984175441822,0.354049569099379,0.354049569099379,0.0,0.0,1.0,0.35,0.0,0.0,1.0,-1.0,0,1.5707963275380727,1.9777940549864136e-09,1.5242814305144955e-18,5.523107542926085e-19,1.0,-1.0,1.5,0.0,1.5242814305144955e-18,1.5242814305144955e-18,9.991022594071197e-11
0.65,15,30,0.6042602027113799,0.9852304290012883,0.31437970760704936,0.31437970760704936,0.0,0.0,1.0,0.35,0.0,0.0,1.0,-1.0,0,1.570796326421334,3.1415926526395053,3.326121816858149e-19,1.3954899780499939e-19,1.0,-1.0,1.5,0.0,3.326121816858149e-19,3.326121816858149e-19,9.948189979929914e-11
0.65,15,31,0.6060367418267385,1.0273641721384557,0.3214071939367925,0.3214071939367925,0.0,0.0,1.0,0.35,0.0,0.0,1.0,-1.0,0,1.5707963271603234,9.533505746253685e-10,3.4565443685089114e-19,1.3353670135586665e-19,1.0,-1.0,1.5,0.0,3.4565443685089114e-19,3.4565443685089114e-19,9.977934711950641e-11
0.65,15,32,0.6724857029489366,0.9951517143508084,0.3519504768335301,0.3519504768335301,0.0,0.0,1.0,0.35,0.0,0.0,1.0,-1.0,0,1.570796327281975,1.177228445854585e-09,4.763072011877839e-19,2.372452863059268e-19,1.0,-1.0,1.5,0.0,4.763072011877839e-19,4.763072011877839e-19,9.958008659346786e-11
0.65,15,33,0.6386117443853543,1.0293617094654754,0.3680295492233163,0.3680295492233163,0.0,0.0,1.0,0.35,0.0,0.0,1.0,-1.0,0,1.570796327648764,2.1998364552819414e-09,1.8116328055053567e-18,7.290894684408452e-19,1.0,-1.0,1.5,0.0,1.8116328055053567e-18,1.8116328055053567e-18,9.989380768874794e-11
0.65,15,34,0.585941831643595,0.9873451465300245,0.38714550786671365,0.386102788869225,0.042732069227203406,0.014620250634364895,0.895345655336291,0.35,0.0,0.0,1.0,-1.0,1,1.6920071439478634,0.3294294792595188,0.042732069612452,0.014620250766775283,0.8953456544155312,-0.8526135848030791,1.3526135848030791,0.0,9.207598017368923e-10,0.10465434558446884,9.993544880515515e-11
0.65,15,35,0.695663072293941,0.9501903475994476,0.35015840230098316,0.35015840230098316,0.0,0.0,1.0,0.35,0.0,0.0,1.0,-1.0,0,1.570796327293407,1.148252619364995e-09,4.2216510381655776e-19,2.48512502140491e-19,1.0,-1.0,1.5,0.0,4.2216510381655776e-19,4.2216510381655776e-19,9.986287349917786e-11
0.65,15,36,0.6891057430958372,0.9695738988012499,0.3327359785876952,0.3327359785876952,0.0,0.0,1.0,0.35,0.0,0.0,1.0,-1.0,0,1.5707963271569112,8.40145036334969e-10,2.2860873398780756e-19,1.3105455559294185e-19,1.0,-1.0,1.5,0.0,2.2860873398780756e-19,2.2860873398780756e-19,9.987196520016939e-11
0.65,15,37,0.6397782839805601,0.9901197649669837,0.33038700080802863,0.33038700080802863,0.0,0.0,1.0,0.35,0.0,0.0,1.0,-1.0,0,1.570796327196482,9.915247244381766e-10,3.4802844151026583e-19,1.6127080967350293e-19,1.0,-1.0,1.5,0.0,3.4802844151026583e-19,3.4802844151026583e-19,9.968690753757677e-11
0.65,15,38,0.6657114347008576,1.012230678582636,0.35454562959722863,0.35454562959722863,0.0,0.0,1.0,0.35,0.0,0.0,1.0,-1.0,0,1.570796327296545,1.2338871763316275e-09,5.361735680319198e-19,2.516511566368847e-19,1.0,-1.0,1.5,0.0,5.361735680319198e-19,5.361735680319198e-19,9.998083978104748e-11
0.65,15,39,0.6537032163708483,1.0209620879757813,0.3280266710339634,0.3280266710339634,0.0,0.0,1.0,0.35,0.0,0.0,1.0,-1.0,0,1.570796327127066,8.200214075570906e-10,2.3799963800286936e-19,1.103364716731007e-19,1.0,-1.0,1.5,0.0,2.3799963800286936e-19,2.3799963800286936e-19,9.984311329107573e-11
0.65,15,40,0.6898286639641484,1.0223328953752615,0.34468377674612993,0.34468377674612993,0.0,0.0,1.0,0.35,0.0,0.0,1.0,-1.0,0,1.5707963271566918,8.677973827813048e-10,2.560382098042159e-19,1.3089576615332287e-19,1.0,-1.0,1.5,0.0,2.560382098042159e-19,2.560382098042159e-19,9.987827112541357e-11
0.65,15,41,0.6270372375167981,1.03327731150222,0.36825577425546696,0.36825577425546696,0.0,0.0,1.0,0.35,0.0,0.0,1.0,-1.0,0,1.570796325801149,3.1415926509889096,2.5828862545556822e-18,9.875342725167796e-19,1.0,-1.0,1.5,0.0,2.5828862545556822e-18,2.5828862545556822e-18,9.9887456446557e-11
0.65,15,42,0.6589840480169873,1.0363297670748344,0.3174879447466596,0.3174879447466596,0.0,0.0,1.0,0.35,0.0,0.0,1.0,-1.0,0,1.570796327070201,6.774627775672458e-10,1.617313729739842e-19,7.5792504221068e-20,1.0,-1.0,1.5,0.0,1.617313729739842e-19,1.617313729739842e-19,9.985936864557544e-11
0.65,15,43,0.6698724896474202,0.9955581696004933,0.3701118472936181,0.3701118472936181,0.0,0.0,1.0,0.35,0.0,0.0,1.0,-1.0,0,1.570796327579012,1.9189757555892377e-09,1.2879080765928667e-18,6.148369260362032e-19,1.0,-1.0,1.5,0.0,1.2879080765928667e-18,1.2879080765928667e-18,9.995202134453055e-11
0.65,15,44,0.6452291683036893,1.0324104211288903,0.34484948615591227,0.34484948615591227,0.0,0.0,1.0,0.35,0.0,0.0,1.0,-1.0,0,1.570796327230748,1.1026221346964106e-09,4.445833543030397e-19,1.8996635028534486e-19,1.0,-1.0,1.5,0.0,4.445833543030397e-19,4.445833543030397e-19,9.996274172675715e-11
0.65,15,45,0.6589259192172728,1.0223712666927494,0.3576066028113455,0.3576066028113455,0.0,0.0,1.0,0.35,0.0,0.0,1.0,-1.0,0,1.5707963273324306,1.3411864347398525e-09,6.458573064799722e-19,2.889427539230646e-19,1.0,-1.0,1.5,0.0,6.458573064799722e-19,6.458573064799722e-19,9.986072682848515e-11
0.65,15,46,0.6556628967970954,1.0196194533357834,0.3515580777240882,0.3515580777240882,0.0,0.0,1.0,0.35,0.0,0.0,1.0,-1.0,0,1.570796327282026,1.2141651564364934e-09,5.285810105374486e-19,2.372950393457711e-19,1.0,-1.0,1.5,0.0,5.285810105374486e-19,5.285810105374486e-19,9.9681694834056e-11
0.65,15,47,0.5999486216655768,1.0128139766177746,0.36952672686600196,0.36952672686600196,0.0,0.0,1.0,0.35,0.0,0.0,1.0,-1.0,3,1.5707963865682648,1.600474524244952e-07,1.0054891968306437e-14,3.5728555452304344e-15,0.9999999999999745,-0.9999999999999644,1.4999999999999645,2.220446049250313e-16,2.55351295663786e-14,2.55351295663786e-14,2.034974743857389e-09
0.65,15,48,0.694583927569109,0.9729431135558354,0.3269215315160689,0.3269215315160689,0.0,0.0,1.0,0.35,0.0,0.0,1.0,-1.0,0,1.5707963271216037,7.531339308059129e-10,1.818398892955223e-19,1.0673749297881511e-19,1.0,-1.0,1.5,0.0,1.818398892955223e-19,1.818398892955223e-19,9.994722229813746e-11
0.65,15,49,0.5943632748410356,1.0441630941999298,0.33468564566356734,0.33468564566356734,0.0,0.0,1.0,0.35,0.0,0.0,1.0,-1.0,0,1.570796327272471,1.2853559955216216e-09,6.525111654857509e-19,2.2807727240387774e-19,1.0,-1.0,1.5,0.0,6.525111654857509e-19,6.525111654857509e-19,9.985112754367372e-11
0.7000000000000001,16,0,0.6762138060962455,1.0465253884246688,0.2769178541645063,0.2769178541645063,0.0,0.0,1.0,0.29999999999999993,0.0,0.0,1.0,-1.0,0,1.5707963269758474,4.3024789386964396e-10,6.214906661006932e-20,3.274317344033069e-20,1.0,-1.0,1.5,0.0,6.214906661006932e-20,6.214906661006932e-20,9.886961933634028e-11
0.7000000000000001,16,1,0.7248823919569867,1.0077722358145582,0.27692180941688094,0.27692180941688094,0.0,0.0,1.0,0.29999999999999993,0.0,0.0,1.0,-1.0,0,1.5707963266107565,3.141592653180584,5.065611585422273e-20,3.39075756120609e-20,1.0,-1.0,1.5,0.0,5.065611585422273e-20,5.065611585422273e-20,9.965938416947026e-11
0.7000000000000001,16,2,0.7061752890820437,0.9656964311452074,0.3301895985493359,0.3301895985493359,0.0,0.0,1.0,0.29999999999999993,0.0,0.0,1.0,-1.0,0,1.570796327129776,7.617490490465034e-10,1.8221770046562196e-19,1.1214421004295158e-19,1.0,-1.0,1.5,0.0,1.8221770046562196e-19,1.8221770046562196e-19,9.984645910221897e-11
0.7000000000000001,16,3,0.7364507076648538,0.9676057794665944,0.28678396482379226,0.28678396482379226,0.0,0.0,1.0,0.29999999999999993,0.0,0.0,1.0,-1.0,0,1.5707963270038126,4.523345477087333e-10,5.925262131396133e-20,4.3645867638659814e-20,1.0,-1.0,1.5,0.0,5.925262131396133e-20,5.925262131396133e-20,9.90871279981723e-11
0.7000000000000001,16,4,0.6944797194252801,1.0117813366220745,0.27186842418523505,0.27186842418523505,0.0,0.0,1.0,0.29999999999999993,0.0,0.0,1.0,-1.0,0,1.5707963269789191,4.2064552312353697e-10,5.599044857741229e-20,3.386428555720727e-20,1.0,-1.0,1.5,0.0,5.599044857741229e-20,5.599044857741229e-20,9.99392847941889e-11
0.7000000000000001,16,5,0.6964385697592097,0.987656677131752,0.2668749966545422,0.2668749966545422,0.0,0.0,1.0,0.29999999999999993,0.0,0.0,1.0,-1.0,0,1.5707963269797403,4.152498930464257e-10,5.308704389775174e-20,3.41671692790373e-20,1.0,-1.0,1.5,0.0,5.308704389775174e-20,5.308704389775174e-20,9.928790093233138e-11
0.7000000000000001,16,6,0.7060991915691204,1.0351025774576887,0.3057038432586736,0.3057038432586736,0.0,0.0,1.0,0.29999999999999993,0.0,0.0,1.0,-1.0,0,1.5707963270144503,5.112033612659812e-10,8.505955564789779e-20,4.8203804049162354e-20,1.0,-1.0,1.5,0.0,8.505955564789779e-20,8.505955564789779e-20,9.931350621323479e-11
0.7000000000000001,16,7,0.7380692657330453,0.9909271879760571,0.31534400686050945,0.31534400686050945,0.0,0.0,1.0,0.29999999999999993,0.0,0.0,1.0,-1.0,0,1.5707963270421066,5.488678986396727e-10,9.09975065193988e-20,6.111276876896122e-20,1.0,-1.0,1.5,0.0,9.09975065193988e-20,9.09975065193988e-20,9.912440202528966e-11
0.7000000000000001,16,8,0.692219729712112,1.0291140787127697,0.30487540987995715,0.30487540987995715,0.0,0.0,1.0,0.29999999999999993,0.0,0.0,1.0,-1.0,0,1.5707963265678717,3.141592653055775,9.424493590816363e-20,5.154030730919976e-20,1.0,-1.0,1.5,0.0,9.424493590816363e-20,9.424493590816363e-20,9.939566293844119e-11
0.7000000000000001,16,9,0.7126459274203529,1.0326901274598168,0.3005547563130599,0.3005547563130599,0.0,0.0,1.0,0.29999999999999993,0.0,0.0,1.0,-1.0,0,1.5707963265859988,3.1415926531083405,7.428618921126928e-20,4.3638311395777665e-20,1.0,-1.0,1.5,0.0,7.428618921126928e-20,7.428618921126928e-20,9.906447528300888e-11
0.7000000000000001,16,10,0.6960493185314236,1.0173883230507377,0.3070689672514706,0.3070689672514706,0.0,0.0,1.0,0.29999999999999993,0.0,0.0,1.0,-1.0,0,1.5707963265596523,3.1415926530412754,9.814026603322688e-20,5.533989467564269e-20,1.0,-1.0,1.5,0.0,9.814026603322688e-20,9.814026603322688e-20,9.924198083579605e-11
0.7000000000000001,16,11,0.7153686426654587,1.0010617791501606,0.3260204772188601,0.3260204772188601,0.0,0.0,1.0,0.29999999999999993,0.0,0.0,1.0,-1.0,0,1.5707963270760403,6.442403002113409e-10,1.3183913113986742e-19,7.904178775017833e-20,1.0,-1.0,1.5,0.0,1.3183913113986742e-19,1.3183913113986742e-19,9.942464482775956e-11
0.7000000000000001,16,12,0.654570247176588,1.036948267871309,0.3126972909458662,0.3126972909458662,0.0,0.0,1.0,0.29999999999999993,0.0,0.0,1.0,-1.0,0,1.5707963265319929,3.1415926529411577,1.4878896757555188e-19,6.911838704497922e-20,1.0,-1.0,1.5,0.0,1.4878896757555188e-19,1.4878896757555188e-19,9.932390664549142e-11
0.7000000000000001,16,13,0.7026819186842321,0.9585326283687379,0.2698072542907834,0.2698072542907834,0.0,0.0,1.0,0.29999999999999993,0.0,0.0,1.0,-1.0,0,1.570796326992904,4.360459963252085e-10,5.666240807929232e-20,3.920690155801564e-20,1.0,-1.0,1.5,0.0,5.666240807929232e-20,5.666240807929232e-20,9.923432070853245e-11
0.7000000000000001,16,14,0.7334698180178624,1.0203625528400297,0.31438895040270104,0.31438895040270104,0.0,0.0,1.0,0.29999999999999993,0.0,0.0,1.0,-1.0,0,1.5707963265637184,3.141592653066895,8.510058333435857e-20,5.344338278128048e-20,1.0,-1.0,1.5,0.0,8.510058333435857e-20,8.510058333435857e-20,9.9148803143666e-11
0.7000000000000001,16,15,0.7487953639846998,0.9730061661847291,0.29269190398525613,0.29269190398525613,0.0,0.0,1.0,0.29999999999999993,0.0,0.0,1.0,-1.0,0,1.5707963265827982,3.141592653132835,5.995629683383001e-20,4.498573133531287e-20,1.0,-1.0,1.5,0.0,5.995629683383001e-20,5.995629683383001e-20,9.920378862364204e-11
0.7000000000000001,16,16,0.6663505906371174,1.0350521941778175,0.29632457303056897,0.29632457303056897,0.0,0.0,1.0,0.29999999999999993,0.0,0.0,1.0,-1.0,0,1.570796327014311,5.293408799580597e-10,9.60544072675616e-20,4.8142690050509734e-20,1.0,-1.0,1.5,0.0,9.60544072675616e-20,9.60544072675616e-20,9.932581635655142e-11
0.7000000000000001,16,17,0.6950637830882503,0.9780745970485495,0.2912099493779881,0.2912099493779881,0.0,0.0,1.0,0.29999999999999993,0.0,0.0,1.0,-1.0,0,1.5707963270211764,5.130238969541492e-10,8.222216424200399e-20,5.1202558064762435e-20,1.0,-1.0,1.5,0.0,8.222216424200399e-20,8.222216424200399e-20,9.981544488042789e-11
0.7000000000000001,16,18,0.7092259519712936,1.0062263423254527,0.3182867908179844,0.3182867908179844,0.0,0.0,1.0,0.29999999999999993,0.0,0.0,1.0,-1.0,0,1.5707963265329694,3.141592652986847,1.1629399386521857e-19,6.860586222308796e-20,1.0,-1.0,1.5,0.0,1.1629399386521857e-19,1.1629399386521857e-19,9.989946345385192e-11
0.7000000000000001,16,19,0.720254115823002,1.0152052789354213,0.2946898757421368,0.2946898757421368,0.0,0.0,1.0,0.29999999999999993,0.0,0.0,1.0,-1.0,0,1.5707963265901763,3.141592653126931,6.663729912909662e-20,4.1910402047659025e-20,1.0,-1.0,1.5,0.0,6.663729912909662e-20,6.663729912909662e-20,9.905401889655611e-11
0.7000000000000001,16,20,0.7175327529972314,0.9894438985655711,0.32482031263578554,0.32482031263578554,0.0,0.0,1.0,0.29999999999999993,0.0,0.0,1.0,-1.0,0,1.5707963270806637,6.492112372802409e-10,1.3209162169087377e-19,8.166285056445223e-20,1.0,-1.0,1.5,0.0,1.3209162169087377e-19,1.3209162169087377e-19,9.981195771798083e-11
0.7000000000000001,16,21,0.7249422608582557,0.993614941206115,0.2658609548363287,0.2658609548363287,0.0,0.0,1.0,0.29999999999999993,0.0,0.0,1.0,-1.0,0,1.570796326971889,3.881944631822515e-10,4.460632860520799e-20,3.1326295316852346e-20,1.0,-1.0,1.5,0.0,4.460632860520799e-20,4.460632860520799e-20,9.980701824595444e-11
0.7000000000000001,16,22,0.6701174432379973,1.0199918034243471,0.29618229809595176,0.29618229809595176,0.0,0.0,1.0,0.29999999999999993,0.0,0.0,1.0,-1.0,0,1.5707963265696174,3.141592653052812,9.715817344682113e-20,5.075071340980132e-20,1.0,-1.0,1.5,0.0,9.715817344682113e-20,9.715817344682113e-20,9.966529281509543e-11
0.7000000000000001,16,23,0.657407893329487,0.9827553646935716,0.2724579230611849,0.2724579230611849,0.0,0.0,1.0,0.29999999999999993,0.0,0.0,1.0,-1.0,0,1.570796326589665,3.1415926531101257,7.531504599884099e-20,4.21200386653128e-20,1.0,-1.0,1.5,0.0,7.531504599884099e-20,7.531504599884099e-20,9.945416945087358e-11
0.7000000000000001,16,24,0.7076179438804405,0.974429205274183,0.29182067466788963,0.29182067466788963,0.0,0.0,1.0,0.29999999999999993,0.0,0.0,1.0,-1.0,0,1.5707963265701548,3.1415926530871423,7.723346250197957e-20,5.0508895533594733e-20,1.0,-1.0,1.5,0.0,7.723346250197957e-20,7.723346250197957e-20,9.993904981639891e-11
0.7000000000000001,16,25,0.7045239677225682,0.974536632250491,0.28171977256735464,0.28171977256735464,0.0,0.0,1.0,0.29999999999999993,0.0,0.0,1.0,-1.0,0,1.5707963265871625,3.1415926531262763,6.54248354368833e-20,4.315346187613242e-20,1.0,-1.0,1.5,0.0,6.54248354368833e-20,6.54248354368833e-20,9.924645858063731e-11
0.7000000000000001,16,26,0.7483966347123122,0.9951345721699301,0.293105003148312,0.293105003148312,0.0,0.0,1.0,0.29999999999999993,0.0,0.0,1.0,-1.0,0,1.5707963269978535,4.424543299079361e-10,5.735900776257669e-20,4.119151272332588e-20,1.0,-1.0,1.5,0.0,5.735900776257669e-20,5.735900776257669e-20,9.910689908956875e-11
0.7000000000000001,16,27,0.6875297661842625,0.9511339645565646,0.30885663680733755,0.30885663680733755,0.0,0.0,1.0,0.29999999999999993,0.0,0.0,1.0,-1.0,0,1.570796327082164,6.528583257925719e-10,1.3365666517160012e-19,8.252260613083026e-20,1.0,-1.0,1.5,0.0,1.3365666517160012e-19,1.3365666517160012e-19,9.943007003700195e-11
0.7000000000000001,16,28,0.7251646021750624,0.9576273908731334,0.2939865412208684,0.2939865412208684,0.0,0.0,1.0,0.29999999999999993,0.0,0.0,1.0,-1.0,0,1.5707963265652403,3.1415926530882525,7.392110199873744e-20,5.274204149027143e-20,1.0,-1.0,1.5,0.0,7.392110199873744e-20,7.392110199873744e-20,9.942938212267528e-11
0.7000000000000001,16,29,0.7311042829840995,0.9690979073949679,0.30155634538644094,0.30155634538644094,0.0,0.0,1.0,0.29999999999999993,0.0,0.0,1.0,-1.0,0,1.5707963270300707,5.1592919635339e-10,7.88234571553627e-20,5.530682964582998e-20,1.0,-1.0,1.5,0.0,7.88234571553627e-20,7.88234571553627e-20,9.935929747490218e-11
0.7000000000000001,16,30,0.6857441155015807,0.9936245102296972,0.34333759816314124,0.34333759816314124,0.0,0.0,1.0,0.29999999999999993,0.0,0.0,1.0,-1.0,0,1.5707963271898961,9.36683245616013e-10,2.9342125062268815e-19,1.5602462661533182e-19,1.0,-1.0,1.5,0.0,2.9342125062268815e-19,2.9342125062268815e-19,9.971559672625694e-11
0.7000000000000001,16,31,0.7041162792375822,1.0162969545552312,0.29115993915720784,0.29115993915720784,0.0,0.0,1.0,0.29999999999999993,0.0,0.0,1.0,-1.0,0,1.5707963270001404,4.706221027936137e-10,7.04256644493596e-20,4.2125001308595564e-20,1.0,-1.0,1.5,0.0,7.04256644493596e-20,7.04256644493596e-20,9.966196398494807e-11
0.7000000000000001,16,32,0.7334873347140995,1.0094974976685438,0.30761497224614276,0.30761497224614276,0.0,0.0,1.0,0.29999999999999993,0.0,0.0,1.0,-1.0,0,1.5707963265691822,3.141592653083795,7.855891625069205e-20,5.094698916789891e-20,1.0,-1.0,1.5,0.0,7.855891625069205e-20,7.855891625069205e-20,9.9863851755431e-11
0.7000000000000001,16,33,0.7301651789439659,0.9748330776264225,0.3299156190495631,0.3299156190495631,0.0,0.0,1.0,0.29999999999999993,0.0,0.0,1.0,-1.0,0,1.570796327098935,6.79361017077811e-10,1.4086715034722977e-19,9.243928106831578e-20,1.0,-1.0,1.5,0.0,1.4086715034722977e-19,1.4086715034722977e-19,9.983154549091811e-11
0.7000000000000001,16,34,0.687910016303669,1.0059714383567044,0.28420409593253176,0.28420409593253176,0.0,0.0,1.0,0.29999999999999993,0.0,0.0,1.0,-1.0,0,1.5707963269993026,4.719027078261809e-10,7.155449596773092e-20,4.1781807280760875e-20,1.0,-1.0,1.5,0.0,7.155449596773092e-20,7.155449596773092e-20,9.979402612529466e-11
0.7000000000000001,16,35,0.7216879070933695,0.9985219691846674,0.3353169634575015,0.3353169634575015,0.0,0.0,1.0,0.29999999999999993,0.0,0.0,1.0,-1.0,0,1.5707963271030962,7.044586382954835e-10,1.5702120422272743e-19,9.498700993527632e-20,1.0,-1.0,1.5,0.0,1.5702120422272743e-19,1.5702120422272743e-19,9.951691912521567e-11
0.7000000000000001,16,36,0.6808373135870582,1.0022890881811457,0.2880558879775003,0.2880558879775003,0.0,0.0,1.0,0.29999999999999993,0.0,0.0,1.0,-1.0,0,1.570796326580769,3.141592653091885,8.053131190442747e-20,4.585065724758177e-20,1.0,-1.0,1.5,0.0,8.053131190442747e-20,8.053131190442747e-20,9.956586546528282e-11
0.7000000000000001,16,37,0.6660223982913583,0.9825134682236274,0.3064107342019174,0.3064107342019174,0.0,0.0,1.0,0.29999999999999993,0.0,0.0,1.0,-1.0,0,1.5707963265211267,3.1415926529439315,1.3845227192478926e-19,7.494998928715171e-20,1.0,-1.0,1.5,0.0,1.3845227192478926e-19,1.3845227192478926e-19,9.984496130231311e-11
0.7000000000000001,16,38,0.6604527212907384,1.0268159583799183,0.28980721529466436,0.28980721529466436,0.0,0.0,1.0,0.29999999999999993,0.0,0.0,1.0,-1.0,0,1.5707963265802636,3.1415926530728107,9.141524434979945e-20,4.6067341554681815e-20,1.0,-1.0,1.5,0.0,9.141524434979945e-20,9.141524434979945e-20,9.972458964267966e-11
0.7000000000000001,16,39,0.7137630199728964,1.0001229280325545,0.278841453797284,0.278841453797284,0.0,0.0,1.0,0.29999999999999993,0.0,0.0,1.0,-1.0,0,1.5707963266035312,3.1415926531614073,5.61787006091172e-20,3.6620727503882476e-20,1.0,-1.0,1.5,0.0,5.61787006091172e-20,5.61787006091172e-20,9.944939431846547e-11
0.7000000000000001,16,40,0.7171100460168292,0.9832997940033579,0.3047329498566917,0.3047329498566917,0.0,0.0,1.0,0.29999999999999993,0.0,0.0,1.0,-1.0,0,1.5707963270343213,5.368243343379333e-10,8.844657756538454e-20,5.732415874383116e-20,1.0,-1.0,1.5,0.0,8.844657756538454e-20,8.844657756538454e-20,9.936053029222248e-11
0.7000000000000001,16,41,0.6896384373786835,1.0322565644836725,0.294829485171214,0.294829485171214,0.0,0.0,1.0,0.29999999999999993,0.0,0.0,1.0,-1.0,0,1.5707963265860512,3.1415926530990324,7.947631596541124e-20,4.3616420591537044e-20,1.0,-1.0,1.5,0.0,7.947631596541124e-20,7.947631596541124e-20,9.945788883279418e-11
0.7000000000000001,16,42,0.7033363079464567,0.9379453284440387,0.31744579862272204,0.31744579862272204,0.0,0.0,1.0,0.29999999999999993,0.0,0.0,1.0,-1.0,0,1.5707963271095378,7.025246544833282e-10,1.5045362022664205e-19,9.899904745203219e-20,1.0,-1.0,1.5,0.0,1.5045362022664205e-19,1.5045362022664205e-19,9.959818810441885e-11
0.7000000000000001,16,43,0.7162253494798934,0.9975811733375406,0.31480982579017136,0.31480982579017136,0.0,0.0,1.0,0.29999999999999993,0.0,0.0,1.0,-1.0,0,1.570796327047924,5.749864171518091e-10,1.0365766307443017e-19,6.402282243786994e-20,1.0,-1.0,1.5,0.0,1.0365766307443017e-19,1.0365766307443017e-19,9.916791519442906e-11
0.7000000000000001,16,44,0.7119826077458238,1.0443811824994236,0.27919169953699086,0.27919169953699086,0.0,0.0,1.0,0.29999999999999993,0.0,0.0,1.0,-1.0,0,1.5707963269716376,4.055798661663595e-10,5.236722438246006e-20,3.1237382846445417e-20,1.0,-1.0,1.5,0.0,5.236722438246006e-20,5.236722438246006e-20,9.938940834726774e-11
0.7000000000000001,16,45,0.6924191496305774,0.9829525999292332,0.29488280142745577,0.29488280142745577,0.0,0.0,1.0,0.29999999999999993,0.0,0.0,1.0,-1.0,0,1.5707963270255612,5.267007893942819e-10,8.763746255374145e-20,5.320612876804729e-20,1.0,-1.0,1.5,0.0,8.763746255374145e-20,8.763746255374145e-20,9.933218404297961e-11
0.7000000000000001,16,46,0.6783740718549774,1.0512382308670805,0.2922301848235468,0.2922301848235468,0.0,0.0,1.0,0.29999999999999993,0.0,0.0,1.0,-1.0,0,1.5707963269949619,4.796607163293423e-10,7.817363238037712e-20,4.002609882762462e-20,1.0,-1.0,1.5,0.0,7.817363238037712e-20,7.817363238037712e-20,9.899802199749305e-11
0.7000000000000001,16,47,0.7322062371719974,0.9809322655813992,0.2865708312104818,0.2865708312104818,0.0,0.0,1.0,0.29999999999999993,0.0,0.0,1.0,-1.0,0,1.5707963265907667,3.1415926531431384,5.881835151444339e-20,4.1669010108279115e-20,1.0,-1.0,1.5,0.0,5.881835151444339e-20,5.881835151444339e-20,9.916006749816277e-11
0.7000000000000001,16,48,0.6668031594575161,1.0348563799672834,0.3000656751136289,0.3000656751136289,0.0,0.0,1.0,0.29999999999999993,0.0,0.0,1.0,-1.0,0,1.5707963265682356,3.1415926530422036,1.0299521652140185e-19,5.137519690514019e-20,1.0,-1.0,1.5,0.0,1.0299521652140185e-19,1.0299521652140185e-19,9.936679616163112e-11
0.7000000000000001,16,49,0.7220312895514516,0.9529612462444327,0.3150085680442162,0.3150085680442162,0.0,0.0,1.0,0.29999999999999993,0.0,0.0,1.0,-1.0,0,1.5707963265129643,3.1415926529670495,1.1615243787375662e-19,7.948583111620879e-20,1.0,-1.0,1.5,0.0,1.1615243787375662e-19,1.1615243787375662e-19,9.981380929981157e-11
0.75,17,0,0.7713434712024642,0.9878435674744628,0.268471166083037,0.268471166083037,0.0,0.0,1.0,0.25,0.0,0.0,1.0,-1.0,0,1.57079632662244,3.1415926532269416,3.6250291935475375e-20,2.974126328054725e-20,1.0,-1.0,1.5,0.0,3.6250291935475375e-20,3.6250291935475375e-20,9.88896152018483e-11
0.75,17,1,0.7615171680628657,1.028834245955439,0.2385349183176404,0.2385349183176404,0.0,0.0,1.0,0.25,0.0,0.0,1.0,-1.0,0,1.5707963269338445,2.9638652223729443e-10,2.4786918823196583e-20,1.930651975175929e-20,1.0,-1.0,1.5,0.0,2.4786918823196583e-20,2.4786918823196583e-20,9.838727501028668e-11
0.75,17,2,0.7479441766720729,0.9726651331746978,0.2577228203740247,0.2577228203740247,0.0,0.0,1.0,0.25,0.0,0.0,1.0,-1.0,0,1.5707963269664125,3.6315409820030474e-10,3.672521765534233e-20,2.9417687264777115e-20,1.0,-1.0,1.5,0.0,3.672521765534233e-20,3.672521765534233e-20,9.948333716910209e-11
0.75,17,3,0.7251415365039844,1.0427977556061914,0.27978240600950355,0.27978240600950355,0.0,0.0,1.0,0.25,0.0,0.0,1.0,-1.0,0,1.5707963269696463,3.9586556455210506e-10,4.88922215865009e-20,3.053746078771201e-20,1.0,-1.0,1.5,0.0,4.88922215865009e-20,4.88922215865009e-20,9.916813940009059e-11
0.75,17,4,0.7722102627814262,0.9527035432556034,0.2480070285286465,0.2480070285286465,0.0,0.0,1.0,0.25,0.0,0.0,1.0,-1.0,0,1.570796326629986,3.141592653252698,2.9647595765878136e-20,2.7195502993862017e-20,1.0,-1.0,1.5,0.0,2.9647595765878136e-20,2.9647595765878136e-20,9.87216576687058e-11
0.75,17,5,0.7570845232402681,1.0058686586736938,0.24802472525487335,0.24802472525487335,0.0,0.0,1.0,0.25,0.0,0.0,1.0,-1.0,0,1.5707963269474172,3.243310134773201e-10,2.951881765219361e-20,2.326253389223971e-20,1.0,-1.0,1.5,0.0,2.951881765219361e-20,2.951881765219361e-20,9.926577603828991e-11
0.75,17,6,0.7442841759630945,0.9752191806362909,0.2729783763965038,0.2729783763965038,0.0,0.0,1.0,0.25,0.0,0.0,1.0,-1.0,0,1.5707963266078506,3.14159265318885,4.575210008539041e-20,3.498620444346755e-20,1.0,-1.0,1.5,0.0,4.575210008539041e-20,4.575210008539041e-20,9.950315111948682e-11
0.75,17,7,0.7646496871388879,0.9515793607944372,0.25421329352216815,0.25421329352216815,0.0,0.0,1.0,0.25,0.0,0.0,1.0,-1.0,0,1.5707963269665737,3.539824219796865e-10,3.3235246561783604e-20,2.9473011465674126e-20,1.0,-1.0,1.5,0.0,3.3235246561783604e-20,3.3235246561783604e-20,9.882537262375118e-11
0.75,17,8,0.7352021475368713,0.995686850323452,0.26261936275051245,0.26261936275051245,0.0,0.0,1.0,0.25,0.0,0.0,1.0,-1.0,0,1.5707963266245852,3.1415926532198886,3.9837482237021654e-20,2.9005966782311434e-20,1.0,-1.0,1.5,0.0,3.9837482237021654e-20,3.9837482237021654e-20,9.919457444377507e-11
0.75,17,9,0.7339640654826862,1.0167258288601437,0.2550887630513604,0.2550887630513604,0.0,0.0,1.0,0.25,0.0,0.0,1.0,-1.0,0,1.5707963266378655,3.14159265324597,3.4891325437520714e-20,2.4658771410529962e-20,1.0,-1.0,1.5,0.0,3.4891325437520714e-20,3.4891325437520714e-20,9.878659482893239e-11
0.75,17,10,0.7323313672750205,0.9818860943068093,0.25196798575324897,0.25196798575324897,0.0,0.0,1.0,0.25,0.0,0.0,1.0,-1.0,0,1.5707963269603753,3.5577165850589127e-10,3.621141744484398e-20,2.738319372915844e-20,1.0,-1.0,1.5,0.0,3.621141744484398e-20,3.621141744484398e-20,9.942886169549082e-11
0.75,17,11,0.7631793536481186,0.9686089803553389,0.2622826539515495,0.2622826539515495,0.0,0.0,1.0,0.25,0.0,0.0,1.0,-1.0,0,1.57079632662063,3.141592653225389,3.6152277486569897e-20,3.036886961770534e-20,1.0,-1.0,1.5,0.0,3.6152277486569897e-20,3.6152277486569897e-20,9.906426967146316e-11
0.75,17,12,0.7132512361853829,0.98220018357115,0.2532469230757771,0.2532469230757771,0.0,0.0,1.0,0.25,0.0,0.0,1.0,-1.0,0,1.5707963269628926,3.677385706240547e-10,3.98970944100167e-20,2.8222656108086906e-20,1.0,-1.0,1.5,0.0,3.98970944100167e-20,3.98970944100167e-20,9.867585568808738e-11
0.75,17,13,0.7594172588607275,0.9998148423140376,0.2509705746128218,0.2509705746128218,0.0,0.0,1.0,0.25,0.0,0.0,1.0,-1.0,0,1.570796326638346,3.1415926532580687,3.0685908077100305e-20,2.4508093971446748e-20,1.0,-1.0,1.5,0.0,3.0685908077100305e-20,3.0685908077100305e-20,9.955402063504509e-11
0.75,17,14,0.7915240755371408,0.9638358894850068,0.2607036740057128,0.2607036740057128,0.0,0.0,1.0,0.25,0.0,0.0,1.0,-1.0,0,1.5707963269648781,3.46387076896468e-10,3.111891939919053e-20,2.889371820604155e-20,1.0,-1.0,1.5,0.0,3.111891939919053e-20,3.111891939919053e-20,9.864982036069199e-11
0.75,17,15,0.7698559950359863,1.016410483169466,0.2682826671356656,0.2682826671356656,0.0,0.0,1.0,0.25,0.0,0.0,1.0,-1.0,0,1.5707963266303404,3.1415926532381784,3.499093931483214e-20,2.7078745498942943e-20,1.0,-1.0,1.5,0.0,3.499093931483214e-20,3.499093931483214e-20,9.935210466286446e-11
0.75,17,16,0.7481445326620264,0.9966425256502982,0.23725612521821465,0.23725612521821465,0.0,0.0,1.0,0.25,0.0,0.0,1.0,-1.0,0,1.5707963269432663,3.1466228178708054e-10,2.7653222860728426e-20,2.2013567785909716e-20,1.0,-1.0,1.5,0.0,2.7653222860728426e-20,2.7653222860728426e-20,9.95106863735896e-11
0.75,17,17,0.7553816176422142,0.9930162011842667,0.2631157480672052,0.2631157480672052,0.0,0.0,1.0,0.25,0.0,0.0,1.0,-1.0,0,1.570796326962852,3.580744514763943e-10,3.61452666200321e-20,2.820900500560548e-20,1.0,-1.0,1.5,0.0,3.61452666200321e-20,3.61452666200321e-20,9.87948814924718e-11
0.75,17,18,0.7476693731242674,0.9784099821600061,0.25137687877225234,0.25137687877225234,0.0,0.0,1.0,0.25,0.0,0.0,1.0,-1.0,0,1.5707963266308427,3.1415926532424647,3.358956724422328e-20,2.691369615574447e-20,1.0,-1.0,1.5,0.0,3.358956724422328e-20,3.358956724422328e-20,9.943684872887447e-11
0.75,17,19,0.6931261068338963,1.0459945869166596,0.23612553670252134,0.23612553670252134,0.0,0.0,1.0,0.25,0.0,0.0,1.0,-1.0,0,1.5707963266536804,3.1415926532668297,3.30320974588088e-20,1.9942018282288084e-20,1.0,-1.0,1.5,0.0,3.30320974588088e-20,3.30320974588088e-20,9.942777339874292e-11
0.75,17,20,0.7869240149281108,0.9946336595674166,0.2548594398028201,0.2548594398028201,0.0,0.0,1.0,0.25,0.0,0.0,1.0,-1.0,0,1.5707963269530927,3.2758298460846257e-10,2.869192967417774e-20,2.5025993917048863e-20,1.0,-1.0,1.5,0.0,2.869192967417774e-20,2.869192967417774e-20,9.961418030588091e-11
0.75,17,21,0.7306349867405446,1.0169746148517362,0.25076025394844864,0.25076025394844864,0.0,0.0,1.0,0.25,0.0,0.0,1.0,-1.0,0,1.5707963266403753,3.14159265325117,3.389343007659339e-20,2.3876846335310616e-20,1.0,-1.0,1.5,0.0,3.389343007659339e-20,3.389343007659339e-20,9.919586902610067e-11
0.75,17,22,0.7686413661797169,1.001391626191512,0.24868487536180583,0.24868487536180583,0.0,0.0,1.0,0.25,0.0,0.0,1.0,-1.0,0,1.5707963266425167,3.1415926532694805,2.8201438759316e-20,2.321964846683972e-20,1.0,-1.0,1.5,0.0,2.8201438759316e-20,2.8201438759316e-20,9.884636377410713e-11
0.75,17,23,0.7471857370382835,0.9862121472888539,0.2438108673499088,0.2438108673499088,0.0,0.0,1.0,0.25,0.0,0.0,1.0,-1.0,0,1.5707963266389664,3.141592653259488,3.040664765197843e-20,2.431423316842499e-20,1.0,-1.0,1.5,0.0,3.040664765197843e-20,3.040664765197843e-20,9.95170422532461e-11
0.75,17,24,0.763064743930183,1.0149740422929714,0.24661575533613805,0.24661575533613805,0.0,0.0,1.0,0.25,0.0,0.0,1.0,-1.0,0,1.5707963269440193,3.1675232382677327e-10,2.809970656004666e-20,2.2237565621252584e-20,1.0,-1.0,1.5,0.0,2.809970656004666e-20,2.809970656004666e-20,9.959247601611536e-11
0.75,17,25,0.7662165798767611,0.9595604382971024,0.27413259043421445,0.27413259043421445,0.0,0.0,1.0,0.25,0.0,0.0,1.0,-1.0,0,1.570796326985186,3.9748491743929636e-10,4.2930032750481985e-20,3.621000955336154e-20,1.0,-1.0,1.5,0.0,4.2930032750481985e-20,4.2930032750481985e-20,9.958635250597532e-11
0.75,17,26,0.760793536165493,0.9893331378559416,0.2513683367882994,0.2513683367882994,0.0,0.0,1.0,0.25,0.0,0.0,1.0,-1.0,0,1.570796326954666,3.364267611174058e-10,3.120779860874114e-20,2.5526283450202662e-20,1.0,-1.0,1.5,0.0,3.120779860874114e-20,3.120779860874114e-20,9.966523274896297e-11
0.75,17,27,0.7170609009193811,0.9726468791361081,0.2427697618110941,0.2427697618110941,0.0,0.0,1.0,0.25,0.0,0.0,1.0,-1.0,0,1.5707963269556964,3.470577992555745e-10,3.4692058426670014e-20,2.5856561746115098e-20,1.0,-1.0,1.5,0.0,3.4692058426670014e-20,3.4692058426670014e-20,9.860632157238476e-11
0.75,17,28,0.7431242726068451,1.0265288143898057,0.2335058885983445,0.2335058885983445,0.0,0.0,1.0,0.25,0.0,0.0,1.0,-1.0,0,1.5707963266560985,3.141592653290155,2.5869527863873488e-20,1.9264925158021935e-20,1.0,-1.0,1.5,0.0,2.5869527863873488e-20,2.5869527863873488e-20,9.911374376985573e-11
0.75,17,29,0.7338133413243375,1.001583014960805,0.26315457232689743,0.26315457232689743,0.0,0.0,1.0,0.25,0.0,0.0,1.0,-1.0,0,1.5707963269640828,3.6913738114718974e-10,3.998049109560045e-20,2.862395651779383e-20,1.0,-1.0,1.5,0.0,3.998049109560045e-20,3.998049109560045e-20,9.917337806190315e-11
0.75,17,30,0.7439871972630654,1.0152478524053765,0.25997383052633877,0.25997383052633877,0.0,0.0,1.0,0.25,0.0,0.0,1.0,-1.0,0,1.5707963269558534,3.4992219024858277e-10,3.5707940552898005e-20,2.590707286245122e-20,1.0,-1.0,1.5,0.0,3.5707940552898005e-20,3.5707940552898005e-20,9.923437653447194e-11
0.75,17,31,0.7379542535939413,1.0296937552218868,0.2354484000788922,0.2354484000788922,0.0,0.0,1.0,0.25,0.0,0.0,1.0,-1.0,0,1.5707963266546057,3.141592653284757,2.71409702732679e-20,1.9681551002193205e-20,1.0,-1.0,1.5,0.0,2.71409702732679e-20,2.71409702732679e-20,9.950826215909014e-11
0.75,17,32,0.694833692146192,1.0385260249788053,0.2526940531320022,0.2526940531320022,0.0,0.0,1.0,0.25,0.0,0.0,1.0,-1.0,0,1.5707963266404597,3.1415926532354845,3.994871085116101e-20,2.3850777375067995e-20,1.0,-1.0,1.5,0.0,3.994871085116101e-20,3.994871085116101e-20,9.869182713803108e-11
0.75,17,33,0.7235812379843156,1.0315675607746,0.2525244951598301,0.2525244951598301,0.0,0.0,1.0,0.25,0.0,0.0,1.0,-1.0,0,1.570796326642193,3.1415926532501453,3.4948170966002294e-20,2.3318416558761738e-20,1.0,-1.0,1.5,0.0,3.4948170966002294e-20,3.4948170966002294e-20,9.899990142456361e-11
0.75,17,34,0.7310306480779487,0.9713717417346516,0.23111653242420171,0.23111653242420171,0.0,0.0,1.0,0.25,0.0,0.0,1.0,-1.0,0,1.5707963269459106,3.197319856025552e-10,2.846574891745931e-20,2.2805236921411045e-20,1.0,-1.0,1.5,0.0,2.846574891745931e-20,2.846574891745931e-20,9.888534714264064e-11
0.75,17,35,0.8046472858370743,0.956568647075162,0.2635945504119849,0.2635945504119849,0.0,0.0,1.0,0.25,0.0,0.0,1.0,-1.0,0,1.570796326620793,3.1415926532392993,3.1113536869871065e-20,3.031209196123709e-20,1.0,-1.0,1.5,0.0,3.1113536869871065e-20,3.1113536869871065e-20,9.908734199566544e-11
0.75,17,36,0.7623744493637595,1.0125241185165494,0.2189795152254205,0.2189795152254205,0.0,0.0,1.0,0.25,0.0,0.0,1.0,-1.0,0,1.5707963266620135,3.141592653311654,2.109939638029752e-20,1.7657918036767975e-20,1.0,-1.0,1.5,0.0,2.109939638029752e-20,2.109939638029752e-20,9.966573568750316e-11
0.75,17,37,0.7618047144073906,0.99832018571728,0.24257595645449273,0.24257595645449273,0.0,0.0,1.0,0.25,0.0,0.0,1.0,-1.0,0,1.570796326945726,3.173659437380685e-10,2.7734457778325356e-20,2.2749474051652125e-20,1.0,-1.0,1.5,0.0,2.7734457778325356e-20,2.7734457778325356e-20,9.97660751879557e-11
0.75,17,38,0.7773865083688426,1.0230515307528893,0.24737805353675987,0.24737805353675987,0.0,0.0,1.0,0.25,0.0,0.0,1.0,-1.0,0,1.570796326649375,3.1415926532829603,2.6021318687080034e-20,2.117655236692146e-20,1.0,-1.0,1.5,0.0,2.6021318687080034e-20,2.6021318687080034e-20,9.899492243293371e-11
0.75,17,39,0.7377255833410917,0.9920385494232542,0.2679990844524396,0.2679990844524396,0.0,0.0,1.0,0.25,0.0,0.0,1.0,-1.0,0,1.570796326972488,3.852020391873562e-10,4.310216262586363e-20,3.1538718080624523e-20,1.0,-1.0,1.5,0.0,4.310216262586363e-20,4.310216262586363e-20,9.985179785425606e-11
0.75,17,40,0.7692438250826333,0.9844837835310796,0.24979371006916828,0.24979371006916828,0.0,0.0,1.0,0.25,0.0,0.0,1.0,-1.0,0,1.5707963269520284,3.2751135628058615e-10,2.9029192569906455e-20,2.469040315083723e-20,1.0,-1.0,1.5,0.0,2.9029192569906455e-20,2.9029192569906455e-20,9.850627923935439e-11
0.75,17,41,0.7958532700870576,0.9846230339182163,0.25777120560069355,0.25777120560069355,0.0,0.0,1.0,0.25,0.0,0.0,1.0,-1.0,0,1.5707963266333034,3.141592653258672,2.873967036966115e-20,2.611237667163592e-20,1.0,-1.0,1.5,0.0,2.873967036966115e-20,2.873967036966115e-20,9.913155170402357e-11
0.75,17,42,0.6947113114080448,1.007576658361355,0.26193688984139596,0.26193688984139596,0.0,0.0,1.0,0.25,0.0,0.0,1.0,-1.0,0,1.5707963266226646,3.1415926531991256,4.771409087947457e-20,2.966388513281888e-20,1.0,-1.0,1.5,0.0,4.771409087947457e-20,4.771409087947457e-20,9.883877605598326e-11
0.75,17,43,0.7879297802951275,0.979992738726408,0.22427932273205056,0.22427932273205056,0.0,0.0,1.0,0.25,0.0,0.0,1.0,-1.0,0,1.570796326936521,2.864739880039174e-10,2.098139483605974e-20,2.0057478799203652e-20,1.0,-1.0,1.5,0.0,2.098139483605974e-20,2.098139483605974e-20,9.976212793057769e-11
0.75,17,44,0.8009233045538258,0.9987338865721225,0.2720763386096736,0.2720763386096736,0.0,0.0,1.0,0.25,0.0,0.0,1.0,-1.0,0,1.5707963269649166,3.519099784933165e-10,3.3083987249747214e-20,2.890677892578647e-20,1.0,-1.0,1.5,0.0,3.3083987249747214e-20,3.3083987249747214e-20,9.986731469884426e-11
0.75,17,45,0.7276769932678007,1.0142050487329155,0.25695134682504617,0.25695134682504617,0.0,0.0,1.0,0.25,0.0,0.0,1.0,-1.0,0,1.5707963269559848,3.545826937380005e-10,3.74401219648942e-20,2.594940579992126e-20,1.0,-1.0,1.5,0.0,3.74401219648942e-20,3.74401219648942e-20,9.938183464667831e-11
0.75,17,46,0.7102677505910263,1.0328002272830297,0.24676175669163758,0.24676175669163758,0.0,0.0,1.0,0.25,0.0,0.0,1.0,-1.0,0,1.5707963266447704,3.1415926532525145,3.502608705507745e-20,2.2537874418870632e-20,1.0,-1.0,1.5,0.0,3.502608705507745e-20,3.502608705507745e-20,9.940187517340964e-11
0.75,17,47,0.7110037672134399,1.0550530665028828,0.24743324859911303,0.24743324859911303,0.0,0.0,1.0,0.25,0.0,0.0,1.0,-1.0,0,1.5707963266500806,3.141592653260766,3.393374854253927e-20,2.0971673349784353e-20,1.0,-1.0,1.5,0.0,3.393374854253927e-20,3.393374854253927e-20,9.91251327948126e-11
0.75,17,48,0.7299343139652201,0.9978481178968159,0.1992183035490404,0.1992183035490404,0.0,0.0,1.0,0.25,0.0,0.0,1.0,-1.0,0,1.5707963269224718,2.6959019783979876e-10,2.016825323833746e-20,1.6275437380137564e-20,1.0,-1.0,1.5,0.0,2.016825323833746e-20,2.016825323833746e-20,9.990850159293753e-11
0.75,17,49,0.7206139892513843,1.0078615897986294,0.27838461938421155,0.27838461938421155,0.0,0.0,1.0,0.25,0.0,0.0,1.0,-1.0,0,1.570796326980471,4.143496514029577e-10,5.233812321890855e-20,3.4437851799368616e-20,1.0,-1.0,1.5,0.0,5.233812321890855e-20,5.233812321890855e-20,9.902019753242376e-11
0.8,18,0,0.8181153932165575,0.9948649597270882,0.19097071845577268,0.19097071845577268,0.0,0.0,1.0,0.19999999999999996,0.0,0.0,1.0,-1.0,0,1.5707963269160239,2.373781223296182e-10,1.3514260863661807e-20,1.4671815333119558e-20,1.0,-1.0,1.5,0.0,1.4671815333119558e-20,1.4671815333119558e-20,9.954867532411259e-11
0.8,18,1,0.8010403137840069,0.9459227146152315,0.20990700136865456,0.20990700136865456,0.0,0.0,1.0,0.19999999999999996,0.0,0.0,1.0,-1.0,0,1.5707963266541602,3.141592653314718,1.8046919517855438e-20,1.980672660805001e-20,1.0,-1.0,1.5,0.0,1.980672660805001e-20,1.980672660805001e-20,9.974120755964052e-11
0.8,18,2,0.796576485367287,0.9716354807653491,0.2059627887824904,0.2059627887824904,0.0,0.0,1.0,0.19999999999999996,0.0,0.0,1.0,-1.0,0,1.5707963266627594,3.141592653327806,1.6861072331341328e-20,1.7460253184024158e-20,1.0,-1.0,1.5,0.0,1.7460253184024158e-20,1.7460253184024158e-20,9.895189009316622e-11
0.8,18,3,0.7937041792301026,0.996956230652665,0.19666823556349983,0.19666823556349983,0.0,0.0,1.0,0.19999999999999996,0.0,0.0,1.0,-1.0,0,1.5707963266717528,3.141592653343125,1.5258268286809114e-20,1.5164390227025582e-20,1.0,-1.0,1.5,0.0,1.5258268286809114e-20,1.5258268286809114e-20,9.906003006859763e-11
0.8,18,4,0.777539259825266,0.9926054875928765,0.22099800218674123,0.22099800218674123,0.0,0.0,1.0,0.19999999999999996,0.0,0.0,1.0,-1.0,0,1.570796326930378,2.775869242930465e-10,2.019399633664156e-20,1.835519420383178e-20,1.0,-1.0,1.5,0.0,2.019399633664156e-20,2.019399633664156e-20,9.829289879695947e-11
0.8,18,5,0.7926415269997698,0.978746900757665,0.19523670605597204,0.19523670605597204,0.0,0.0,1.0,0.19999999999999996,0.0,0.0,1.0,-1.0,0,1.5707963266692502,3.141592653340397,1.5313997755195422e-20,1.578702874405081e-20,1.0,-1.0,1.5,0.0,1.578702874405081e-20,1.578702874405081e-20,9.879578514495953e-11
0.8,18,6,0.7852358726585453,0.9868390457368832,0.21278788244627356,0.21278788244627356,0.0,0.0,1.0,0.19999999999999996,0.0,0.0,1.0,-1.0,0,1.570796326926739,2.666160146724484e-10,1.8163906819132383e-20,1.7382438386991195e-20,1.0,-1.0,1.5,0.0,1.8163906819132383e-20,1.8163906819132383e-20,9.81927958729287e-11
0.8,18,7,0.8076338389711316,0.9600908100018731,0.22327249596303175,0.22327249596303175,0.0,0.0,1.0,0.19999999999999996,0.0,0.0,1.0,-1.0,0,1.5707963266518907,3.141592653307749,1.9331676016091272e-20,2.0450684755698102e-20,1.0,-1.0,1.5,0.0,2.0450684755698102e-20,2.0450684755698102e-20,9.863876526190054e-11
0.8,18,8,0.7779185076722576,1.005889083102493,0.21355519117261873,0.21355519117261873,0.0,0.0,1.0,0.19999999999999996,0.0,0.0,1.0,-1.0,0,1.5707963266654283,3.1415926533238205,1.863345793555649e-20,1.6762034272851806e-20,1.0,-1.0,1.5,0.0,1.863345793555649e-20,1.863345793555649e-20,9.877893506392602e-11
0.8,18,9,0.7609945839036956,0.9892671368812931,0.20712629153750267,0.20712629153750267,0.0,0.0,1.0,0.19999999999999996,0.0,0.0,1.0,-1.0,0,1.5707963269253815,2.685433082941801e-10,1.9060125497579726e-20,1.7026307807780648e-20,1.0,-1.0,1.5,0.0,1.9060125497579726e-20,1.9060125497579726e-20,9.887880490638762e-11
0.8,18,10,0.8188994177444069,0.9705816171971549,0.1895302062082777,0.1895302062082777,0.0,0.0,1.0,0.19999999999999996,0.0,0.0,1.0,-1.0,0,1.5707963269204621,2.428172866440715e-10,1.3747982240644718e-20,1.576669396627676e-20,1.0,-1.0,1.5,0.0,1.576669396627676e-20,1.576669396627676e-20,9.999248176766302e-11
0.8,18,11,0.782310125798563,1.0235369714184317,0.2120704870499105,0.2120704870499105,0.0,0.0,1.0,0.19999999999999996,0.0,0.0,1.0,-1.0,0,1.5707963266688336,3.141592653329606,1.7989275927218117e-20,1.5891879741749375e-20,1.0,-1.0,1.5,0.0,1.7989275927218117e-20,1.7989275927218117e-20,9.94972807672906e-11
0.8,18,12,0.8198401673433279,1.0185250223786566,0.2045210256073182,0.2045210256073182,0.0,0.0,1.0,0.19999999999999996,0.0,0.0,1.0,-1.0,0,1.570796326672969,3.1415926533467364,1.467227533485558e-20,1.4866349487790547e-20,1.0,-1.0,1.5,0.0,1.4866349487790547e-20,1.4866349487790547e-20,9.919265923851019e-11
0.8,18,13,0.7784788926750581,0.9917243757252887,0.19595928449835182,0.19595928449835182,0.0,0.0,1.0,0.19999999999999996,0.0,0.0,1.0,-1.0,0,1.5707963269184673,2.496817643378638e-10,1.5904013666932216e-20,1.5269705044249335e-20,1.0,-1.0,1.5,0.0,1.5904013666932216e-20,1.5904013666932216e-20,9.84948680619437e-11
0.8,18,14,0.7899987249394353,1.0069896127501514,0.2035896974472678,0.2035896974472678,0.0,0.0,1.0,0.19999999999999996,0.0,0.0,1.0,-1.0,0,1.5707963269204468,2.5436120813073214e-10,1.6592282091016564e-20,1.576284660353884e-20,1.0,-1.0,1.5,0.0,1.6592282091016564e-20,1.6592282091016564e-20,9.995044524913285e-11
0.8,18,15,0.7895226136348481,0.9810026306624151,0.19115137589169595,0.19115137589169595,0.0,0.0,1.0,0.19999999999999996,0.0,0.0,1.0,-1.0,0,1.5707963266721978,3.141592653345902,1.468761010415886e-20,1.5054995837866297e-20,1.0,-1.0,1.5,0.0,1.5054995837866297e-20,1.5054995837866297e-20,9.812806407508417e-11
0.8,18,16,0.8263650421825282,1.0300715655772985,0.17989712523738138,0.17989712523738138,0.0,0.0,1.0,0.19999999999999996,0.0,0.0,1.0,-1.0,0,1.5707963269044003,2.1588048396181686e-10,1.1316024808960772e-20,1.1991055534312444e-20,1.0,-1.0,1.5,0.0,1.1991055534312444e-20,1.1991055534312444e-20,9.81394922496873e-11
0.8,18,17,0.7758367756419553,0.9924845197876124,0.1969579547338297,0.1969579547338297,0.0,0.0,1.0,0.19999999999999996,0.0,0.0,1.0,-1.0,0,1.5707963266696054,3.141592653335884,1.6542664114068356e-20,1.5697877794149596e-20,1.0,-1.0,1.5,0.0,1.6542664114068356e-20,1.6542664114068356e-20,9.95546202993712e-11
0.8,18,18,0.8449587611213862,1.0052932927317664,0.19470840268342265,0.19470840268342265,0.0,0.0,1.0,0.19999999999999996,0.0,0.0,1.0,-1.0,0,1.5707963266742535,3.1415926533561596,1.2766868247458022e-20,1.4554760554369433e-20,1.0,-1.0,1.5,0.0,1.4554760554369433e-20,1.4554760554369433e-20,9.996385808273196e-11
0.8,18,19,0.837682536850827,0.9940852718327171,0.19250206549155083,0.19250206549155083,0.0,0.0,1.0,0.19999999999999996,0.0,0.0,1.0,-1.0,0,1.5707963266753764,3.1415926533586807,1.2452853068568737e-20,1.4285086041380997e-20,1.0,-1.0,1.5,0.0,1.4285086041380997e-20,1.4285086041380997e-20,9.797862942693244e-11
0.8,18,20,0.7911007435572339,1.0191156566600914,0.21391960348112296,0.21391960348112296,0.0,0.0,1.0,0.19999999999999996,0.0,0.0,1.0,-1.0,0,1.570796326668825,3.141592653331709,1.7427348812825124e-20,1.5894063162229244e-20,1.0,-1.0,1.5,0.0,1.7427348812825124e-20,1.7427348812825124e-20,9.84520647055088e-11
0.8,18,21,0.7685057913329458,0.9777525278450049,0.21792660090157362,0.21792660090157362,0.0,0.0,1.0,0.19999999999999996,0.0,0.0,1.0,-1.0,0,1.5707963266570735,3.141592653307962,2.0738297708895396e-20,1.899521998937217e-20,1.0,-1.0,1.5,0.0,2.0738297708895396e-20,2.0738297708895396e-20,9.850493168958104e-11
0.8,18,22,0.7987601252840673,1.030089546904215,0.19242912744859203,0.19242912744859203,0.0,0.0,1.0,0.19999999999999996,0.0,0.0,1.0,-1.0,0,1.5707963269113625,2.3578246435363834e-10,1.4236445687580632e-20,1.3564302779845472e-20,1.0,-1.0,1.5,0.0,1.4236445687580632e-20,1.4236445687580632e-20,9.986788550569326e-11
0.8,18,23,0.8092045273627215,1.0041466184646617,0.21602870068367996,0.21602870068367996,0.0,0.0,1.0,0.19999999999999996,0.0,0.0,1.0,-1.0,0,1.5707963266647766,3.141592653328734,1.7145105696845726e-20,1.6931208173823036e-20,1.0,-1.0,1.5,0.0,1.7145105696845726e-20,1.7145105696845726e-20,9.912078083432465e-11
0.8,18,24,0.7976476579313674,0.9954560094743121,0.19842398797618283,0.19842398797618283,0.0,0.0,1.0,0.19999999999999996,0.0,0.0,1.0,-1.0,0,1.5707963266705067,3.1415926533413363,1.5392630450338898e-20,1.5472845480688864e-20,1.0,-1.0,1.5,0.0,1.5472845480688864e-20,1.5472845480688864e-20,9.932393696611733e-11
0.8,18,25,0.8140543772193756,1.0003846210298928,0.20780424669984715,0.20780424669984715,0.0,0.0,1.0,0.19999999999999996,0.0,0.0,1.0,-1.0,0,1.570796326667104,3.141592653335825,1.592021987343529e-20,1.6330980964457642e-20,1.0,-1.0,1.5,0.0,1.6330980964457642e-20,1.6330980964457642e-20,9.987590670243597e-11
0.8,18,26,0.8098481531536208,0.9851750694399362,0.20999898366511421,0.20999898366511421,0.0,0.0,1.0,0.19999999999999996,0.0,0.0,1.0,-1.0,0,1.5707963266629492,3.1415926533284484,1.6743698237035248e-20,1.7410117204304237e-20,1.0,-1.0,1.5,0.0,1.7410117204304237e-20,1.7410117204304237e-20,9.982025622448957e-11
0.8,18,27,0.7887564113088552,0.9991893908508158,0.22469107728834575,0.22469107728834575,0.0,0.0,1.0,0.19999999999999996,0.0,0.0,1.0,-1.0,0,1.5707963266593414,3.1415926533130576,1.9931922832398354e-20,1.8375207886121742e-20,1.0,-1.0,1.5,0.0,1.9931922832398354e-20,1.9931922832398354e-20,9.835392822635986e-11
0.8,18,28,0.8347348798491308,0.9762131689667439,0.20430510066953295,0.20430510066953295,0.0,0.0,1.0,0.19999999999999996,0.0,0.0,1.0,-1.0,0,1.5707963266644294,3.1415926533377463,1.4781622596319965e-20,1.702170432385964e-20,1.0,-1.0,1.5,0.0,1.702170432385964e-20,1.702170432385964e-20,9.998467155136625e-11
0.8,18,29,0.7511678485829355,0.9968885234459515,0.2069916972211809,0.2069916972211809,0.0,0.0,1.0,0.19999999999999996,0.0,0.0,1.0,-1.0,0,1.5707963266654066,3.141592653320091,1.9659440113025824e-20,1.676766930183917e-20,1.0,-1.0,1.5,0.0,1.9659440113025824e-20,1.9659440113025824e-20,9.899346510813611e-11
0.8,18,30,0.7793839321443756,1.0110987167628087,0.18136272730652392,0.18136272730652392,0.0,0.0,1.0,0.19999999999999996,0.0,0.0,1.0,-1.0,0,1.5707963266807727,3.141592653358799,1.3658731183813044e-20,1.3024260610842635e-20,1.0,-1.0,1.5,0.0,1.3658731183813044e-20,1.3658731183813044e-20,9.838652629662721e-11
0.8,18,31,0.8171922777371705,0.992107579584202,0.20062884155599178,0.20062884155599178,0.0,0.0,1.0,0.19999999999999996,0.0,0.0,1.0,-1.0,0,1.570796326919759,2.4569769282781157e-10,1.460119664159965e-20,1.5590589330185817e-20,1.0,-1.0,1.5,0.0,1.5590589330185817e-20,1.5590589330185817e-20,9.890342939032382e-11
0.8,18,32,0.8384699768284649,1.00719103693868,0.19587808848641303,0.19587808848641303,0.0,0.0,1.0,0.19999999999999996,0.0,0.0,1.0,-1.0,0,1.5707963266764045,3.1415926533589533,1.262201646756122e-20,1.40403934624135e-20,1.0,-1.0,1.5,0.0,1.40403934624135e-20,1.40403934624135e-20,9.796746495061644e-11
0.8,18,33,0.7755123013465218,0.9799393650802208,0.21587305778939098,0.21587305778939098,0.0,0.0,1.0,0.19999999999999996,0.0,0.0,1.0,-1.0,0,1.570796326931187,2.771713051624366e-10,1.9847408819659377e-20,1.857509308001929e-20,1.0,-1.0,1.5,0.0,1.9847408819659377e-20,1.9847408819659377e-20,9.88421444538843e-11
0.8,18,34,0.812541447261604,1.0182061568175085,0.20202324892885337,0.20202324892885337,0.0,0.0,1.0,0.19999999999999996,0.0,0.0,1.0,-1.0,0,1.5707963266752405,3.1415926533503136,1.4357682104184475e-20,1.431758802701385e-20,1.0,-1.0,1.5,0.0,1.4357682104184475e-20,1.4357682104184475e-20,9.796227260057506e-11
0.8,18,35,0.7937766752668507,1.0106391587389778,0.19992261084689875,0.19992261084689875,0.0,0.0,1.0,0.19999999999999996,0.0,0.0,1.0,-1.0,0,1.5707963266732061,3.141592653343967,1.5409660079568018e-20,1.4808576996457708e-20,1.0,-1.0,1.5,0.0,1.5409660079568018e-20,1.5409660079568018e-20,9.877955922719802e-11
0.8,18,36,0.7785786870051745,0.9667632324780498,0.21243774897155027,0.21243774897155027,0.0,0.0,1.0,0.19999999999999996,0.0,0.0,1.0,-1.0,0,1.570796326656278,3.1415926533109406,1.966560499875908e-20,1.9215091670633568e-20,1.0,-1.0,1.5,0.0,1.966560499875908e-20,1.966560499875908e-20,9.98889296959131e-11
0.8,18,37,0.7990689804948581,1.0185578571655691,0.19853936430664942,0.19853936430664942,0.0,0.0,1.0,0.19999999999999996,0.0,0.0,1.0,-1.0,0,1.5707963266760328,3.1415926533498606,1.4657647515981277e-20,1.4128619334103924e-20,1.0,-1.0,1.5,0.0,1.4657647515981277e-20,1.4657647515981277e-20,9.821245222860626e-11
0.8,18,38,0.8536306179653765,1.0196159029192207,0.20190895733372088,0.20190895733372088,0.0,0.0,1.0,0.19999999999999996,0.0,0.0,1.0,-1.0,0,1.5707963269140097,2.3168601410730817e-10,1.2672660417742693e-20,1.4187931197760844e-20,1.0,-1.0,1.5,0.0,1.4187931197760844e-20,1.4187931197760844e-20,9.86323873111677e-11
0.8,18,39,0.8126461748923532,1.0551578870799374,0.18753423704242503,0.18753423704242503,0.0,0.0,1.0,0.19999999999999996,0.0,0.0,1.0,-1.0,0,1.5707963266864675,3.1415926533703975,1.2313593084305907e-20,1.1756870757740062e-20,1.0,-1.0,1.5,0.0,1.2313593084305907e-20,1.2313593084305907e-20,9.806479198939277e-11
0.8,18,40,0.7685447896259466,1.060483200460981,0.19277994169694002,0.19277994169694002,0.0,0.0,1.0,0.19999999999999996,0.0,0.0,1.0,-1.0,0,1.570796326905399,2.3267625586730868e-10,1.4926442551731988e-20,1.2210788098948511e-20,1.0,-1.0,1.5,0.0,1.4926442551731988e-20,1.4926442551731988e-20,9.808157978005642e-11
0.8,18,41,0.7593551990268603,1.0114799172009197,0.21779230713290348,0.21779230713290348,0.0,0.0,1.0,0.19999999999999996,0.0,0.0,1.0,-1.0,0,1.570796326662428,3.1415926533121463,2.1076760581417634e-20,1.7547914582922515e-20,1.0,-1.0,1.5,0.0,2.1076760581417634e-20,2.1076760581417634e-20,9.95451825532107e-11
0.8,18,42,0.8016785821461168,1.0037911299571407,0.18852329162105647,0.18852329162105647,0.0,0.0,1.0,0.19999999999999996,0.0,0.0,1.0,-1.0,0,1.5707963269141045,2.3720341609475186e-10,1.3922938139192978e-20,1.421052713948827e-20,1.0,-1.0,1.5,0.0,1.421052713948827e-20,1.421052713948827e-20,9.975211649646192e-11
0.8,18,43,0.8111646326638235,0.961000033751314,0.20682115195535422,0.20682115195535422,0.0,0.0,1.0,0.19999999999999996,0.0,0.0,1.0,-1.0,0,1.5707963269299268,2.6357642663481477e-10,1.6524145749861938e-20,1.8233140869949717e-20,1.0,-1.0,1.5,0.0,1.8233140869949717e-20,1.8233140869949717e-20,9.951813863229741e-11
0.8,18,44,0.7684097533263881,0.9882209393097836,0.2279207533876189,0.2279207533876189,0.0,0.0,1.0,0.19999999999999996,0.0,0.0,1.0,-1.0,0,1.5707963269367524,2.931549279248704e-10,2.2891426365228102e-20,2.0123067755116675e-20,1.0,-1.0,1.5,0.0,2.2891426365228102e-20,2.2891426365228102e-20,9.888712361980957e-11
0.8,18,45,0.7955112925383012,0.9997189096690464,0.20729485289192964,0.20729485289192964,0.0,0.0,1.0,0.19999999999999996,0.0,0.0,1.0,-1.0,0,1.5707963269213003,2.5455785538469767e-10,1.6423483671458318e-20,1.597789919172472e-20,1.0,-1.0,1.5,0.0,1.6423483671458318e-20,1.6423483671458318e-20,9.835918436771857e-11
0.8,18,46,0.801585906399901,0.9715081955992659,0.1934326153593285,0.1934326153593285,0.0,0.0,1.0,0.19999999999999996,0.0,0.0,1.0,-1.0,0,1.57079632666979,3.1415926533442367,1.450818648756513e-20,1.565167462117185e-20,1.0,-1.0,1.5,0.0,1.565167462117185e-20,1.565167462117185e-20,9.810463279312511e-11
0.8,18,47,0.7972112349532164,0.9594558707107206,0.17952650912431578,0.17952650912431578,0.0,0.0,1.0,0.19999999999999996,0.0,0.0,1.0,-1.0,0,1.5707963269182643,2.3974024679502385e-10,1.3542569829240255e-20,1.5219589210688966e-20,1.0,-1.0,1.5,0.0,1.5219589210688966e-20,1.5219589210688966e-20,9.946751503391636e-11
0.8,18,48,0.8095359478980823,0.9773166962093471,0.19921396903180666,0.19921396903180666,0.0,0.0,1.0,0.19999999999999996,0.0,0.0,1.0,-1.0,0,1.5707963266665999,3.141592653337971,1.5258542567225807e-20,1.6460060634138806e-20,1.0,-1.0,1.5,0.0,1.6460060634138806e-20,1.6460060634138806e-20,9.966360601067428e-11
0.8,18,49,0.8297438385244671,0.9879550212704148,0.19943681593883744,0.19943681593883744,0.0,0.0,1.0,0.19999999999999996,0.0,0.0,1.0,-1.0,0,1.5707963269197027,2.4276502641912305e-10,1.3914307338149446e-20,1.5576563638119563e-20,1.0,-1.0,1.5,0.0,1.5576563638119563e-20,1.5576563638119563e-20,9.891863229052467e-11
0.8500000000000001,19,0,0.8246916266343649,0.9992695460561662,0.15343414839163286,0.15343414839163286,0.0,0.0,1.0,0.1499999999999999,0.0,0.0,1.0,-1.0,0,1.5707963266893892,3.1415926533873373,9.399013688341634e-21,1.1131820284113197e-20,1.0,-1.0,1.5,0.0,1.1131820284113197e-20,1.1131820284113197e-20,9.777793638031999e-11
0.8500000000000001,19,1,0.8625123601994209,1.0508017029781533,0.14365226453681612,0.14365226453681612,0.0,0.0,1.0,0.1499999999999999,0.0,0.0,1.0,-1.0,0,1.5707963268913812,1.841657788316651e-10,7.688000194303236e-21,9.309265852417948e-21,1.0,-1.0,1.5,0.0,9.309265852417948e-21,9.309265852417948e-21,9.834067325723416e-11
0.8500000000000001,19,2,0.8091003439979947,0.9958846751498016,0.14624722264885898,0.14624722264885898,0.0,0.0,1.0,0.1499999999999999,0.0,0.0,1.0,-1.0,0,1.5707963266904277,3.1415926533881895,9.435170521975604e-21,1.0913759262817268e-20,1.0,-1.0,1.5,0.0,1.0913759262817268e-20,1.0913759262817268e-20,9.821563416780842e-11
0.8500000000000001,19,3,0.8130897637403522,1.01714270937924,0.14672891698070442,0.14672891698070442,0.0,0.0,1.0,0.1499999999999999,0.0,0.0,1.0,-1.0,0,1.570796326693866,3.141592653393244,9.123792103680394e-21,1.0207177795648246e-20,1.0,-1.0,1.5,0.0,1.0207177795648246e-20,1.0207177795648246e-20,9.765141998049427e-11
0.8500000000000001,19,4,0.8637812862945126,0.9894400019877778,0.13834304502877026,0.13834304502877026,0.0,0.0,1.0,0.1499999999999999,0.0,0.0,1.0,-1.0,0,1.5707963268995173,1.9323863226999626e-10,7.853138758102154e-21,1.0945489878817338e-20,1.0,-1.0,1.5,0.0,1.0945489878817338e-20,1.0945489878817338e-20,9.962642378739557e-11
0.8500000000000001,19,5,0.8885836983370217,0.9782745141737683,0.15015604502071117,0.15015604502071117,0.0,0.0,1.0,0.1499999999999999,0.0,0.0,1.0,-1.0,0,1.5707963266868592,3.1415926533932175,7.839039251570313e-21,1.1672083703415284e-20,1.0,-1.0,1.5,0.0,1.1672083703415284e-20,1.1672083703415284e-20,9.831338780369762e-11
0.8500000000000001,19,6,0.8998778785929489,0.953799177824712,0.16688724514571526,0.16688724514571526,0.0,0.0,1.0,0.1499999999999999,0.0,0.0,1.0,-1.0,0,1.570796326911957,2.1079181329728562e-10,8.78559655277395e-21,1.3703113876335814e-20,1.0,-1.0,1.5,0.0,1.3703113876335814e-20,1.3703113876335814e-20,9.833692758338792e-11
0.8500000000000001,19,7,0.8238786428210081,1.0222617149015756,0.15078210024435307,0.15078210024435307,0.0,0.0,1.0,0.1499999999999999,0.0,0.0,1.0,-1.0,0,1.5707963266933713,3.1415926533928924,9.096494873913038e-21,1.0307385300995497e-20,1.0,-1.0,1.5,0.0,1.0307385300995497e-20,1.0307385300995497e-20,9.777750713379518e-11
0.8500000000000001,19,8,0.8723610062683168,0.9964380890068631,0.1367784348671625,0.1367784348671625,0.0,0.0,1.0,0.1499999999999999,0.0,0.0,1.0,-1.0,0,1.570796326693634,3.1415926534032748,7.268562286732137e-21,1.0254117222962613e-20,1.0,-1.0,1.5,0.0,1.0254117222962613e-20,1.0254117222962613e-20,9.772437080553066e-11
0.8500000000000001,19,9,0.8267528257348722,0.9878830545355124,0.15996615381254192,0.15996615381254192,0.0,0.0,1.0,0.1499999999999999,0.0,0.0,1.0,-1.0,0,1.5707963269059142,2.1221268655543893e-10,1.0240449936151152e-20,1.2324902690147246e-20,1.0,-1.0,1.5,0.0,1.2324902690147246e-20,1.2324902690147246e-20,9.943299767225562e-11
0.8500000000000001,19,10,0.8146450753199022,1.0116377565436874,0.16194139995161794,0.16194139995161794,0.0,0.0,1.0,0.1499999999999999,0.0,0.0,1.0,-1.0,0,1.5707963269012937,2.077623678769487e-10,1.0274927240616886e-20,1.1320332697610234e-20,1.0,-1.0,1.5,0.0,1.1320332697610234e-20,1.1320332697610234e-20,9.786302590244932e-11
0.8500000000000001,19,11,0.8686730142821439,0.9741219654496703,0.1650990324536425,0.1650990324536425,0.0,0.0,1.0,0.1499999999999999,0.0,0.0,1.0,-1.0,0,1.570796326908812,2.1091889965983592e-10,9.409662953809934e-21,1.297673713779478e-20,1.0,-1.0,1.5,0.0,1.297673713779478e-20,1.297673713779478e-20,9.888338194709192e-11
0.8500000000000001,19,12,0.8355719040825493,0.9560501047433547,0.1671864815055148,0.1671864815055148,0.0,0.0,1.0,0.1499999999999999,0.0,0.0,1.0,-1.0,0,1.5707963269136913,2.2298101069148454e-10,1.0854789298170299e-20,1.4112178510228755e-20,1.0,-1.0,1.5,0.0,1.4112178510228755e-20,1.4112178510228755e-20,9.955142953343888e-11
0.8500000000000001,19,13,0.8663184183020576,1.0117805553391845,0.16575032135716922,0.16575032135716922,0.0,0.0,1.0,0.1499999999999999,0.0,0.0,1.0,-1.0,0,1.570796326902954,2.0408749231436386e-10,9.221801750007266e-21,1.1676375679007078e-20,1.0,-1.0,1.5,0.0,1.1676375679007078e-20,1.1676375679007078e-20,9.873021274611519e-11
0.8500000000000001,19,14,0.8384654359885451,1.0024341498565332,0.14744432210124325,0.14744432210124325,0.0,0.0,1.0,0.1499999999999999,0.0,0.0,1.0,-1.0,0,1.5707963266914604,3.141592653393449,8.631931187410724e-21,1.0699049491085276e-20,1.0,-1.0,1.5,0.0,1.0699049491085276e-20,1.0699049491085276e-20,9.790087390005768e-11
0.8500000000000001,19,15,0.8662643207562044,0.9634953239512127,0.14941530148623475,0.14941530148623475,0.0,0.0,1.0,0.1499999999999999,0.0,0.0,1.0,-1.0,0,1.5707963266853886,3.141592653389295,8.279250638680803e-21,1.1992006332461659e-20,1.0,-1.0,1.5,0.0,1.1992006332461659e-20,1.1992006332461659e-20,9.772839275809564e-11
0.8500000000000001,19,16,0.8701766870871377,0.9654999615490985,0.16114396092784625,0.16114396092784625,0.0,0.0,1.0,0.1499999999999999,0.0,0.0,1.0,-1.0,0,1.570796326679849,3.1415926533782654,9.3084325481279e-21,1.3235947572021037e-20,1.0,-1.0,1.5,0.0,1.3235947572021037e-20,1.3235947572021037e-20,9.973681644102528e-11
0.8500000000000001,19,17,0.8249661141919924,1.0352264002391596,0.15886205392851743,0.15886205392851743,0.0,0.0,1.0,0.1499999999999999,0.0,0.0,1.0,-1.0,0,1.5707963268986656,2.031933348289018e-10,9.885211844935556e-21,1.0767991282808533e-20,1.0,-1.0,1.5,0.0,1.0767991282808533e-20,1.0767991282808533e-20,9.948394876855813e-11
0.8500000000000001,19,18,0.8748794506043726,0.9688545774372821,0.15107274299193887,0.15107274299193887,0.0,0.0,1.0,0.1499999999999999,0.0,0.0,1.0,-1.0,0,1.5707963266846705,3.141592653388373,8.316386593876711e-21,1.2149795709670465e-20,1.0,-1.0,1.5,0.0,1.2149795709670465e-20,1.2149795709670465e-20,9.870966076997488e-11
0.8500000000000001,19,19,0.87655447858594,0.9647400577463495,0.17051209679964907,0.17051209679964907,0.0,0.0,1.0,0.1499999999999999,0.0,0.0,1.0,-1.0,0,1.5707963266777363,3.1415926533743437,9.660769947577895e-21,1.3726545903643057e-20,1.0,-1.0,1.5,0.0,1.3726545903643057e-20,1.3726545903643057e-20,9.883819269650104e-11
0.8500000000000001,19,20,0.835914265036107,1.0252064171184192,0.1358175273992723,0.1358175273992723,0.0,0.0,1.0,0.1499999999999999,0.0,0.0,1.0,-1.0,0,1.5707963268937968,1.8909252306314173e-10,8.13466233443928e-21,9.781241670476621e-21,1.0,-1.0,1.5,0.0,9.781241670476621e-21,9.781241670476621e-21,9.942200161944507e-11
0.8500000000000001,19,21,0.8938735646442898,1.047921375946666,0.1545062996405091,0.1545062996405091,0.0,0.0,1.0,0.1499999999999999,0.0,0.0,1.0,-1.0,0,1.570796326895857,1.895769973734448e-10,7.85292083315492e-21,1.0192980148403014e-20,1.0,-1.0,1.5,0.0,1.0192980148403014e-20,1.0192980148403014e-20,9.98426253550216e-11
0.8500000000000001,19,22,0.8516381343917071,0.98948974183266,0.16156002407114534,0.16156002407114534,0.0,0.0,1.0,0.1499999999999999,0.0,0.0,1.0,-1.0,0,1.5707963269053389,2.0793161335169328e-10,9.50417387613494e-21,1.2197492953410857e-20,1.0,-1.0,1.5,0.0,1.2197492953410857e-20,1.2197492953410857e-20,9.886452756742123e-11
0.8500000000000001,19,23,0.8139273709895458,1.0322047799382252,0.13135327496559954,0.13135327496559954,0.0,0.0,1.0,0.1499999999999999,0.0,0.0,1.0,-1.0,0,1.5707963266998195,3.141592653404966,8.055110695540758e-21,9.039658475684925e-21,1.0,-1.0,1.5,0.0,9.039658475684925e-21,9.039658475684925e-21,9.754503497937059e-11
0.8500000000000001,19,24,0.8422065759390781,1.0077306515685698,0.14979655231439756,0.14979655231439756,0.0,0.0,1.0,0.1499999999999999,0.0,0.0,1.0,-1.0,0,1.570796326690746,3.141592653391849,8.797299953972702e-21,1.0847332328876729e-20,1.0,-1.0,1.5,0.0,1.0847332328876729e-20,1.0847332328876729e-20,9.868492479079031e-11
0.8500000000000001,19,25,0.8643927054635672,0.9715460575296754,0.13768515256512479,0.13768515256512479,0.0,0.0,1.0,0.1499999999999999,0.0,0.0,1.0,-1.0,0,1.5707963269012468,1.9459618998615805e-10,7.787354625454863e-21,1.1310365188493844e-20,1.0,-1.0,1.5,0.0,1.1310365188493844e-20,1.1310365188493844e-20,9.897224045977805e-11
0.8500000000000001,19,26,0.8855448250903155,0.9711633639912708,0.15533039896318732,0.15533039896318732,0.0,0.0,1.0,0.1499999999999999,0.0,0.0,1.0,-1.0,0,1.5707963266835396,3.1415926533869913,8.362172099535384e-21,1.2400378089243199e-20,1.0,-1.0,1.5,0.0,1.2400378089243199e-20,1.2400378089243199e-20,9.895453943674248e-11
0.8500000000000001,19,27,0.8554598185461174,0.9943995746460683,0.1814387430844834,0.1814387430844834,0.0,0.0,1.0,0.1499999999999999,0.0,0.0,1.0,-1.0,0,1.5707963269108056,2.2030201513650443e-10,1.0897901839922637e-20,1.3434896024925908e-20,1.0,-1.0,1.5,0.0,1.3434896024925908e-20,1.3434896024925908e-20,9.86653921733156e-11
0.8500000000000001,19,28,0.8771051473454645,0.97679060445567,0.14503155657908023,0.14503155657908023,0.0,0.0,1.0,0.1499999999999999,0.0,0.0,1.0,-1.0,0,1.570796326687191,3.1415926533930683,7.924435355705111e-21,1.1600514243358265e-20,1.0,-1.0,1.5,0.0,1.1600514243358265e-20,1.1600514243358265e-20,9.909590792863056e-11
0.8500000000000001,19,29,0.8617168454100901,0.9870567843599303,0.14524556214726164,0.14524556214726164,0.0,0.0,1.0,0.1499999999999999,0.0,0.0,1.0,-1.0,0,1.57079632690032,1.954045242490789e-10,8.096605147560969e-21,1.1114090424710888e-20,1.0,-1.0,1.5,0.0,1.1114090424710888e-20,1.1114090424710888e-20,9.831334286811698e-11
0.8500000000000001,19,30,0.8820011072603784,0.9554732509459257,0.16946239265364904,0.16946239265364904,0.0,0.0,1.0,0.1499999999999999,0.0,0.0,1.0,-1.0,0,1.5707963269138354,2.1691536041423196e-10,9.599406874692546e-21,1.414643755777953e-20,1.0,-1.0,1.5,0.0,1.414643755777953e-20,1.414643755777953e-20,9.931290687918515e-11
0.8500000000000001,19,31,0.8569460874713308,1.0452219188733347,0.15492877479471534,0.15492877479471534,0.0,0.0,1.0,0.1499999999999999,0.0,0.0,1.0,-1.0,0,1.5707963266940916,3.1415926533961422,8.620382386306404e-21,1.0161644234577172e-20,1.0,-1.0,1.5,0.0,1.0161644234577172e-20,1.0161644234577172e-20,9.912383455517952e-11
0.8500000000000001,19,32,0.7898945601508682,1.0443119298489316,0.15704799171704928,0.15704799171704928,0.0,0.0,1.0,0.1499999999999999,0.0,0.0,1.0,-1.0,0,1.5707963268971084,2.0613641942955454e-10,1.0800340376452241e-20,1.0447238434688575e-20,1.0,-1.0,1.5,0.0,1.0800340376452241e-20,1.0800340376452241e-20,9.943250148616113e-11
0.8500000000000001,19,33,0.8834029199260701,0.9740336607348411,0.14608403892417593,0.14608403892417593,0.0,0.0,1.0,0.1499999999999999,0.0,0.0,1.0,-1.0,0,1.5707963269019114,1.9455381117613656e-10,7.66308194415543e-21,1.1452163181358916e-20,1.0,-1.0,1.5,0.0,1.1452163181358916e-20,1.1452163181358916e-20,9.782187311292562e-11
0.8500000000000001,19,34,0.8007661478413837,1.0080929746302794,0.16801449829497872,0.16801449829497872,0.0,0.0,1.0,0.1499999999999999,0.0,0.0,1.0,-1.0,0,1.5707963266840756,3.141592653370917,1.167592227908967e-20,1.2281287222891545e-20,1.0,-1.0,1.5,0.0,1.2281287222891545e-20,1.2281287222891545e-20,9.950512975429903e-11
0.8500000000000001,19,35,0.8709414117325883,0.9885864218430969,0.18653830256801618,0.18653830256801618,0.0,0.0,1.0,0.1499999999999999,0.0,0.0,1.0,-1.0,0,1.5707963269146161,2.2518234105329268e-10,1.112240950144264e-20,1.4332760203198026e-20,1.0,-1.0,1.5,0.0,1.4332760203198026e-20,1.4332760203198026e-20,9.969359544380783e-11
0.8500000000000001,19,36,0.8667523401930273,0.9906526785086465,0.14041821106956698,0.14041821106956698,0.0,0.0,1.0,0.1499999999999999,0.0,0.0,1.0,-1.0,0,1.5707963268994514,1.930617014123585e-10,7.833480798350282e-21,1.0931695334053553e-20,1.0,-1.0,1.5,0.0,1.0931695334053553e-20,1.0931695334053553e-20,9.920861191996419e-11
0.8500000000000001,19,37,0.8593720679541855,1.0055849808139334,0.16541319844740632,0.16541319844740632,0.0,0.0,1.0,0.1499999999999999,0.0,0.0,1.0,-1.0,0,1.5707963269029175,2.0430481539809003e-10,9.270599238018744e-21,1.1668507125286515e-20,1.0,-1.0,1.5,0.0,1.1668507125286515e-20,1.1668507125286515e-20,9.789801583921332e-11
0.8500000000000001,19,38,0.8597381553428571,1.0173084916332988,0.15285253026712875,0.15285253026712875,0.0,0.0,1.0,0.1499999999999999,0.0,0.0,1.0,-1.0,0,1.570796326690073,3.1415926533916627,8.706192326396897e-21,1.0987975472982228e-20,1.0,-1.0,1.5,0.0,1.0987975472982228e-20,1.0987975472982228e-20,9.986963631627853e-11
0.8500000000000001,19,39,0.7982229519617072,0.9961834864677424,0.14952949491412304,0.14952949491412304,0.0,0.0,1.0,0.1499999999999999,0.0,0.0,1.0,-1.0,0,1.5707963269013347,2.0739869663014027e-10,1.0193035941284821e-20,1.1329075594851334e-20,1.0,-1.0,1.5,0.0,1.1329075594851334e-20,1.1329075594851334e-20,9.9153746646898e-11
0.8500000000000001,19,40,0.8793792837710147,0.9864622070725928,0.1693330231945404,0.1693330231945404,0.0,0.0,1.0,0.1499999999999999,0.0,0.0,1.0,-1.0,0,1.570796326682267,3.141592653381004,9.246665983459642e-21,1.2685409348782913e-20,1.0,-1.0,1.5,0.0,1.2685409348782913e-20,1.2685409348782913e-20,9.841171383648106e-11
0.8500000000000001,19,41,0.8538314471006043,0.9980629111314778,0.1545489336521702,0.1545489336521702,0.0,0.0,1.0,0.1499999999999999,0.0,0.0,1.0,-1.0,0,1.5707963269012633,2.0012205171843612e-10,8.790078726821527e-21,1.1313860402749544e-20,1.0,-1.0,1.5,0.0,1.1313860402749544e-20,1.1313860402749544e-20,9.824550459965852e-11
0.8500000000000001,19,42,0.8648553080485104,1.0405357873253993,0.1352447772537392,0.1352447772537392,0.0,0.0,1.0,0.1499999999999999,0.0,0.0,1.0,-1.0,0,1.5707963268901848,1.7999169498728672e-10,7.174688750371949e-21,9.079833536273994e-21,1.0,-1.0,1.5,0.0,9.079833536273994e-21,9.079833536273994e-21,9.782690971988928e-11
0.8500000000000001,19,43,0.8545012929876735,1.0147497180551577,0.14278282337389098,0.14278282337389098,0.0,0.0,1.0,0.1499999999999999,0.0,0.0,1.0,-1.0,0,1.5707963266944867,3.1415926534005103,7.898404843612285e-21,1.0082160839769636e-20,1.0,-1.0,1.5,0.0,1.0082160839769636e-20,1.0082160839769636e-20,9.78314325072732e-11
0.8500000000000001,19,44,0.8446772352470288,0.9894644978342777,0.1520214888615258,0.1520214888615258,0.0,0.0,1.0,0.1499999999999999,0.0,0.0,1.0,-1.0,0,1.5707963266886558,3.141592653389787,8.791969194526024e-21,1.1287119307762868e-20,1.0,-1.0,1.5,0.0,1.1287119307762868e-20,1.1287119307762868e-20,9.759264032196855e-11
0.8500000000000001,19,45,0.8005496616649259,1.0707678297966101,0.14349950383940013,0.14349950383940013,0.0,0.0,1.0,0.1499999999999999,0.0,0.0,1.0,-1.0,0,1.5707963267003164,3.1415926533993606,9.187701436290983e-21,8.945410968032569e-21,1.0,-1.0,1.5,0.0,9.187701436290983e-21,9.187701436290983e-21,9.881537971885958e-11
0.8500000000000001,19,46,0.820239216414967,1.0111621449905113,0.1792576872038203,0.1792576872038203,0.0,0.0,1.0,0.1499999999999999,0.0,0.0,1.0,-1.0,0,1.5707963269069571,2.197733810012107e-10,1.1602060036695538e-20,1.2557560546716968e-20,1.0,-1.0,1.5,0.0,1.2557560546716968e-20,1.2557560546716968e-20,9.790837108776628e-11
0.8500000000000001,19,47,0.826268485532538,1.0089450169205834,0.16139283781116143,0.16139283781116143,0.0,0.0,1.0,0.1499999999999999,0.0,0.0,1.0,-1.0,0,1.5707963269024772,2.0801640204856096e-10,1.0087360406080294e-20,1.1573574706854062e-20,1.0,-1.0,1.5,0.0,1.1573574706854062e-20,1.1573574706854062e-20,9.882939426432625e-11
0.8500000000000001,19,48,0.8964895915968958,0.9943047190891865,0.14334396128337762,0.14334396128337762,0.0,0.0,1.0,0.1499999999999999,0.0,0.0,1.0,-1.0,0,1.5707963266900697,3.1415926533991327,7.367410959560686e-21,1.0988673749151073e-20,1.0,-1.0,1.5,0.0,1.0988673749151073e-20,1.0988673749151073e-20,9.923783820589719e-11
0.8500000000000001,19,49,0.8868633079232519,1.0139907106970885,0.14467577768119289,0.14467577768119289,0.0,0.0,1.0,0.1499999999999999,0.0,0.0,1.0,-1.0,0,1.5707963268966483,1.8800569372125832e-10,7.439758862796245e-21,1.0353399687990387e-20,1.0,-1.0,1.5,0.0,1.0353399687990387e-20,1.0353399687990387e-20,9.859119430135705e-11
0.9,20,0,0.9357693976894438,1.0056576403621897,0.11224765593587106,0.11224765593587106,0.0,0.0,1.0,0.09999999999999998,0.0,0.0,1.0,-1.0,0,1.5707963266986362,3.1415926534201697,5.3821524543836515e-21,9.266063505060066e-21,1.0,-1.0,1.5,0.0,9.266063505060066e-21,9.266063505060066e-21,9.92222984979293e-11
0.9,20,1,0.8860122184683197,1.019445874461125,0.11187242229569645,0.11187242229569645,0.0,0.0,1.0,0.09999999999999998,0.0,0.0,1.0,-1.0,0,1.5707963267009721,3.141592653418394,6.002303188441395e-21,8.821808887477884e-21,1.0,-1.0,1.5,0.0,8.821808887477884e-21,8.821808887477884e-21,9.8937118314136e-11
0.9,20,2,0.980586271826971,0.9346050043921386,0.10628286588924168,0.10628286588924168,0.0,0.0,1.0,0.09999999999999998,0.0,0.0,1.0,-1.0,0,1.5707963268979033,1.7128646762463194e-10,4.6621330801231716e-21,1.0610370569882222e-20,1.0,-1.0,1.5,0.0,1.0610370569882222e-20,1.0610370569882222e-20,9.749900725519415e-11
0.9,20,3,0.858051732475522,0.9955553064189233,0.09815054871117072,0.09815054871117072,0.0,0.0,1.0,0.09999999999999998,0.0,0.0,1.0,-1.0,0,1.5707963268893035,1.7211730444624364e-10,6.038912323045527e-21,8.912656251314742e-21,1.0,-1.0,1.5,0.0,8.912656251314742e-21,8.912656251314742e-21,9.95721746564128e-11
0.9,20,4,0.9027728386467351,1.005699269595241,0.11385238389835729,0.11385238389835729,0.0,0.0,1.0,0.09999999999999998,0.0,0.0,1.0,-1.0,0,1.570796326698422,3.141592653416457,5.9076851648790456e-21,9.30736143334357e-21,1.0,-1.0,1.5,0.0,9.30736143334357e-21,9.30736143334357e-21,9.930742584706772e-11
0.9,20,5,0.9127229899656754,1.0278542334816758,0.10626492975103743,0.10626492975103743,0.0,0.0,1.0,0.09999999999999998,0.0,0.0,1.0,-1.0,0,1.570796326702568,3.1415926534237344,5.436141557753552e-21,8.524579694070101e-21,1.0,-1.0,1.5,0.0,8.524579694070101e-21,8.524579694070101e-21,9.929802390875211e-11
0.9,20,6,0.9103709050238415,1.016475511332014,0.09889289166526435,0.09889289166526435,0.0,0.0,1.0,0.09999999999999998,0.0,0.0,1.0,-1.0,0,1.57079632688675,1.6398641382012953e-10,5.203178530854372e-21,8.437038371294878e-21,1.0,-1.0,1.5,0.0,8.437038371294878e-21,8.437038371294878e-21,9.890143773990798e-11
0.9,20,7,0.8515745507384327,0.994177746056768,0.08817904326498416,0.08817904326498416,0.0,0.0,1.0,0.09999999999999998,0.0,0.0,1.0,-1.0,0,1.5707963267039373,3.141592653424216,5.5678684164841335e-21,8.273594506127706e-21,1.0,-1.0,1.5,0.0,8.273594506127706e-21,8.273594506127706e-21,9.788491372516205e-11
0.9,20,8,0.890772970321998,1.0129152617647428,0.10209047130126875,0.10209047130126875,0.0,0.0,1.0,0.09999999999999998,0.0,0.0,1.0,-1.0,0,1.570796326702747,3.1415926534234107,5.5105239364821904e-21,8.491563984713056e-21,1.0,-1.0,1.5,0.0,8.491563984713056e-21,8.491563984713056e-21,9.827717437912679e-11
0.9,20,9,0.9010615440411398,1.0451367587719818,0.10002089344840231,0.10002089344840231,0.0,0.0,1.0,0.09999999999999998,0.0,0.0,1.0,-1.0,0,1.5707963268821643,1.588507319902231e-10,5.124132279865255e-21,7.615649255537941e-21,1.0,-1.0,1.5,0.0,7.615649255537941e-21,7.615649255537941e-21,9.722463420867976e-11
0.9,20,10,0.862482898245114,1.0151471951529063,0.09573193277291225,0.09573193277291225,0.0,0.0,1.0,0.09999999999999998,0.0,0.0,1.0,-1.0,0,1.5707963268856064,1.6630977933037594e-10,5.715353424939432e-21,8.22827195535343e-21,1.0,-1.0,1.5,0.0,8.22827195535343e-21,8.22827195535343e-21,9.856515611654848e-11
0.9,20,11,0.9037956704240948,0.9848291344154936,0.10333977864283482,0.10333977864283482,0.0,0.0,1.0,0.09999999999999998,0.0,0.0,1.0,-1.0,0,1.5707963266994036,3.141592653420845,5.395648935999175e-21,9.118914598967723e-21,1.0,-1.0,1.5,0.0,9.118914598967723e-21,9.118914598967723e-21,9.785865221717757e-11
0.9,20,12,0.904335851777169,0.9759038605384867,0.10660544978323827,0.10660544978323827,0.0,0.0,1.0,0.09999999999999998,0.0,0.0,1.0,-1.0,0,1.570796326893017,1.73078154923127e-10,5.618674098853271e-21,9.6276010159432e-21,1.0,-1.0,1.5,0.0,9.6276010159432e-21,9.6276010159432e-21,9.867204553224026e-11
0.9,20,13,0.8678418163412518,1.0228052497244797,0.09509603589404461,0.09509603589404461,0.0,0.0,1.0,0.09999999999999998,0.0,0.0,1.0,-1.0,0,1.5707963267047498,3.141592653424506,5.646046287291258e-21,8.126452791342602e-21,1.0,-1.0,1.5,0.0,8.126452791342602e-21,8.126452791342602e-21,9.898329604380541e-11
0.9,20,14,0.878807345095887,0.9975672886034659,0.09765632116333525,0.09765632116333525,0.0,0.0,1.0,0.09999999999999998,0.0,0.0,1.0,-1.0,0,1.5707963268889953,1.695082299273032e-10,5.686602093923901e-21,8.854559239692336e-21,1.0,-1.0,1.5,0.0,8.854559239692336e-21,8.854559239692336e-21,9.943377578785879e-11
0.9,20,15,0.8969365476626123,1.023122422319837,0.09512074803678665,0.09512074803678665,0.0,0.0,1.0,0.09999999999999998,0.0,0.0,1.0,-1.0,0,1.5707963267038287,3.141592653425712,5.330961596692079e-21,8.293358983353673e-21,1.0,-1.0,1.5,0.0,8.293358983353673e-21,8.293358983353673e-21,9.976176054503363e-11
0.9,20,16,0.9045161547688185,1.0070982630598855,0.08862114595075532,0.08862114595075532,0.0,0.0,1.0,0.09999999999999998,0.0,0.0,1.0,-1.0,0,1.5707963268853606,1.6055783197142722e-10,4.913142555388983e-21,8.183738812985001e-21,1.0,-1.0,1.5,0.0,8.183738812985001e-21,8.183738812985001e-21,9.834425622996832e-11
0.9,20,17,0.8924179344620558,1.0073067975954886,0.08972884179620638,0.08972884179620638,0.0,0.0,1.0,0.09999999999999998,0.0,0.0,1.0,-1.0,0,1.5707963268846432,1.6050562284180324e-10,5.006840258856954e-21,8.054451012558747e-21,1.0,-1.0,1.5,0.0,8.054451012558747e-21,8.054451012558747e-21,9.748926160649481e-11
0.9,20,18,0.9127161003260508,0.993937425094909,0.10123380143272376,0.10123380143272376,0.0,0.0,1.0,0.09999999999999998,0.0,0.0,1.0,-1.0,0,1.5707963268905942,1.6901315190990623e-10,5.375168571659292e-21,9.158032708362976e-21,1.0,-1.0,1.5,0.0,9.158032708362976e-21,9.158032708362976e-21,9.961303698967058e-11
0.9,20,19,0.9248098716589039,0.9678356276018958,0.1064274921911961,0.1064274921911961,0.0,0.0,1.0,0.09999999999999998,0.0,0.0,1.0,-1.0,0,1.5707963266964768,3.1415926534188148,5.264763060138731e-21,9.686452712026505e-21,1.0,-1.0,1.5,0.0,9.686452712026505e-21,9.686452712026505e-21,9.781236152680298e-11
0.9,20,20,0.9261402018115961,0.9838679081031126,0.1269479153224391,0.1269479153224391,0.0,0.0,1.0,0.09999999999999998,0.0,0.0,1.0,-1.0,0,1.570796326897234,1.8070104334215703e-10,6.140858936901406e-21,1.0472945607851031e-20,1.0,-1.0,1.5,0.0,1.0472945607851031e-20,1.0472945607851031e-20,9.927211749714468e-11
0.9,20,21,0.9523731541861199,0.9639039991247333,0.11133096636838344,0.11133096636838344,0.0,0.0,1.0,0.09999999999999998,0.0,0.0,1.0,-1.0,0,1.5707963268956662,1.726013411144518e-10,5.159805691434716e-21,1.0154502941281941e-20,1.0,-1.0,1.5,0.0,1.0154502941281941e-20,1.0154502941281941e-20,9.838944189852669e-11
0.9,20,22,0.8876989113770511,1.022280927130522,0.09189240961410576,0.09189240961410576,0.0,0.0,1.0,0.09999999999999998,0.0,0.0,1.0,-1.0,0,1.5707963268838807,1.6089829490487427e-10,5.1716525583349656e-21,7.918168655183327e-21,1.0,-1.0,1.5,0.0,7.918168655183327e-21,7.918168655183327e-21,9.810585168178501e-11
0.9,20,23,0.8979837541322401,0.976630413383649,0.10928582632379955,0.10928582632379955,0.0,0.0,1.0,0.09999999999999998,0.0,0.0,1.0,-1.0,0,1.570796326893201,1.7431579015104774e-10,5.7777292377156724e-21,9.663757898094324e-21,1.0,-1.0,1.5,0.0,9.663757898094324e-21,9.663757898094324e-21,9.841365910067799e-11
0.9,20,24,0.8771741501246894,1.0278108567633333,0.10923262859702229,0.10923262859702229,0.0,0.0,1.0,0.09999999999999998,0.0,0.0,1.0,-1.0,0,1.5707963268872984,1.7000047750698767e-10,6.021554330905523e-21,8.538093143275582e-21,1.0,-1.0,1.5,0.0,8.538093143275582e-21,8.538093143275582e-21,9.89958712474517e-11
0.9,20,25,0.8736711108595665,0.9783557182788067,0.10052365581361838,0.10052365581361838,0.0,0.0,1.0,0.09999999999999998,0.0,0.0,1.0,-1.0,0,1.5707963266975562,3.1415926534152914,5.953889307800548e-21,9.475157215596685e-21,1.0,-1.0,1.5,0.0,9.475157215596685e-21,9.475157215596685e-21,9.974432720755735e-11
0.9,20,26,0.9330414354951813,0.9729774712856589,0.11583476065031284,0.11583476065031284,0.0,0.0,1.0,0.09999999999999998,0.0,0.0,1.0,-1.0,0,1.5707963268956224,1.7538874078302804e-10,5.5745531054081966e-21,1.0145688972436937e-20,1.0,-1.0,1.5,0.0,1.0145688972436937e-20,1.0145688972436937e-20,9.869512673402461e-11
0.9,20,27,0.9614271272774899,1.0038988378039673,0.08536296246798324,0.08536296246798324,0.0,0.0,1.0,0.09999999999999998,0.0,0.0,1.0,-1.0,0,1.570796326885,1.545981177754819e-10,4.159566170115833e-21,8.11862611552353e-21,1.0,-1.0,1.5,0.0,8.11862611552353e-21,8.11862611552353e-21,9.761998835308157e-11
0.9,20,28,0.8617811184948843,0.9869859501614598,0.10183341906790772,0.10183341906790772,0.0,0.0,1.0,0.09999999999999998,0.0,0.0,1.0,-1.0,0,1.5707963268896803,1.7199000069887543e-10,5.960816699694461e-21,8.983945081158217e-21,1.0,-1.0,1.5,0.0,8.983945081158217e-21,8.983945081158217e-21,9.804120804149672e-11
0.9,20,29,0.9238517408303104,1.0201143173325318,0.1133930547607929,0.1133930547607929,0.0,0.0,1.0,0.09999999999999998,0.0,0.0,1.0,-1.0,0,1.5707963268876592,1.6573374988770383e-10,5.324785039827253e-21,8.604904631912351e-21,1.0,-1.0,1.5,0.0,8.604904631912351e-21,8.604904631912351e-21,9.724270245247298e-11
0.9,20,30,0.9031228449685287,1.0289386872489767,0.09500088431470874,0.09500088431470874,0.0,0.0,1.0,0.09999999999999998,0.0,0.0,1.0,-1.0,0,1.5707963267050806,3.14159265342812,5.163432193491075e-21,8.066912724586179e-21,1.0,-1.0,1.5,0.0,8.066912724586179e-21,8.066912724586179e-21,9.907328391039549e-11
0.9,20,31,0.8795602733014256,0.9913422905535344,0.09589213099707379,0.09589213099707379,0.0,0.0,1.0,0.09999999999999998,0.0,0.0,1.0,-1.0,0,1.5707963268886698,1.6819500917572827e-10,5.538613095519076e-21,8.793403695765694e-21,1.0,-1.0,1.5,0.0,8.793403695765694e-21,8.793403695765694e-21,9.865987311813615e-11
0.9,20,32,0.8665759863898013,0.9865673536421464,0.10100340834529731,0.10100340834529731,0.0,0.0,1.0,0.09999999999999998,0.0,0.0,1.0,-1.0,0,1.5707963267009255,3.141592653419885,5.7664424988936655e-21,8.830570340347356e-21,1.0,-1.0,1.5,0.0,8.830570340347356e-21,8.830570340347356e-21,9.72879105240964e-11
0.9,20,33,0.9173596588314241,1.0124768502764607,0.10531331839485092,0.10531331839485092,0.0,0.0,1.0,0.09999999999999998,0.0,0.0,1.0,-1.0,0,1.5707963268894802,1.6837931138290363e-10,5.4458051007413285e-21,8.946059846953527e-21,1.0,-1.0,1.5,0.0,8.946059846953527e-21,8.946059846953527e-21,9.992922370349114e-11
0.9,20,34,0.907146171117734,1.005770005837988,0.11425827654629292,0.11425827654629292,0.0,0.0,1.0,0.09999999999999998,0.0,0.0,1.0,-1.0,0,1.5707963268903273,1.7106365304661425e-10,5.7203415956577646e-21,9.107021014522004e-21,1.0,-1.0,1.5,0.0,9.107021014522004e-21,9.107021014522004e-21,9.812930507112692e-11
0.9,20,35,0.8902868968953273,1.003914580086997,0.09441040351239788,0.09441040351239788,0.0,0.0,1.0,0.09999999999999998,0.0,0.0,1.0,-1.0,0,1.5707963267020977,3.141592653423518,5.398748338812941e-21,8.611643436625946e-21,1.0,-1.0,1.5,0.0,8.611643436625946e-21,8.611643436625946e-21,9.943355059629073e-11
0.9,20,36,0.9147374317246906,0.9660538974482514,0.09969166749026193,0.09969166749026193,0.0,0.0,1.0,0.09999999999999998,0.0,0.0,1.0,-1.0,0,1.5707963268929577,1.706109571182186e-10,5.263488507541363e-21,9.615970223628537e-21,1.0,-1.0,1.5,0.0,9.615970223628537e-21,9.615970223628537e-21,9.87110633882995e-11
0.9,20,37,0.87300812249501,1.0198244081570587,0.0927743409160769,0.0927743409160769,0.0,0.0,1.0,0.09999999999999998,0.0,0.0,1.0,-1.0,0,1.5707963268842486,1.6288795979050062e-10,5.407534432471063e-21,7.983783488288367e-21,1.0,-1.0,1.5,0.0,7.983783488288367e-21,7.983783488288367e-21,9.817123904107591e-11
0.9,20,38,0.8925712117474164,0.9757597128980036,0.09584002071679142,0.09584002071679142,0.0,0.0,1.0,0.09999999999999998,0.0,0.0,1.0,-1.0,0,1.5707963268893905,1.6693543679997748e-10,5.2477752436190955e-21,8.92909845509212e-21,1.0,-1.0,1.5,0.0,8.92909845509212e-21,8.92909845509212e-21,9.73201096293046e-11
0.9,20,39,0.8760232412510751,0.9836322267157556,0.09538706702469074,0.09538706702469074,0.0,0.0,1.0,0.09999999999999998,0.0,0.0,1.0,-1.0,0,1.5707963267013911,3.141592653422391,5.460726378955424e-21,8.743276072350539e-21,1.0,-1.0,1.5,0.0,8.743276072350539e-21,8.743276072350539e-21,9.753448946503293e-11
0.9,20,40,0.8917898368086317,0.9732791036450645,0.10182685695010565,0.10182685695010565,0.0,0.0,1.0,0.09999999999999998,0.0,0.0,1.0,-1.0,0,1.5707963266973202,3.1415926534170437,5.650985970671318e-21,9.521164110512682e-21,1.0,-1.0,1.5,0.0,9.521164110512682e-21,9.521164110512682e-21,9.889603068921817e-11
0.9,20,41,0.8728563316276303,1.0135640939521267,0.10896658508457652,0.10896658508457652,0.0,0.0,1.0,0.09999999999999998,0.0,0.0,1.0,-1.0,0,1.5707963267013938,3.141592653418504,6.0507403889072324e-21,8.742777782116988e-21,1.0,-1.0,1.5,0.0,8.742777782116988e-21,8.742777782116988e-21,9.846326097226552e-11
0.9,20,42,0.9005971466413937,0.9729245193188194,0.08830714835903702,0.08830714835903702,0.0,0.0,1.0,0.09999999999999998,0.0,0.0,1.0,-1.0,0,1.570796326699871,3.1415926534235132,5.077189091461294e-21,9.029865457802096e-21,1.0,-1.0,1.5,0.0,9.029865457802096e-21,9.029865457802096e-21,9.897558776931514e-11
0.9,20,43,0.8936166961493309,1.0073037578534254,0.08341654449684524,0.08341654449684524,0.0,0.0,1.0,0.09999999999999998,0.0,0.0,1.0,-1.0,0,1.5707963267046903,3.141592653429064,4.973490999871261e-21,8.137185240596134e-21,1.0,-1.0,1.5,0.0,8.137185240596134e-21,8.137185240596134e-21,9.922605783100611e-11
0.9,20,44,0.8672197111291358,1.0249656469710058,0.11022397786540475,0.11022397786540475,0.0,0.0,1.0,0.09999999999999998,0.0,0.0,1.0,-1.0,0,1.5707963267037681,3.141592653421238,5.994873878311313e-21,8.304403395824658e-21,1.0,-1.0,1.5,0.0,8.304403395824658e-21,8.304403395824658e-21,9.713407620254986e-11
0.9,20,45,0.8935878559860055,0.9924788823861062,0.09495113867721633,0.09495113867721633,0.0,0.0,1.0,0.09999999999999998,0.0,0.0,1.0,-1.0,0,1.5707963268869316,1.6373293650552551e-10,5.140596247445708e-21,8.470438467342882e-21,1.0,-1.0,1.5,0.0,8.470438467342882e-21,8.470438467342882e-21,9.704374194895725e-11
0.9,20,46,0.8976752396145271,0.9959240017476826,0.11429489817660721,0.11429489817660721,0.0,0.0,1.0,0.09999999999999998,0.0,0.0,1.0,-1.0,0,1.570796326891385,1.7311346750760817e-10,5.871414515595963e-21,9.30999427827625e-21,1.0,-1.0,1.5,0.0,9.30999427827625e-21,9.30999427827625e-21,9.79971386244891e-11
0.9,20,47,0.9168554037629051,1.017297737764543,0.10176500820648078,0.10176500820648078,0.0,0.0,1.0,0.09999999999999998,0.0,0.0,1.0,-1.0,0,1.5707963268860257,1.623722176611745e-10,5.075589931479976e-21,8.304502483625052e-21,1.0,-1.0,1.5,0.0,8.304502483625052e-21,8.304502483625052e-21,9.759157228707417e-11
0.9,20,48,0.9029356748024954,1.0088920792580576,0.10830124538934371,0.10830124538934371,0.0,0.0,1.0,0.09999999999999998,0.0,0.0,1.0,-1.0,0,1.5707963267007572,3.1415926534208567,5.594608961179427e-21,8.862231189457983e-21,1.0,-1.0,1.5,0.0,8.862231189457983e-21,8.862231189457983e-21,9.84818976674689e-11
0.9,20,49,0.8938712968865294,0.977416191634892,0.114816984058505,0.114816984058505,0.0,0.0,1.0,0.09999999999999998,0.0,0.0,1.0,-1.0,0,1.5707963268948963,1.7828178440730112e-10,6.128080825503476e-21,9.999944999494071e-21,1.0,-1.0,1.5,0.0,9.999944999494071e-21,9.999944999494071e-21,9.900870653427878e-11
0.9500000000000001,21,0,0.940766190570884,0.9742570540744813,0.0532114546085409,0.0532114546085409,0.0,0.0,1.0,0.04999999999999993,0.0,0.0,1.0,-1.0,0,1.5707963267062832,3.141592653440438,3.6895805077820376e-21,7.852334681042817e-21,1.0,-1.0,1.5,0.0,7.852334681042817e-21,7.852334681042817e-21,9.839305676679494e-11
0.9500000000000001,21,1,0.9319514141106464,1.0427028312783169,0.04876094623574928,0.04876094623574928,0.0,0.0,1.0,0.04999999999999993,0.0,0.0,1.0,-1.0,0,1.5707963268765137,1.4237428913336272e-10,3.6914364877273345e-21,6.6613503993935625e-21,1.0,-1.0,1.5,0.0,6.6613503993935625e-21,6.6613503993935625e-21,9.93609781858887e-11
0.9500000000000001,21,2,0.9807037621688081,0.9777085890370141,0.044935265738312885,0.044935265738312885,0.0,0.0,1.0,0.04999999999999993,0.0,0.0,1.0,-1.0,0,1.5707963267076572,3.141592653445923,3.2070682815572314e-21,7.6107108370989e-21,1.0,-1.0,1.5,0.0,7.6107108370989e-21,7.6107108370989e-21,9.814673021208867e-11
0.9500000000000001,21,3,0.9668756413587754,0.9689209550019215,0.04906241811249281,0.04906241811249281,0.0,0.0,1.0,0.04999999999999993,0.0,0.0,1.0,-1.0,0,1.57079632670567,3.141592653441987,3.431575026131802e-21,7.961401730104521e-21,1.0,-1.0,1.5,0.0,7.961401730104521e-21,7.961401730104521e-21,9.877499492050486e-11
0.9500000000000001,21,4,0.9966370513710496,0.953037509378284,0.05838205164593421,0.05838205164593421,0.0,0.0,1.0,0.04999999999999993,0.0,0.0,1.0,-1.0,0,1.5707963268862857,1.4885305609090267e-10,3.302111161327168e-21,8.35195978736587e-21,1.0,-1.0,1.5,0.0,8.35195978736587e-21,8.35195978736587e-21,9.716099831371807e-11
0.9500000000000001,21,5,0.8879155832011976,1.0210557665627156,0.05937641083099381,0.05937641083099381,0.0,0.0,1.0,0.04999999999999993,0.0,0.0,1.0,-1.0,0,1.5707963267104812,3.1415926534396226,4.323751628464422e-21,7.125963947626142e-21,1.0,-1.0,1.5,0.0,7.125963947626142e-21,7.125963947626142e-21,9.893701488467841e-11
0.9500000000000001,21,6,0.9347374719451162,1.0232676141917278,0.05435720834133767,0.05435720834133767,0.0,0.0,1.0,0.04999999999999993,0.0,0.0,1.0,-1.0,0,1.5707963267107423,3.141592653444149,3.7809910092850536e-21,7.081946269941498e-21,1.0,-1.0,1.5,0.0,7.081946269941498e-21,7.081946269941498e-21,9.911996263667857e-11
0.9500000000000001,21,7,0.9233753505363951,0.9585823356837366,0.056279696651766214,0.056279696651766214,0.0,0.0,1.0,0.04999999999999993,0.0,0.0,1.0,-1.0,0,1.5707963268868437,1.5544459630285874e-10,4.031937706440105e-21,8.454260988433558e-21,1.0,-1.0,1.5,0.0,8.454260988433558e-21,8.454260988433558e-21,9.976728614173399e-11
0.9500000000000001,21,8,0.9840834674486548,0.9920461950535663,0.04678388157051967,0.04678388157051967,0.0,0.0,1.0,0.04999999999999993,0.0,0.0,1.0,-1.0,0,1.5707963267080627,3.1415926534457737,3.270198660774902e-21,7.540132208076465e-21,1.0,-1.0,1.5,0.0,7.540132208076465e-21,7.540132208076465e-21,9.907531665039608e-11
0.9500000000000001,21,9,0.9931202093973512,0.9725372407538562,0.050825089339357477,0.050825089339357477,0.0,0.0,1.0,0.04999999999999993,0.0,0.0,1.0,-1.0,0,1.5707963267065268,3.1415926534448535,3.2001559777722796e-21,7.809224590125756e-21,1.0,-1.0,1.5,0.0,7.809224590125756e-21,7.809224590125756e-21,9.762831355721995e-11
0.9500000000000001,21,10,0.9441753801581936,1.0023452604057805,0.042148553845270324,0.042148553845270324,0.0,0.0,1.0,0.04999999999999993,0.0,0.0,1.0,-1.0,0,1.5707963267118679,3.141592653448984,3.338587142403051e-21,6.893774366538659e-21,1.0,-1.0,1.5,0.0,6.893774366538659e-21,6.893774366538659e-21,9.72400530878826e-11
0.9500000000000001,21,11,0.9212621219440994,1.0712163934347971,0.04926772535245291,0.04926772535245291,0.0,0.0,1.0,0.04999999999999993,0.0,0.0,1.0,-1.0,0,1.5707963267158702,3.1415926534492433,3.785142803350868e-21,6.2451722539970716e-21,1.0,-1.0,1.5,0.0,6.2451722539970716e-21,6.2451722539970716e-21,9.950941717220828e-11
0.9500000000000001,21,12,0.9530722427477321,1.0161992714541515,0.053082158583027166,0.053082158583027166,0.0,0.0,1.0,0.04999999999999993,0.0,0.0,1.0,-1.0,0,1.5707963267117142,3.1415926534477543,3.464091886586169e-21,6.919313521293073e-21,1.0,-1.0,1.5,0.0,6.919313521293073e-21,6.919313521293073e-21,9.710959456529938e-11
0.9500000000000001,21,13,0.9504711388035113,0.9936195430931605,0.05398627014297276,0.05398627014297276,0.0,0.0,1.0,0.04999999999999993,0.0,0.0,1.0,-1.0,0,1.5707963268824612,1.4823801314631756e-10,3.681267796871272e-21,7.66755234092935e-21,1.0,-1.0,1.5,0.0,7.66755234092935e-21,7.66755234092935e-21,9.933123867858717e-11
0.9500000000000001,21,14,0.9384678548818569,1.0225969944834585,0.05944761174016262,0.05944761174016262,0.0,0.0,1.0,0.04999999999999993,0.0,0.0,1.0,-1.0,0,1.5707963267106606,3.1415926534440004,3.7892422020098325e-21,7.095705849025902e-21,1.0,-1.0,1.5,0.0,7.095705849025902e-21,7.095705849025902e-21,9.820412382304492e-11
0.9500000000000001,21,15,0.9378325474217799,1.0560534754921753,0.04630792759390913,0.04630792759390913,0.0,0.0,1.0,0.04999999999999993,0.0,0.0,1.0,-1.0,0,1.5707963268741392,1.384874232043134e-10,3.5099548541282654e-21,6.279381926943269e-21,1.0,-1.0,1.5,0.0,6.279381926943269e-21,6.279381926943269e-21,9.8297445768579e-11
0.9500000000000001,21,16,0.9481868698072768,1.0083744443810547,0.04599274516210557,0.04599274516210557,0.0,0.0,1.0,0.04999999999999993,0.0,0.0,1.0,-1.0,0,1.5707963268792804,1.434662661534506e-10,3.490741112801803e-21,7.120620980648148e-21,1.0,-1.0,1.5,0.0,7.120620980648148e-21,7.120620980648148e-21,9.884583434072415e-11
0.9500000000000001,21,17,0.9760742274760641,1.0043557282027296,0.03632825225140479,0.03632825225140479,0.0,0.0,1.0,0.04999999999999993,0.0,0.0,1.0,-1.0,0,1.570796326876922,1.366803632029343e-10,2.9871610377147247e-21,6.7281721957785864e-21,1.0,-1.0,1.5,0.0,6.7281721957785864e-21,6.7281721957785864e-21,9.676397290976329e-11
0.9500000000000001,21,18,0.9519540452821544,0.9563846864426376,0.050881242294652185,0.050881242294652185,0.0,0.0,1.0,0.04999999999999993,0.0,0.0,1.0,-1.0,0,1.5707963268841998,1.4827701120601188e-10,3.477913917808107e-21,7.975056215635758e-21,1.0,-1.0,1.5,0.0,7.975056215635758e-21,7.975056215635758e-21,9.719161225217312e-11
0.9500000000000001,21,19,1.0090773108656852,0.9432466685641041,0.050416781904568664,0.050416781904568664,0.0,0.0,1.0,0.04999999999999993,0.0,0.0,1.0,-1.0,0,1.5707963268871965,1.483258727373121e-10,3.1389113879853848e-21,8.519268629260338e-21,1.0,-1.0,1.5,0.0,8.519268629260338e-21,8.519268629260338e-21,9.811272659935799e-11
0.9500000000000001,21,20,0.986726857332181,0.9388597316187492,0.04525411667458949,0.04525411667458949,0.0,0.0,1.0,0.04999999999999993,0.0,0.0,1.0,-1.0,0,1.570796326886956,1.4877876071105064e-10,3.217084753594115e-21,8.474934955734237e-21,1.0,-1.0,1.5,0.0,8.474934955734237e-21,8.474934955734237e-21,9.846732328695568e-11
0.9500000000000001,21,21,0.9785664927144817,0.9944854583809084,0.041579965316575256,0.041579965316575256,0.0,0.0,1.0,0.04999999999999993,0.0,0.0,1.0,-1.0,0,1.570796326881034,1.4306220050762657e-10,3.2404237693933522e-21,7.419665514435157e-21,1.0,-1.0,1.5,0.0,7.419665514435157e-21,7.419665514435157e-21,9.951226014675037e-11
0.9500000000000001,21,22,0.9225120991467237,1.0061885556960766,0.04767895545703596,0.04767895545703596,0.0,0.0,1.0,0.04999999999999993,0.0,0.0,1.0,-1.0,0,1.5707963267114773,3.141592653446076,3.6358280629607134e-21,6.958785071918911e-21,1.0,-1.0,1.5,0.0,6.958785071918911e-21,6.958785071918911e-21,9.75463835764448e-11
0.9500000000000001,21,23,0.9178241510346731,0.9992819145525996,0.05916155562163908,0.05916155562163908,0.0,0.0,1.0,0.04999999999999993,0.0,0.0,1.0,-1.0,0,1.5707963268806155,1.4837386670957424e-10,3.925641566331222e-21,7.347734314253708e-21,1.0,-1.0,1.5,0.0,7.347734314253708e-21,7.347734314253708e-21,9.745617751074554e-11
0.9500000000000001,21,24,0.9429931304182367,1.0629681036100043,0.04154995654227478,0.04154995654227478,0.0,0.0,1.0,0.04999999999999993,0.0,0.0,1.0,-1.0,0,1.5707963268717873,1.341371538550121e-10,3.277161655873134e-21,5.91217279313141e-21,1.0,-1.0,1.5,0.0,5.91217279313141e-21,5.91217279313141e-21,9.681930977668768e-11
0.9500000000000001,21,25,0.9338215915605974,1.0051695449097457,0.06533959504349833,0.06533959504349833,0.0,0.0,1.0,0.04999999999999993,0.0,0.0,1.0,-1.0,0,1.5707963267086047,3.1415926534408696,3.922734711917452e-21,7.446296109088173e-21,1.0,-1.0,1.5,0.0,7.446296109088173e-21,7.446296109088173e-21,9.751251650090725e-11
0.9500000000000001,21,26,0.9636159298640321,0.9813971327920064,0.05088964020944258,0.05088964020944258,0.0,0.0,1.0,0.04999999999999993,0.0,0.0,1.0,-1.0,0,1.5707963267074896,3.141592653443819,3.430092354741914e-21,7.63998920505473e-21,1.0,-1.0,1.5,0.0,7.63998920505473e-21,7.63998920505473e-21,9.801503873737985e-11
0.9500000000000001,21,27,0.9836796818751726,0.9838168826752771,0.03867336400496108,0.03867336400496108,0.0,0.0,1.0,0.04999999999999993,0.0,0.0,1.0,-1.0,0,1.5707963268797587,1.3974424159732132e-10,3.0120542848599617e-21,7.201568565677922e-21,1.0,-1.0,1.5,0.0,7.201568565677922e-21,7.201568565677922e-21,9.71641717255604e-11
0.9500000000000001,21,28,0.9497971140735955,1.007685633817573,0.05211729298675565,0.05211729298675565,0.0,0.0,1.0,0.04999999999999993,0.0,0.0,1.0,-1.0,0,1.5707963267093592,3.1415926534441216,3.616119741154264e-21,7.31664957174421e-21,1.0,-1.0,1.5,0.0,7.31664957174421e-21,7.31664957174421e-21,9.904652476676392e-11
0.9500000000000001,21,29,0.9599251481870489,0.9630159843549583,0.04820725831777453,0.04820725831777453,0.0,0.0,1.0,0.04999999999999993,0.0,0.0,1.0,-1.0,0,1.570796326884303,1.481425977158497e-10,3.44993845691898e-21,7.993508113405847e-21,1.0,-1.0,1.5,0.0,7.993508113405847e-21,7.993508113405847e-21,9.848159157434629e-11
0.9500000000000001,21,30,1.0038425952886443,1.0007920352918183,0.045225290540207366,0.045225290540207366,0.0,0.0,1.0,0.04999999999999993,0.0,0.0,1.0,-1.0,0,1.5707963267088312,3.1415926534479066,3.1160048881769766e-21,7.407259666277158e-21,1.0,-1.0,1.5,0.0,7.407259666277158e-21,7.407259666277158e-21,9.923764224257871e-11
0.9500000000000001,21,31,0.9389412509836181,1.018479763581418,0.0480456289185757,0.0480456289185757,0.0,0.0,1.0,0.04999999999999993,0.0,0.0,1.0,-1.0,0,1.5707963268769136,1.4090228988247319e-10,3.467477532009284e-21,6.7267880557483634e-21,1.0,-1.0,1.5,0.0,6.7267880557483634e-21,6.7267880557483634e-21,9.704038829604423e-11
0.9500000000000001,21,32,0.9952133055952566,0.9583335924627892,0.0510565874611109,0.0510565874611109,0.0,0.0,1.0,0.04999999999999993,0.0,0.0,1.0,-1.0,0,1.5707963268859098,1.4820224047885092e-10,3.2705937000802128e-21,8.283390878422914e-21,1.0,-1.0,1.5,0.0,8.283390878422914e-21,8.283390878422914e-21,9.869751129892823e-11
0.9500000000000001,21,33,0.9261370383598675,1.0138833999984724,0.044951397384209654,0.044951397384209654,0.0,0.0,1.0,0.04999999999999993,0.0,0.0,1.0,-1.0,0,1.5707963267128513,3.1415926534483885,3.5235463832551755e-21,6.731434650002123e-21,1.0,-1.0,1.5,0.0,6.731434650002123e-21,6.731434650002123e-21,9.723731722500543e-11
0.9500000000000001,21,34,0.970160288645205,1.0055827640364772,0.045178088306238734,0.045178088306238734,0.0,0.0,1.0,0.04999999999999993,0.0,0.0,1.0,-1.0,0,1.5707963268799816,1.4283700830634101e-10,3.3352957473263587e-21,7.239455333437688e-21,1.0,-1.0,1.5,0.0,7.239455333437688e-21,7.239455333437688e-21,9.915135609412971e-11
0.9500000000000001,21,35,0.8916293989846868,1.0355216697695477,0.040349069762006876,0.040349069762006876,0.0,0.0,1.0,0.04999999999999993,0.0,0.0,1.0,-1.0,0,1.5707963268745964,1.411657998552649e-10,3.778076381237565e-21,6.352048728383394e-21,1.0,-1.0,1.5,0.0,6.352048728383394e-21,6.352048728383394e-21,9.82179762061821e-11
0.9500000000000001,21,36,0.9219604251568648,1.0040123973271684,0.046182420346030637,0.046182420346030637,0.0,0.0,1.0,0.04999999999999993,0.0,0.0,1.0,-1.0,0,1.570796326711246,3.141592653445884,3.631116729991064e-21,6.997440146045561e-21,1.0,-1.0,1.5,0.0,6.997440146045561e-21,6.997440146045561e-21,9.782018859960137e-11
0.9500000000000001,21,37,0.9038706537655399,0.9898812496759037,0.0629423380461413,0.0629423380461413,0.0,0.0,1.0,0.04999999999999993,0.0,0.0,1.0,-1.0,0,1.5707963267059772,3.1415926534351066,4.325328636640855e-21,7.906655710424482e-21,1.0,-1.0,1.5,0.0,7.906655710424482e-21,7.906655710424482e-21,9.941746607276266e-11
0.9500000000000001,21,38,0.9250796208002916,0.9994458454296455,0.050169422144208185,0.050169422144208185,0.0,0.0,1.0,0.04999999999999993,0.0,0.0,1.0,-1.0,0,1.5707963268812077,1.4819849149234664e-10,3.830046850158302e-21,7.449609296291959e-21,1.0,-1.0,1.5,0.0,7.449609296291959e-21,7.449609296291959e-21,9.963156357067917e-11
0.9500000000000001,21,39,0.9208213980212621,1.0187116016964488,0.043779579033905495,0.043779579033905495,0.0,0.0,1.0,0.04999999999999993,0.0,0.0,1.0,-1.0,0,1.570796326877739,1.434347406019302e-10,3.67143920768644e-21,6.862853027360964e-21,1.0,-1.0,1.5,0.0,6.862853027360964e-21,6.862853027360964e-21,9.903068137651869e-11
0.9500000000000001,21,40,0.9522765601470186,0.9942462367120999,0.04683138135621764,0.04683138135621764,0.0,0.0,1.0,0.04999999999999993,0.0,0.0,1.0,-1.0,0,1.570796326881744,1.4644859711129227e-10,3.552307833106843e-21,7.54246340287264e-21,1.0,-1.0,1.5,0.0,7.54246340287264e-21,7.54246340287264e-21,9.979701233379091e-11
0.9500000000000001,21,41,0.9319923838657844,0.9865074414327497,0.05884828513573405,0.05884828513573405,0.0,0.0,1.0,0.04999999999999993,0.0,0.0,1.0,-1.0,0,1.5707963268837224,1.516561060860817e-10,3.947650586889169e-21,7.890018187713478e-21,1.0,-1.0,1.5,0.0,7.890018187713478e-21,7.890018187713478e-21,9.92652193125972e-11
0.9500000000000001,21,42,0.9443126417582755,0.9707338194411793,0.04968698017118526,0.04968698017118526,0.0,0.0,1.0,0.04999999999999993,0.0,0.0,1.0,-1.0,0,1.5707963267066183,3.141592653441757,3.5710230551012246e-21,7.793064397247484e-21,1.0,-1.0,1.5,0.0,7.793064397247484e-21,7.793064397247484e-21,9.814958006290806e-11
0.9500000000000001,21,43,0.9626582601614799,0.9970520840130288,0.04484793250854191,0.04484793250854191,0.0,0.0,1.0,0.04999999999999993,0.0,0.0,1.0,-1.0,0,1.570796326879979,1.4278460682796313e-10,3.3295534032798897e-21,7.239001916631631e-21,1.0,-1.0,1.5,0.0,7.239001916631631e-21,7.239001916631631e-21,9.82880962485851e-11
0.9500000000000001,21,44,0.9542665327591977,1.0136141474100193,0.05448514366054473,0.05448514366054473,0.0,0.0,1.0,0.04999999999999993,0.0,0.0,1.0,-1.0,0,1.5707963268803953,1.45825880650519e-10,3.639373794745869e-21,7.310020516937306e-21,1.0,-1.0,1.5,0.0,7.310020516937306e-21,7.310020516937306e-21,9.924564931655034e-11
0.9500000000000001,21,45,0.9516781139374185,1.0320560289450724,0.044794325718316784,0.044794325718316784,0.0,0.0,1.0,0.04999999999999993,0.0,0.0,1.0,-1.0,0,1.5707963268750826,1.3749644838518416e-10,3.2844853431564476e-21,6.429797605511941e-21,1.0,-1.0,1.5,0.0,6.429797605511941e-21,6.429797605511941e-21,9.676406131262727e-11
0.9500000000000001,21,46,0.960631032134504,0.9556804170139253,0.0413096687751037,0.0413096687751037,0.0,0.0,1.0,0.04999999999999993,0.0,0.0,1.0,-1.0,0,1.5707963267051304,3.141592653442079,3.3579883205222293e-21,8.057980664190825e-21,1.0,-1.0,1.5,0.0,8.057980664190825e-21,8.057980664190825e-21,9.912951962534625e-11
0.9500000000000001,21,47,0.9493797981686141,1.0162051081679024,0.052209791138700376,0.052209791138700376,0.0,0.0,1.0,0.04999999999999993,0.0,0.0,1.0,-1.0,0,1.570796326709448,3.1415926534436647,3.682058368063001e-21,7.301462962922482e-21,1.0,-1.0,1.5,0.0,7.301462962922482e-21,7.301462962922482e-21,9.995798549217407e-11
0.9500000000000001,21,48,0.9307106696709072,1.002658449209864,0.055141767472040956,0.055141767472040956,0.0,0.0,1.0,0.04999999999999993,0.0,0.0,1.0,-1.0,0,1.5707963267098382,3.141592653443623,3.7346574200778784e-21,7.234942637655082e-21,1.0,-1.0,1.5,0.0,7.234942637655082e-21,7.234942637655082e-21,9.763471120116401e-11
0.9500000000000001,21,49,0.978726074394813,0.9942471761555629,0.052152921068304124,0.052152921068304124,0.0,0.0,1.0,0.04999999999999993,0.0,0.0,1.0,-1.0,0,1.5707963268807261,1.4320559891743188e-10,3.2920162169563046e-21,7.366703833204152e-21,1.0,-1.0,1.5,0.0,7.366703833204152e-21,7.366703833204152e-21,9.737391707125406e-11
1.0,22,0,1.0103924838894023,1.0052378702533704,0.0,0.0,0.0,0.0,1.0,0.0,0.0,0.0,1.0,-1.0,3,1.5707963267171239,3.141592653464241,2.2828708040103688e-21,6.0485988412783375e-21,1.0,-1.0,1.5,8.386876119286275e-21,6.0485988412783375e-21,6.0485988412783375e-21,9.655188778386859e-11
1.0,22,1,0.986012301984758,0.980546841498491,0.0,0.0,0.0,0.0,1.0,0.0,0.0,0.0,1.0,-1.0,7,1.5707963268754472,1.3001058671534878e-10,2.4462887024604512e-21,6.488401739123888e-21,1.0,-1.0,1.5,8.774260602230477e-21,6.488401739123888e-21,6.488401739123888e-21,9.753644121307017e-11
1.0,22,2,0.9720601118784373,0.9611198285062954,0.0,0.0,0.0,0.0,1.0,0.0,0.0,0.0,1.0,-1.0,6,1.570796326876699,1.3169376610435127e-10,2.4891602415076765e-21,6.691613249617823e-21,1.0,-1.0,1.5,8.851055648873712e-21,6.691613249617823e-21,6.691613249617823e-21,9.699504606570732e-11
1.0,22,3,1.0249482211220964,1.0090093622222143,0.0,0.0,0.0,0.0,1.0,0.0,0.0,0.0,1.0,-1.0,6,1.5707963268723197,1.244034862268263e-10,2.207155022525181e-21,5.994339161624751e-21,1.0,-1.0,1.5,8.310553380226412e-21,5.994339161624751e-21,5.994339161624751e-21,9.630466525171247e-11
1.0,22,4,0.9803640771131518,0.9938002554814571,0.0,0.0,0.0,0.0,1.0,0.0,0.0,0.0,1.0,-1.0,5,1.5707963267167444,3.141592653462564,2.4085326812432366e-21,6.107768341994462e-21,1.0,-1.0,1.5,8.431140657939543e-21,6.107768341994462e-21,6.107768341994462e-21,9.622627113025202e-11
1.0,22,5,0.9816599741744882,1.0164277788610372,0.0,0.0,0.0,0.0,1.0,0.0,0.0,0.0,1.0,-1.0,2,1.570796326718345,3.141592653463959,2.4287566456899795e-21,5.86016509042924e-21,1.0,-1.0,1.5,8.340647772708124e-21,5.86016509042924e-21,5.86016509042924e-21,9.675715280386942e-11
1.0,22,6,1.0162779921952882,0.9922521459671253,0.0,0.0,0.0,0.0,1.0,0.0,0.0,0.0,1.0,-1.0,2,1.5707963267160991,3.1415926534636403,2.242544718014792e-21,6.209041951535502e-21,1.0,-1.0,1.5,8.439984044243232e-21,6.209041951535502e-21,6.209041951535502e-21,9.625273362805427e-11
1.0,22,7,1.0362741690923138,0.9877912999073819,0.0,0.0,0.0,0.0,1.0,0.0,0.0,0.0,1.0,-1.0,0,1.5707963268746847,1.2641446761769783e-10,2.1740167739293128e-21,6.366143268730259e-21,1.0,-1.0,1.5,8.541295158145107e-21,6.366143268730259e-21,6.366143268730259e-21,9.663530128995679e-11
1.0,22,8,1.0266026832205166,0.9622785202973116,0.0,0.0,0.0,0.0,1.0,0.0,0.0,0.0,1.0,-1.0,4,1.5707963267130032,3.1415926534609704,2.2023695724915015e-21,6.706535874998739e-21,1.0,-1.0,1.5,8.714513930677621e-21,6.706535874998739e-21,6.706535874998739e-21,9.635571753969647e-11
1.0,22,9,0.9648621504810193,1.0134357605049376,0.0,0.0,0.0,0.0,1.0,0.0,0.0,0.0,1.0,-1.0,0,1.5707963267179548,3.1415926534624785,2.53742686430031e-21,5.920047897934658e-21,1.0,-1.0,1.5,8.447855384646174e-21,5.920047897934658e-21,5.920047897934658e-21,9.720576728970743e-11
1.0,22,10,1.0500673089908434,1.0073644452691681,0.0,0.0,0.0,0.0,1.0,0.0,0.0,0.0,1.0,-1.0,4,1.5707963267167748,3.141592653465677,2.115503481313063e-21,6.1030144694298084e-21,1.0,-1.0,1.5,8.369380833250036e-21,6.1030144694298084e-21,6.1030144694298084e-21,9.659485745693283e-11
1.0,22,11,1.003502965081612,1.008134794282792,0.0,0.0,0.0,0.0,1.0,0.0,0.0,0.0,1.0,-1.0,1,1.5707963268721392,1.2523955204421466e-10,2.3037078391457807e-21,5.966418556939664e-21,1.0,-1.0,1.5,8.32673607143709e-21,5.966418556939664e-21,5.966418556939664e-21,9.633026561362805e-11
1.0,22,12,1.0368395505463448,1.0356694371299289,0.0,0.0,0.0,0.0,1.0,0.0,0.0,0.0,1.0,-1.0,5,1.5707963267197322,3.141592653468236,2.152285277878416e-21,5.649684087757712e-21,1.0,-1.0,1.5,8.082779639292918e-21,5.649684087757712e-21,5.649684087757712e-21,9.620363198465346e-11
1.0,22,13,0.9931109168706971,0.9778131269818661,0.0,0.0,0.0,0.0,1.0,0.0,0.0,0.0,1.0,-1.0,3,1.570796326714845,3.1415926534611573,2.3604350779327263e-21,6.408255812709307e-21,1.0,-1.0,1.5,8.610250499184533e-21,6.408255812709307e-21,6.408255812709307e-21,9.649921525018753e-11
1.0,22,14,1.0102068281471486,0.9686027385940296,0.0,0.0,0.0,0.0,1.0,0.0,0.0,0.0,1.0,-1.0,1,1.5707963268760547,1.2891039482503486e-10,2.2802787915099873e-21,6.5866420725924525e-21,1.0,-1.0,1.5,8.683396908818722e-21,6.5866420725924525e-21,6.5866420725924525e-21,9.647941486678151e-11
1.0,22,15,1.0261906242229548,0.9881657090314737,0.0,0.0,0.0,0.0,1.0,0.0,0.0,0.0,1.0,-1.0,1,1.5707963268743574,1.2644965753987945e-10,2.2079507512770485e-21,6.31402208768224e-21,1.0,-1.0,1.5,8.505086383548654e-21,6.31402208768224e-21,6.31402208768224e-21,9.6439175177149e-11
1.0,22,16,0.9758538914609788,1.0215877373720113,0.0,0.0,0.0,0.0,1.0,0.0,0.0,0.0,1.0,-1.0,7,1.570796326719342,3.1415926534649667,2.427728122485407e-21,5.708484406918351e-21,1.0,-1.0,1.5,8.200825604823767e-21,5.708484406918351e-21,5.708484406918351e-21,9.616450901199854e-11
1.0,22,17,0.9907098640584304,0.9663363249416231,0.0,0.0,0.0,0.0,1.0,0.0,0.0,0.0,1.0,-1.0,6,1.5707963267138103,3.1415926534600316,2.369289430528768e-21,6.574989678962048e-21,1.0,-1.0,1.5,8.70092977253152e-21,6.574989678962048e-21,6.574989678962048e-21,9.644629332672188e-11
1.0,22,18,0.9935244627685647,1.039395472741175,0.0,0.0,0.0,0.0,1.0,0.0,0.0,0.0,1.0,-1.0,3,1.5707963268694585,1.2314891420258852e-10,2.3607027137938943e-21,5.559469619725149e-21,1.0,-1.0,1.5,8.123894785973732e-21,5.559469619725149e-21,5.559469619725149e-21,9.654469349546038e-11
1.0,22,19,0.9693893717229264,1.0205871617663438,0.0,0.0,0.0,0.0,1.0,0.0,0.0,0.0,1.0,-1.0,0,1.5707963267191594,3.1415926534643344,2.472239638103824e-21,5.7361318746437725e-21,1.0,-1.0,1.5,8.250785378990125e-21,5.7361318746437725e-21,5.7361318746437725e-21,9.639922272741803e-11
1.0,22,20,0.9752668410614156,1.0087924615637547,0.0,0.0,0.0,0.0,1.0,0.0,0.0,0.0,1.0,-1.0,0,1.5707963267179286,3.141592653463334,2.4493948313972707e-21,5.924080531664037e-21,1.0,-1.0,1.5,8.364981341768257e-21,5.924080531664037e-21,5.924080531664037e-21,9.653456695467284e-11
1.0,22,21,0.9628212770133924,0.9959800070762428,0.0,0.0,0.0,0.0,1.0,0.0,0.0,0.0,1.0,-1.0,5,1.5707963268731249,1.2853368152407183e-10,2.5306362914971528e-21,6.119659330274129e-21,1.0,-1.0,1.5,8.531603641969756e-21,6.119659330274129e-21,6.119659330274129e-21,9.687017407204431e-11
1.0,22,22,1.0282256039158821,0.9925065628463391,0.0,0.0,0.0,0.0,1.0,0.0,0.0,0.0,1.0,-1.0,5,1.5707963267152123,3.1415926534628555,2.2328813171894096e-21,6.349590921333702e-21,1.0,-1.0,1.5,8.597916401652804e-21,6.349590921333702e-21,6.349590921333702e-21,9.717425722708067e-11
1.0,22,23,1.0536059891308338,1.0018925395233897,0.0,0.0,0.0,0.0,1.0,0.0,0.0,0.0,1.0,-1.0,6,1.5707963268736913,1.2471109042308298e-10,2.108316078391863e-21,6.208602742190895e-21,1.0,-1.0,1.5,8.44169107487297e-21,6.208602742190895e-21,6.208602742190895e-21,9.675567877344164e-11
1.0,22,24,0.9671627362987629,1.0412017789362904,0.0,0.0,0.0,0.0,1.0,0.0,0.0,0.0,1.0,-1.0,4,1.5707963268688432,1.237825221161579e-10,2.483622585061724e-21,5.46809452963864e-21,1.0,-1.0,1.5,8.095458669126351e-21,5.46809452963864e-21,5.46809452963864e-21,9.639899474586103e-11
1.0,22,25,0.992902103442299,0.97210177134825,0.0,0.0,0.0,0.0,1.0,0.0,0.0,0.0,1.0,-1.0,5,1.5707963268757679,1.296297624390239e-10,2.3773926896733906e-21,6.540158820461943e-21,1.0,-1.0,1.5,8.718227855256991e-21,6.540158820461943e-21,6.540158820461943e-21,9.682506076974575e-11
1.0,22,26,1.0341058101008467,1.02699710178991,0.0,0.0,0.0,0.0,1.0,0.0,0.0,0.0,1.0,-1.0,4,1.5707963267190919,3.1415926534675154,2.1597498475529817e-21,5.746361196885068e-21,1.0,-1.0,1.5,8.13490616075792e-21,5.746361196885068e-21,5.746361196885068e-21,9.61162237809315e-11
1.0,22,27,0.9816907449261146,0.96290100442626,0.0,0.0,0.0,0.0,1.0,0.0,0.0,0.0,1.0,-1.0,2,1.570796326876085,1.302436734751931e-10,2.4064269086581496e-21,6.591544621694594e-21,1.0,-1.0,1.5,8.709364276860795e-21,6.591544621694594e-21,6.591544621694594e-21,9.631420041053054e-11
1.0,22,28,1.0180501626366216,1.0283517970374452,0.0,0.0,0.0,0.0,1.0,0.0,0.0,0.0,1.0,-1.0,7,1.570796326719323,3.1415926534669585,2.23361584255374e-21,5.7113703247444655e-21,1.0,-1.0,1.5,8.147230908776878e-21,5.7113703247444655e-21,5.7113703247444655e-21,9.622843304855313e-11
1.0,22,29,0.9941988528863153,0.9884071978241222,0.0,0.0,0.0,0.0,1.0,0.0,0.0,0.0,1.0,-1.0,2,1.5707963267157719,3.1415926534621,2.358881878272237e-21,6.2607289140534694e-21,1.0,-1.0,1.5,8.533347179748624e-21,6.2607289140534694e-21,6.2607289140534694e-21,9.657313955445185e-11
1.0,22,30,0.9828904060570038,0.9861281599213343,0.0,0.0,0.0,0.0,1.0,0.0,0.0,0.0,1.0,-1.0,2,1.5707963268744236,1.2886688508820247e-10,2.434425209974452e-21,6.3245421986460325e-21,1.0,-1.0,1.5,8.629585452332804e-21,6.3245421986460325e-21,6.3245421986460325e-21,9.699148129378833e-11
1.0,22,31,0.9994101750597746,0.9979721312653095,0.0,0.0,0.0,0.0,1.0,0.0,0.0,0.0,1.0,-1.0,7,1.5707963268734766,1.2706330138895318e-10,2.350633409151434e-21,6.1748117069509165e-21,1.0,-1.0,1.5,8.511531851039812e-21,6.1748117069509165e-21,6.1748117069509165e-21,9.690936405234064e-11
1.0,22,32,1.0299156999560175,1.0270170459544616,0.0,0.0,0.0,0.0,1.0,0.0,0.0,0.0,1.0,-1.0,5,1.5707963268709322,1.2287324980445788e-10,2.1937690915541937e-21,5.781406538190321e-21,1.0,-1.0,1.5,8.197001964018172e-21,5.781406538190321e-21,5.781406538190321e-21,9.647777773702385e-11
1.0,22,33,0.9897414158572189,0.9766415445980909,0.0,0.0,0.0,0.0,1.0,0.0,0.0,0.0,1.0,-1.0,2,1.5707963267144138,3.141592653460339,2.3982131755476004e-21,6.4774799405378926e-21,1.0,-1.0,1.5,8.699786918123998e-21,6.4774799405378926e-21,6.4774799405378926e-21,9.693835188848841e-11
1.0,22,34,1.0081944200629898,1.0215853135490005,0.0,0.0,0.0,0.0,1.0,0.0,0.0,0.0,1.0,-1.0,6,1.570796326871369,1.2447070516945715e-10,2.303844715033656e-21,5.848016146542454e-21,1.0,-1.0,1.5,8.29696603673514e-21,5.848016146542454e-21,5.848016146542454e-21,9.678330352196411e-11
1.0,22,35,1.012430644812918,0.9666731878442962,0.0,0.0,0.0,0.0,1.0,0.0,0.0,0.0,1.0,-1.0,0,1.5707963267134788,3.141592653460704,2.2725703483876364e-21,6.6288618457207946e-21,1.0,-1.0,1.5,8.708762875383158e-21,6.6288618457207946e-21,6.6288618457207946e-21,9.652814175563038e-11
1.0,22,36,1.0010599749034728,0.9855142446049704,0.0,0.0,0.0,0.0,1.0,0.0,0.0,0.0,1.0,-1.0,1,1.570796326874511,1.279261903443764e-10,2.3340217474590612e-21,6.338464781229395e-21,1.0,-1.0,1.5,8.583135712441353e-21,6.338464781229395e-21,6.338464781229395e-21,9.672569463507869e-11
1.0,22,37,0.9522948073174293,0.9981210841919779,0.0,0.0,0.0,0.0,1.0,0.0,0.0,0.0,1.0,-1.0,7,1.5707963268723133,1.2797459659394656e-10,2.5561030867272477e-21,5.993342102724909e-21,1.0,-1.0,1.5,8.416237426072142e-21,5.993342102724909e-21,5.993342102724909e-21,9.629193970104136e-11
1.0,22,38,1.001484018345195,1.0180049009756083,0.0,0.0,0.0,0.0,1.0,0.0,0.0,0.0,1.0,-1.0,5,1.5707963268722496,1.2608491818332858e-10,2.3748045620516172e-21,5.98347912921143e-21,1.0,-1.0,1.5,8.469540098879285e-21,5.98347912921143e-21,5.98347912921143e-21,9.760857553215395e-11
1.0,22,39,1.03977140364535,0.9721304237039428,0.0,0.0,0.0,0.0,1.0,0.0,0.0,0.0,1.0,-1.0,5,1.5707963268760898,1.2758242080560287e-10,2.1519585921327948e-21,6.592337852488208e-21,1.0,-1.0,1.5,8.646154136871687e-21,6.592337852488208e-21,6.592337852488208e-21,9.646827729540123e-11
1.0,22,40,1.0435036747495487,0.9813652741166962,0.0,0.0,0.0,0.0,1.0,0.0,0.0,0.0,1.0,-1.0,2,1.5707963267144696,3.1415926534630993,2.1406195052043455e-21,6.468511920219352e-21,1.0,-1.0,1.5,8.581717293634477e-21,6.468511920219352e-21,6.468511920219352e-21,9.655921305165663e-11
1.0,22,41,0.9520496259114397,1.0281178575005647,0.0,0.0,0.0,0.0,1.0,0.0,0.0,0.0,1.0,-1.0,2,1.5707963267198832,3.141592653464039,2.574629410922408e-21,5.62700869641965e-21,1.0,-1.0,1.5,8.236403092629286e-21,5.62700869641965e-21,5.62700869641965e-21,9.661553106783042e-11
1.0,22,42,0.9976314700238137,1.0043024502983142,0.0,0.0,0.0,0.0,1.0,0.0,0.0,0.0,1.0,-1.0,2,1.570796326716771,3.141592653463005,2.368035856989642e-21,6.103604265445657e-21,1.0,-1.0,1.5,8.492291812515995e-21,6.103604265445657e-21,6.103604265445657e-21,9.709442030706337e-11
1.0,22,43,1.0350276435830281,0.9295690882778371,0.0,0.0,0.0,0.0,1.0,0.0,0.0,0.0,1.0,-1.0,5,1.5707963267093752,3.141592653457641,2.1744278280003365e-21,7.313914817797603e-21,1.0,-1.0,1.5,9.049382039878432e-21,7.313914817797603e-21,7.313914817797603e-21,9.652825238844898e-11
1.0,22,44,0.99220428734543,0.9659045982478774,0.0,0.0,0.0,0.0,1.0,0.0,0.0,0.0,1.0,-1.0,1,1.5707963267138232,3.141592653460163,2.3577604408728285e-21,6.5729012906089594e-21,1.0,-1.0,1.5,8.688175598396074e-21,6.5729012906089594e-21,6.5729012906089594e-21,9.635648153720755e-11
1.0,22,45,0.969510889722722,0.9945438921448712,0.0,0.0,0.0,0.0,1.0,0.0,0.0,0.0,1.0,-1.0,4,1.5707963267164502,3.1415926534613936,2.4953235847056847e-21,6.1538410855215184e-21,1.0,-1.0,1.5,8.53950845358969e-21,6.1538410855215184e-21,6.1538410855215184e-21,9.686036981731593e-11
1.0,22,46,1.0053346861093073,1.010077885767477,0.0,0.0,0.0,0.0,1.0,0.0,0.0,0.0,1.0,-1.0,7,1.570796326717487,3.141592653464278,2.3141469041186188e-21,5.992260955934137e-21,1.0,-1.0,1.5,8.379142428799872e-21,5.992260955934137e-21,5.992260955934137e-21,9.67244179476256e-11
1.0,22,47,1.020220436295842,0.9974745629942002,0.0,0.0,0.0,0.0,1.0,0.0,0.0,0.0,1.0,-1.0,5,1.5707963268735574,1.2601040494451878e-10,2.2419856211242086e-21,6.187520571641036e-21,1.0,-1.0,1.5,8.459205072137855e-21,6.187520571641036e-21,6.187520571641036e-21,9.661389370267298e-11
1.0,22,48,0.9781600264472455,1.019601660600618,0.0,0.0,0.0,0.0,1.0,0.0,0.0,0.0,1.0,-1.0,3,1.5707963268707545,1.2507860186924325e-10,2.4226749993137204e-21,5.754424834858782e-21,1.0,-1.0,1.5,8.236986139689787e-21,5.754424834858782e-21,5.754424834858782e-21,9.629142052859738e-11
1.0,22,49,0.9815957232856941,0.9938274033661586,0.0,0.0,0.0,0.0,1.0,0.0,0.0,0.0,1.0,-1.0,1,1.5707963268730651,1.2718507480113592e-10,2.4026224989477087e-21,6.110317751224083e-21,1.0,-1.0,1.5,8.431012555446672e-21,6.110317751224083e-21,6.110317751224083e-21,9.622902839088664e-11
