N,p,dataset_index,empirical_g12,empirical_g13,empirical_g23,population_max_gram_error
256,0.2,0,1.0,0.0,0.0,0.0
256,0.2,1,1.0,0.0,0.0,0.0
256,0.2,2,1.0,0.0,0.0,0.0
256,0.2,3,1.0,0.0,0.0,0.0
256,0.2,4,1.0,0.0,0.0,0.0
256,0.2,5,1.0,0.0,0.0,0.0
256,0.2,6,1.0,0.0,0.0,0.0
256,0.2,7,1.0,0.0,0.0,0.0
256,0.2,8,1.0,0.0,0.0,0.0
256,0.2,9,1.0,0.0,0.0,0.0
256,0.2,10,1.0,0.0,0.0,0.0
256,0.2,11,1.0,0.0,0.0,0.0
256,0.2,12,1.0,0.0,0.0,0.0
256,0.2,13,1.0,0.0,0.0,0.0
256,0.2,14,1.0,0.0,0.0,0.0
256,0.2,15,1.0,0.0,0.0,0.0
256,0.2,16,1.0,0.0,0.0,0.0
256,0.2,17,1.0,0.0,0.0,0.0
256,0.2,18,1.0,0.0,0.0,0.0
256,0.2,19,1.0,0.0,0.0,0.0
256,0.2,20,1.0,0.0,0.0,0.0
256,0.2,21,1.0,0.0,0.0,0.0
256,0.2,22,1.0,0.0,0.0,0.0
256,0.2,23,1.0,0.0,0.0,0.0
256,0.2,24,1.0,0.0,0.0,0.0
256,0.2,25,1.0,0.0,0.0,0.0
256,0.2,26,1.0,0.0,0.0,0.0
256,0.2,27,1.0,0.0,0.0,0.0
256,0.2,28,1.0,0.0,0.0,0.0
256,0.2,29,0.8965284916292044,0.027517931934338935,0.02564621269551881,0.10347150837079555
256,0.2,30,1.0,0.0,0.0,0.0
256,0.2,31,1.0,0.0,0.0,0.0
256,0.2,32,1.0,0.0,0.0,0.0
256,0.2,33,1.0,0.0,0.0,0.0
256,0.2,34,1.0,0.0,0.0,0.0
256,0.2,35,1.0,0.0,0.0,0.0
256,0.2,36,1.0,0.0,0.0,0.0
256,0.2,37,1.0,0.0,0.0,0.0
256,0.2,38,1.0,0.0,0.0,0.0
256,0.2,39,1.0,0.0,0.0,0.0
256,0.2,40,1.0,0.0,0.0,0.0
256,0.2,41,1.0,0.0,0.0,0.0
256,0.2,42,1.0,0.0,0.0,0.0
256,0.2,43,1.0,0.0,0.0,0.0
256,0.2,44,1.0,0.0,0.0,0.0
256,0.2,45,1.0,0.0,0.0,0.0
256,0.2,46,1.0,0.0,0.0,0.0
256,0.2,47,1.0,0.0,0.0,0.0
256,0.2,48,1.0,0.0,0.0,0.0
256,0.2,49,1.0,0.0,0.0,0.0
256,0.2,50,1.0,0.0,0.0,0.0
256,0.2,51,1.0,0.0,0.0,0.0
256,0.2,52,1.0,0.0,0.0,0.0
256,0.2,53,1.0,0.0,0.0,0.0
256,0.2,54,1.0,0.0,0.0,0.0
256,0.2,55,1.0,0.0,0.0,0.0
256,0.2,56,1.0,0.0,0.0,0.0
256,0.2,57,1.0,0.0,0.0,0.0
256,0.2,58,1.0,0.0,0.0,0.0
256,0.2,59,1.0,0.0,0.0,0.0
256,0.2,60,1.0,0.0,0.0,0.0
256,0.2,61,1.0,0.0,0.0,0.0
256,0.2,62,1.0,0.0,0.0,0.0
256,0.2,63,1.0,0.0,0.0,0.0
256,0.2,64,1.0,0.0,0.0,0.0
256,0.2,65,1.0,0.0,0.0,0.0
256,0.2,66,1.0,0.0,0.0,0.0
256,0.2,67,1.0,0.0,0.0,0.0
256,0.2,68,1.0,0.0,0.0,0.0
256,0.2,69,1.0,0.0,0.0,0.0
256,0.2,70,1.0,0.0,0.0,0.0
256,0.2,71,1.0,0.0,0.0,0.0
256,0.2,72,1.0,0.0,0.0,0.0
256,0.2,73,1.0,0.0,0.0,0.0
256,0.2,74,1.0,0.0,0.0,0.0
256,0.2,75,1.0,0.0,0.0,0.0
256,0.2,76,1.0,0.0,0.0,0.0
256,0.2,77,1.0,0.0,0.0,0.0
256,0.2,78,1.0,0.0,0.0,0.0
256,0.2,79,1.0,0.0,0.0,0.0
256,0.2,80,1.0,0.0,0.0,0.0
256,0.2,81,1.0,0.0,0.0,0.0
256,0.2,82,1.0,0.0,0.0,0.0
256,0.2,83,0.967387392607104,0.005608060914261193,0.011326660319533777,0.032612607392895954
256,0.2,84,1.0,0.0,0.0,0.0
256,0.2,85,1.0,0.0,0.0,0.0
256,0.2,86,1.0,0.0,0.0,0.0
256,0.2,87,1.0,0.0,0.0,0.0
256,0.2,88,1.0,0.0,0.0,0.0
256,0.2,89,1.0,0.0,0.0,0.0
256,0.2,90,1.0,0.0,0.0,0.0
256,0.2,91,1.0,0.0,0.0,0.0
256,0.2,92,1.0,0.0,0.0,0.0
256,0.2,93,1.0,0.0,0.0,0.0
256,0.2,94,1.0,0.0,0.0,0.0
256,0.2,95,1.0,0.0,0.0,0.0
256,0.2,96,1.0,0.0,0.0,0.0
256,0.2,97,1.0,0.0,0.0,0.0
256,0.2,98,1.0,0.0,0.0,0.0
256,0.2,99,1.0,0.0,0.0,0.0
256,0.35,0,0.6187653131740414,0.031726783827199345,0.2185152643638938,0.3812346868259586
256,0.35,1,1.0,0.0,0.0,0.0
256,0.35,2,1.0,0.0,0.0,0.0
256,0.35,3,0.5271614481447838,0.07342110543545805,0.21638566117174968,0.47283855185521617
256,0.35,4,1.0,0.0,0.0,0.0
256,0.35,5,0.6971999119753358,0.047336650853688655,0.12632567917448106,0.3028000880246642
256,0.35,6,1.0,0.0,0.0,0.0
256,0.35,7,1.0,0.0,0.0,0.0
256,0.35,8,0.8135329259434886,0.023153616825023926,0.08383621175864803,0.18646707405651142
256,0.35,9,0.7702480838462173,0.02397138847121899,0.11401600441854026,0.22975191615378265
256,0.35,10,1.0,0.0,0.0,0.0
256,0.35,11,1.0,0.0,0.0,0.0
256,0.35,12,1.0,0.0,0.0,0.0
256,0.35,13,0.7882957519310609,0.04419677677927314,0.06926135658946608,0.21170424806893906
256,0.35,14,1.0,0.0,0.0,0.0
256,0.35,15,1.0,0.0,0.0,0.0
256,0.35,16,0.7115833956360379,0.03188744125701293,0.14271664203383894,0.2884166043639621
256,0.35,17,1.0,0.0,0.0,0.0
256,0.35,18,1.0,0.0,0.0,0.0
256,0.35,19,0.8349786439836012,0.026461342476896854,0.06359212434168227,0.16502135601639878
256,0.35,20,1.0,0.0,0.0,0.0
256,0.35,21,0.8436589620165797,0.016513979803101986,0.07512359632303889,0.15634103798342025
256,0.35,22,0.24930383484193885,0.061331422288302184,0.5123465505349811,0.7506961651580611
256,0.35,23,0.6333890982831114,0.03568760336843624,0.19734473882576103,0.3666109017168886
256,0.35,24,0.9836367487524296,0.0021459310968411915,0.006697453841015832,0.01636325124757043
256,0.35,25,0.3458293191117874,0.047777449171799935,0.4365365334945298,0.6541706808882126
256,0.35,26,1.0,0.0,0.0,0.0
256,0.35,27,0.7830632869056807,0.0480586467019431,0.06783038712885492,0.21693671309431928
256,0.35,28,0.9640479216727277,0.008014228299420167,0.010191059338687247,0.03595207832727232
256,0.35,29,1.0,0.0,0.0,0.0
256,0.35,30,0.7659104348334146,0.044619650948552636,0.08297099173965305,0.2340895651665854
256,0.35,31,1.0,0.0,0.0,0.0
256,0.35,32,1.0,0.0,0.0,0.0
256,0.35,33,1.0,0.0,0.0,0.0
256,0.35,34,1.0,0.0,0.0,0.0
256,0.35,35,1.0,0.0,0.0,0.0
256,0.35,36,1.0,0.0,0.0,0.0
256,0.35,37,1.0,0.0,0.0,0.0
256,0.35,38,0.6580525333235212,0.04198773685845636,0.16494280775529035,0.3419474666764788
256,0.35,39,1.0,0.0,0.0,0.0
256,0.35,40,0.7461579832570955,0.04719842304065436,0.09249537419054232,0.2538420167429045
256,0.35,41,0.8638109069455823,0.028506931057579954,0.042773558852534976,0.13618909305441773
256,0.35,42,1.0,0.0,0.0,0.0
256,0.35,43,1.0,0.0,0.0,0.0
256,0.35,44,0.7863680939900519,0.026495088826059998,0.0971545119714054,0.21363190600994808
256,0.35,45,1.0,0.0,0.0,0.0
256,0.35,46,1.0,0.0,0.0,0.0
256,0.35,47,1.0,0.0,0.0,0.0
256,0.35,48,0.4497047590056653,0.05556485684133333,0.3167883860432169,0.5502952409943347
256,0.35,49,1.0,0.0,0.0,0.0
256,0.35,50,1.0,0.0,0.0,0.0
256,0.35,51,1.0,0.0,0.0,0.0
256,0.35,52,1.0,0.0,0.0,0.0
256,0.35,53,1.0,0.0,0.0,0.0
256,0.35,54,1.0,0.0,0.0,0.0
256,0.35,55,0.643035089943673,0.05819290869376337,0.14928797702454094,0.356964910056327
256,0.35,56,1.0,0.0,0.0,0.0
256,0.35,57,1.0,0.0,0.0,0.0
256,0.35,58,1.0,0.0,0.0,0.0
256,0.35,59,1.0,0.0,0.0,0.0
256,0.35,60,1.0,0.0,0.0,0.0
256,0.35,61,1.0,0.0,0.0,0.0
256,0.35,62,1.0,0.0,0.0,0.0
256,0.35,63,1.0,0.0,0.0,0.0
256,0.35,64,0.5708123111054284,0.08753408312395672,0.1618172048518281,0.4291876888945716
256,0.35,65,1.0,0.0,0.0,0.0
256,0.35,66,1.0,0.0,0.0,0.0
256,0.35,67,1.0,0.0,0.0,0.0
256,0.35,68,0.9425318113836462,0.008670059035315203,0.02198865264235139,0.05746818861635383
256,0.35,69,1.0,0.0,0.0,0.0
256,0.35,70,1.0,0.0,0.0,0.0
256,0.35,71,1.0,0.0,0.0,0.0
256,0.35,72,0.716560128195487,0.037814975959363784,0.12788975510334838,0.283439871804513
256,0.35,73,1.0,0.0,0.0,0.0
256,0.35,74,1.0,0.0,0.0,0.0
256,0.35,75,0.5979354488983343,0.05983306250595943,0.18120101359689855,0.4020645511016657
256,0.35,76,1.0,0.0,0.0,0.0
256,0.35,77,0.7453505266703895,0.026006738133705132,0.12873459826631184,0.2546494733296105
256,0.35,78,1.0,0.0,0.0,0.0
256,0.35,79,1.0,0.0,0.0,0.0
256,0.35,80,1.0,0.0,0.0,0.0
256,0.35,81,0.633055176775695,0.03775002237788749,0.19327164341958214,0.366944823224305
256,0.35,82,1.0,0.0,0.0,0.0
256,0.35,83,1.0,0.0,0.0,0.0
256,0.35,84,1.0,0.0,0.0,0.0
256,0.35,85,1.0,0.0,0.0,0.0
256,0.35,86,1.0,0.0,0.0,0.0
256,0.35,87,1.0,0.0,0.0,0.0
256,0.35,88,0.8022849355259145,0.03717125393183501,0.06949494636792564,0.1977150644740855
256,0.35,89,0.9114915444808348,0.011067556047862137,0.03818657328838104,0.0885084555191652
256,0.35,90,0.8049034734308762,0.032726189736453914,0.07404344771629812,0.1950965265691238
256,0.35,91,0.9055121373401153,0.015242925107675998,0.03517587911763442,0.09448786265988474
256,0.35,92,1.0,0.0,0.0,0.0
256,0.35,93,1.0,0.0,0.0,0.0
256,0.35,94,1.0,0.0,0.0,0.0
256,0.35,95,1.0,0.0,0.0,0.0
256,0.35,96,1.0,0.0,0.0,0.0
256,0.35,97,1.0,0.0,0.0,0.0
256,0.35,98,0.518761543772312,0.08162295783050888,0.21070458736581077,0.481238456227688
256,0.35,99,0.9337618313663805,0.01340018794310649,0.020672085372935745,0.06623816863361953
256,0.3819660112501051,0,1.0,0.0,0.0,0.0
256,0.3819660112501051,1,0.3354325113965399,0.08603724456949546,0.3714547234700711,0.66456748860346
256,0.3819660112501051,2,0.6086992944456016,0.04156676676015336,0.20551402057801005,0.39130070555439844
256,0.3819660112501051,3,1.0,0.0,0.0,0.0
256,0.3819660112501051,4,0.519530498924541,0.038304553442791156,0.290181696868993,0.48046950107545905
256,0.3819660112501051,5,1.0,0.0,0.0,0.0
256,0.3819660112501051,6,1.0,0.0,0.0,0.0
256,0.3819660112501051,7,1.0,0.0,0.0,0.0
256,0.3819660112501051,8,1.0,0.0,0.0,0.0
256,0.3819660112501051,9,0.7514600436818356,0.02621079712412827,0.12363462286684296,0.2485399563181644
256,0.3819660112501051,10,1.0,0.0,0.0,0.0
256,0.3819660112501051,11,1.0,0.0,0.0,0.0
256,0.3819660112501051,12,1.0,0.0,0.0,0.0
256,0.3819660112501051,13,0.7316742704448538,0.07631600344039091,0.06840417109856167,0.2683257295551462
256,0.3819660112501051,14,1.0,0.0,0.0,0.0
256,0.3819660112501051,15,1.0,0.0,0.0,0.0
256,0.3819660112501051,16,1.0,0.0,0.0,0.0
256,0.3819660112501051,17,0.5001165893838087,0.1077905568948272,0.18979284488619752,0.49988341061619135
256,0.3819660112501051,18,0.5256832423741966,0.06250400067170914,0.23577824060063696,0.4743167576258034
256,0.3819660112501051,19,1.0,0.0,0.0,0.0
256,0.3819660112501051,20,1.0,0.0,0.0,0.0
256,0.3819660112501051,21,0.6301445283576003,0.06398632082713185,0.15021745657526298,0.36985547164239974
256,0.3819660112501051,22,0.6027508426224955,0.037791111699133795,0.21839455025036214,0.39724915737750455
256,0.3819660112501051,23,1.0,0.0,0.0,0.0
256,0.3819660112501051,24,0.6864659368427628,0.07186069850749943,0.10070708816791685,0.3135340631572372
256,0.3819660112501051,25,0.9427482354854678,0.008078626109562337,0.022811456241216332,0.05725176451453218
256,0.3819660112501051,26,0.6788335815094065,0.06257472293755717,0.11737238491030799,0.32116641849059346
256,0.3819660112501051,27,0.5062228340204455,0.04550724876615775,0.2859458109288665,0.49377716597955446
256,0.3819660112501051,28,1.0,0.0,0.0,0.0
256,0.3819660112501051,29,1.0,0.0,0.0,0.0
256,0.3819660112501051,30,1.0,0.0,0.0,0.0
256,0.3819660112501051,31,1.0,0.0,0.0,0.0
256,0.3819660112501051,32,1.0,0.0,0.0,0.0
256,0.3819660112501051,33,1.0,0.0,0.0,0.0
256,0.3819660112501051,34,0.6349266014675992,0.029753668012677703,0.20949882433833678,0.36507339853240084
256,0.3819660112501051,35,1.0,0.0,0.0,0.0
256,0.3819660112501051,36,1.0,0.0,0.0,0.0
256,0.3819660112501051,37,1.0,0.0,0.0,0.0
256,0.3819660112501051,38,1.0,0.0,0.0,0.0
256,0.3819660112501051,39,1.0,0.0,0.0,0.0
256,0.3819660112501051,40,0.8195039472715349,0.029429295781863152,0.0693017407305645,0.18049605272846514
256,0.3819660112501051,41,1.0,0.0,0.0,0.0
256,0.3819660112501051,42,1.0,0.0,0.0,0.0
256,0.3819660112501051,43,0.8344798514060383,0.03578709832443644,0.05138590555765321,0.1655201485939617
256,0.3819660112501051,44,1.0,0.0,0.0,0.0
256,0.3819660112501051,45,1.0,0.0,0.0,0.0
256,0.3819660112501051,46,0.3120093355547232,0.038220824471690895,0.49595907374784076,0.6879906644452768
256,0.3819660112501051,47,0.9247308027978628,0.012011120907505557,0.027992535606637947,0.0752691972021372
256,0.3819660112501051,48,0.6381833106732203,0.049356850420087195,0.16728183329970253,0.3618166893267797
256,0.3819660112501051,49,0.48921575263723577,0.13569613333001518,0.1654715446904127,0.5107842473627642
256,0.3819660112501051,50,0.8446000562076786,0.01727467562125018,0.07289912940248999,0.15539994379232136
256,0.3819660112501051,51,1.0,0.0,0.0,0.0
256,0.3819660112501051,52,1.0,0.0,0.0,0.0
256,0.3819660112501051,53,0.8704581817341659,0.015201598873210487,0.058632290199757464,0.1295418182658341
256,0.3819660112501051,54,0.7757370282355316,0.034715245615570434,0.0907023074089423,0.2242629717644684
256,0.3819660112501051,55,1.0,0.0,0.0,0.0
256,0.3819660112501051,56,1.0,0.0,0.0,0.0
256,0.3819660112501051,57,0.5647262237496222,0.04513793591573545,0.2352572655677571,0.4352737762503778
256,0.3819660112501051,58,0.8665087199914896,0.019405690763622307,0.05388373539700625,0.1334912800085104
256,0.3819660112501051,59,0.2740340633615383,0.06123042247314414,0.4844221573270644,0.7259659366384617
256,0.3819660112501051,60,1.0,0.0,0.0,0.0
256,0.3819660112501051,61,0.8296464767678562,0.022082416359808565,0.07442140325758034,0.1703535232321438
256,0.3819660112501051,62,0.4017864425383807,0.06349051417586976,0.3466496228817305,0.5982135574616193
256,0.3819660112501051,63,1.0,0.0,0.0,0.0
256,0.3819660112501051,64,1.0,0.0,0.0,0.0
256,0.3819660112501051,65,1.0,0.0,0.0,0.0
256,0.3819660112501051,66,0.6129609677360528,0.055102057464135545,0.17720791877384523,0.3870390322639472
256,0.3819660112501051,67,1.0,0.0,0.0,0.0
256,0.3819660112501051,68,1.0,0.0,0.0,0.0
256,0.3819660112501051,69,1.0,0.0,0.0,0.0
256,0.3819660112501051,70,1.0,0.0,0.0,0.0
256,0.3819660112501051,71,0.9722407104930155,0.0031565849332458873,0.01230986372496351,0.027759289506984475
256,0.3819660112501051,72,0.4370955776226404,0.06700551143169287,0.30642961781879546,0.5629044223773596
256,0.3819660112501051,73,0.802399253315016,0.026011098489592543,0.08657406934213052,0.19760074668498395
256,0.3819660112501051,74,0.5645773753481591,0.033264786810669744,0.26189370453821603,0.4354226246518409
256,0.3819660112501051,75,1.0,0.0,0.0,0.0
256,0.3819660112501051,76,0.8880142984550269,0.01507998970191543,0.04682433150215576,0.11198570154497312
256,0.3819660112501051,77,1.0,0.0,0.0,0.0
256,0.3819660112501051,78,1.0,0.0,0.0,0.0
256,0.3819660112501051,79,1.0,0.0,0.0,0.0
256,0.3819660112501051,80,1.0,0.0,0.0,0.0
256,0.3819660112501051,81,1.0,0.0,0.0,0.0
256,0.3819660112501051,82,1.0,0.0,0.0,0.0
256,0.3819660112501051,83,0.39528299439910597,0.0661300889445019,0.3478690052131055,0.604717005600894
256,0.3819660112501051,84,1.0,0.0,0.0,0.0
256,0.3819660112501051,85,1.0,0.0,0.0,0.0
256,0.3819660112501051,86,0.710115230174372,0.03633266821012854,0.13536004290281145,0.28988476982562805
256,0.3819660112501051,87,0.5158131803918149,0.11553814289552766,0.168330513669804,0.4841868196081851
256,0.3819660112501051,88,1.0,0.0,0.0,0.0
256,0.3819660112501051,89,1.0,0.0,0.0,0.0
256,0.3819660112501051,90,1.0,0.0,0.0,0.0
256,0.3819660112501051,91,0.08292111100430738,0.020323944989531606,0.8223019417403276,0.9170788889956927
256,0.3819660112501051,92,1.0,0.0,0.0,0.0
256,0.3819660112501051,93,1.0,0.0,0.0,0.0
256,0.3819660112501051,94,1.0,0.0,0.0,0.0
256,0.3819660112501051,95,1.0,0.0,0.0,0.0
256,0.3819660112501051,96,1.0,0.0,0.0,0.0
256,0.3819660112501051,97,1.0,0.0,0.0,0.0
256,0.3819660112501051,98,0.6157618154838219,0.06720006520385713,0.15623110900397685,0.3842381845161781
256,0.3819660112501051,99,0.713262356460915,0.05776786010140855,0.10035925869821288,0.28673764353908504
256,0.5,0,0.6220482756601581,0.03980828176833218,0.19807421612034715,0.24704827566015808
256,0.5,1,0.39347113750370905,0.07363855272927416,0.3356546657441211,0.03934533425587888
256,0.5,2,0.5076269437022985,0.051939376140633486,0.2712864934671988,0.13262694370229855
256,0.5,3,0.3820778514158799,0.06327289287052018,0.3664140573234248,0.008585942676575198
256,0.5,4,0.806578661147167,0.028345360129485797,0.07970155994090872,0.43157866114716703
256,0.5,5,0.16000812541042042,0.051526697618429596,0.6428604353942085,0.26786043539420845
256,0.5,6,0.18450678655727398,0.04997912618829703,0.6149101491664192,0.23991014916641917
256,0.5,7,0.5542569394092304,0.05111032429836554,0.23236692125278136,0.17925693940923038
256,0.5,8,0.17183225891130333,0.05638031566221846,0.6171415028599004,0.24214150285990044
256,0.5,9,0.04122577892579149,0.029963492652615054,0.8634916977426917,0.48849169774269174
256,0.5,10,0.5521024483172995,0.0485784289539834,0.23914503773208912,0.1771024483172995
256,0.5,11,0.4881495642300415,0.08275354497059262,0.23445715781330678,0.14054284218669322
256,0.5,12,0.03790513011452534,0.004800358173982999,0.9312598905681042,0.5562598905681042
256,0.5,13,0.3759811803253522,0.04638345989829007,0.40877207616409017,0.03377207616409017
256,0.5,14,0.1374598911112243,0.030689715168647214,0.7215097473658263,0.3465097473658263
256,0.5,15,0.47197716902875364,0.0777914938946459,0.25624075386986206,0.11875924613013794
256,0.5,16,0.5308138914292525,0.06968653242658618,0.21934672487386964,0.1558138914292525
256,0.5,17,0.1442546674048641,0.03736152282112626,0.6958994947439213,0.3208994947439213
256,0.5,18,0.14552500766248044,0.02823508065819491,0.7176360074481661,0.34263600744816614
256,0.5,19,0.9383332033357014,0.01382952518813707,0.017606520306241935,0.5633332033357014
256,0.5,20,0.4053155353093339,0.0732166398877726,0.3250410715415244,0.049958928458475604
256,0.5,21,0.1314641983452149,0.06168136594838669,0.660487482858392,0.285487482858392
256,0.5,22,0.29217234107790474,0.07347529937688896,0.43997919755178394,0.08282765892209526
256,0.5,23,0.43528752513537583,0.10250979480090311,0.250678735796086,0.12432126420391398
256,0.5,24,0.18752773656976895,0.04101659451758349,0.6320101456562072,0.25701014565620717
256,0.5,25,1.0,0.0,0.0,0.625
256,0.5,26,0.6586244825460537,0.044476189046233516,0.1599842389605987,0.28362448254605366
256,0.5,27,0.47091556337580065,0.048621130635209675,0.31154569772881885,0.09591556337580065
256,0.5,28,0.8690042229453574,0.020484984334378953,0.050528162135934584,0.4940042229453574
256,0.5,29,0.5873692380981657,0.049722414187359565,0.20729258603926026,0.21236923809816566
256,0.5,30,0.7343294713359755,0.036807136346410585,0.11659082084032651,0.3593294713359755
256,0.5,31,0.7353072972461834,0.04065351249730165,0.10957507436868175,0.3603072972461834
256,0.5,32,0.3151827134372733,0.05612562715816721,0.4502080217616844,0.0752080217616844
256,0.5,33,0.2427965953950349,0.07716284340091961,0.4886743806585905,0.1322034046049651
256,0.5,34,0.27199513259326163,0.0769543706164535,0.4557177047561479,0.10300486740673837
256,0.5,35,0.3767733106294612,0.1233199972846385,0.2741719794817437,0.10082802051825629
256,0.5,36,0.3627161638088071,0.039176359893634716,0.43996931497259495,0.06496931497259495
256,0.5,37,0.20136030187884085,0.05342924755210132,0.5863599456996027,0.2113599456996027
256,0.5,38,0.3936113015118271,0.06637263185748193,0.3490341472459382,0.025965852754061824
256,0.5,39,0.5021452166167926,0.07591469328490663,0.23332135550137395,0.14167864449862605
256,0.5,40,0.3355961493705363,0.07145218945633042,0.39765331905130435,0.03940385062946372
256,0.5,41,0.016292742935178905,0.009074277993689817,0.9509189747321224,0.5759189747321224
256,0.5,42,0.0,0.0,1.0,0.625
256,0.5,43,0.0,0.0,1.0,0.625
256,0.5,44,0.22730869566124112,0.04100279246622868,0.584119372900945,0.20911937290094496
256,0.5,45,0.8107610411018095,0.03468464394005166,0.06745044370799552,0.43576104110180947
256,0.5,46,0.34919272384593014,0.02771993355527047,0.48592267270409806,0.11092267270409806
256,0.5,47,0.2862015558116665,0.04080528074538331,0.517509943706989,0.142509943706989
256,0.5,48,0.05783280334170671,0.00995714434659728,0.8870090013176523,0.5120090013176523
256,0.5,49,0.333556547342404,0.13421112571830796,0.3003287511529064,0.07467124884709359
256,0.5,50,0.2985517151246781,0.09344777886742972,0.39740812934873715,0.0764482848753219
256,0.5,51,0.48460865863251246,0.10323423231801765,0.20809314030734782,0.16690685969265218
256,0.5,52,0.5202011483671319,0.055858440807288245,0.2525950144011137,0.14520114836713194
256,0.5,53,0.21095789902236073,0.05790296545371043,0.5649898034837435,0.1899898034837435
256,0.5,54,0.6511772218027039,0.031089574590016544,0.19278639304893036,0.2761772218027039
256,0.5,55,0.4763712192767998,0.058753037531112606,0.2859530953954564,0.10137121927679982
256,0.5,56,0.6443614236363001,0.060538259241495695,0.14479222843825645,0.2693614236363001
256,0.5,57,0.6100525368320198,0.06540157268308971,0.1631726814277144,0.23505253683201977
256,0.5,58,0.8819925826381645,0.023939512166487487,0.037665919273394965,0.5069925826381645
256,0.5,59,0.35116088280347013,0.10409384450389703,0.3263145187743208,0.04868548122567917
256,0.5,60,0.23142340692709296,0.02869008016434782,0.6123593509125533,0.23735935091255334
256,0.5,61,0.1617452113683706,0.12473370065897127,0.5105411983644684,0.2132547886316294
256,0.5,62,0.49038429778817516,0.0774451869255921,0.24087923582686627,0.13412076417313373
256,0.5,63,0.07385309877159246,0.050995814517774796,0.7676152033100488,0.39261520331004884
256,0.5,64,0.421602048755702,0.09024638349145242,0.28125740482909467,0.09374259517090533
256,0.5,65,0.2182262680454104,0.04142121427469797,0.5938235079029137,0.21882350790291372
256,0.5,66,0.2849943216710742,0.06705100374585726,0.4603675261346182,0.09000567832892581
256,0.5,67,0.0,0.0,1.0,0.625
256,0.5,68,0.5273770455417995,0.033120854422994894,0.2957527821989471,0.15237704554179954
256,0.5,69,0.10271209641934259,0.03927193954301955,0.7481469039498296,0.37314690394982963
256,0.5,70,0.3155573399880087,0.02386382690144273,0.5337786753759174,0.1587786753759174
256,0.5,71,0.05479393761529211,0.021062493909795477,0.8610947968079431,0.4860947968079431
256,0.5,72,0.48210774333523587,0.07291670806988354,0.2554497558478065,0.11955024415219351
256,0.5,73,0.7429998512008464,0.038737955250367884,0.10717913493042291,0.36799985120084644
256,0.5,74,0.3456330471839817,0.044430085783445095,0.44466700828855743,0.06966700828855743
256,0.5,75,0.03252402471034932,0.010061658824293829,0.9226616474154721,0.5476616474154721
256,0.5,76,0.5774973558643061,0.04827612297766615,0.21822642733658154,0.20249735586430606
256,0.5,77,0.6154828248012096,0.03302533072353658,0.2182739638374797,0.24048282480120964
256,0.5,78,0.29768068520770297,0.061906967766262366,0.45689282857370617,0.08189282857370617
256,0.5,79,0.19846510937888467,0.0809243402459841,0.5351871642408325,0.17653489062111533
256,0.5,80,0.23750168393147475,0.07234077932846461,0.5040399496273584,0.13749831606852525
256,0.5,81,0.7847316230739073,0.016759561722207883,0.11929060556332166,0.4097316230739073
256,0.5,82,0.21942359966639252,0.03737051381186485,0.6026152906865698,0.22761529068656983
256,0.5,83,0.182811130748341,0.07969611165961188,0.5572796156967315,0.192188869251659
256,0.5,84,0.47841275368908154,0.05801427738182652,0.2855300442071428,0.10341275368908154
256,0.5,85,0.3726682481100052,0.05288425750536563,0.39744049009615867,0.022440490096158672
256,0.5,86,0.0,0.0,1.0,0.625
256,0.5,87,0.18628458928277536,0.05147453502658805,0.6093604736335293,0.2343604736335293
256,0.5,88,0.448947599061748,0.09056051369934537,0.2563224997411518,0.11867750025884821
256,0.5,89,0.2512588946417851,0.04700283154436341,0.5417615436592674,0.16676154365926743
256,0.5,90,0.36488569002620125,0.11661024199898351,0.294588363665404,0.08041163633459603
256,0.5,91,0.3421612147830366,0.11593561900614302,0.3174630747797547,0.05753692522024528
256,0.5,92,0.7912600325341146,0.037256729235317365,0.07650327639547383,0.4162600325341146
256,0.5,93,0.3212282659803351,0.07631615833151506,0.40353278810129734,0.053771734019664896
256,0.5,94,0.32456370817170854,0.05337197961761586,0.44622581094681735,0.07122581094681735
256,0.5,95,0.5421562907563409,0.05719472910237966,0.23127845366847383,0.16715629075634086
256,0.5,96,0.42874314251888634,0.07835840340138062,0.2940979856958165,0.08090201430418348
256,0.5,97,0.35924732799545117,0.09782130301867087,0.3281563012330681,0.046843698766931896
256,0.5,98,0.30256485124674365,0.10434964704941979,0.3753602251668277,0.07243514875325635
256,0.5,99,0.30528702991677975,0.06547987642849079,0.4413707013324426,0.06971297008322025
256,0.6180339887498949,0,0.5071863455178404,0.04967179977326358,0.27628402000922053,0.7237159799907795
256,0.6180339887498949,1,0.0,0.0,1.0,0.0
256,0.6180339887498949,2,0.0,0.0,1.0,0.0
256,0.6180339887498949,3,0.10274059912366407,0.0605596800442576,0.7043042904731524,0.29569570952684765
256,0.6180339887498949,4,0.0,0.0,1.0,0.0
256,0.6180339887498949,5,0.0,0.0,1.0,0.0
256,0.6180339887498949,6,0.014450994366922432,0.0039738044221032665,0.966673971202525,0.03332602879747504
256,0.6180339887498949,7,0.11630017739329418,0.031067682075475445,0.7486152324398738,0.2513847675601262
256,0.6180339887498949,8,0.0,0.0,1.0,0.0
256,0.6180339887498949,9,0.0,0.0,1.0,0.0
256,0.6180339887498949,10,0.0,0.0,1.0,0.0
256,0.6180339887498949,11,0.0,0.0,1.0,0.0
256,0.6180339887498949,12,0.0,0.0,1.0,0.0
256,0.6180339887498949,13,0.09274120823906251,0.01868839620019569,0.8134731516239164,0.18652684837608358
256,0.6180339887498949,14,0.03759371489338198,0.014708008614277346,0.9030082698715421,0.09699173012845785
256,0.6180339887498949,15,0.17691676824483543,0.1599754173296578,0.4399374236509636,0.5600625763490363
256,0.6180339887498949,16,0.11692400638254946,0.07637672590741057,0.6538695172495499,0.3461304827504501
256,0.6180339887498949,17,0.0,0.0,1.0,0.0
256,0.6180339887498949,18,0.0,0.0,1.0,0.0
256,0.6180339887498949,19,0.0,0.0,1.0,0.0
256,0.6180339887498949,20,0.11078864442370245,0.02890379020411943,0.7615427701161493,0.23845722988385065
256,0.6180339887498949,21,0.0,0.0,1.0,0.0
256,0.6180339887498949,22,0.0,0.0,1.0,0.0
256,0.6180339887498949,23,0.04191390052550903,0.029030989099049165,0.8641995855584873,0.1358004144415127
256,0.6180339887498949,24,0.0,0.0,1.0,0.0
256,0.6180339887498949,25,0.0687842969010703,0.023336524350753896,0.8346724866924128,0.16532751330758721
256,0.6180339887498949,26,0.12175961361134047,0.06743140864383995,0.6632237843963681,0.3367762156036319
256,0.6180339887498949,27,0.06837284101041796,0.029954555604637445,0.8197248054696675,0.18027519453033247
256,0.6180339887498949,28,0.0,0.0,1.0,0.0
256,0.6180339887498949,29,0.0,0.0,1.0,0.0
256,0.6180339887498949,30,0.0,0.0,1.0,0.0
256,0.6180339887498949,31,0.0,0.0,1.0,0.0
256,0.6180339887498949,32,0.0901690545733082,0.018076369133544712,0.8186952779197244,0.1813047220802756
256,0.6180339887498949,33,0.0,0.0,1.0,0.0
256,0.6180339887498949,34,0.0,0.0,1.0,0.0
256,0.6180339887498949,35,0.0245832878415565,0.00930847291040221,0.9368250452432367,0.06317495475676327
256,0.6180339887498949,36,0.0,0.0,1.0,0.0
256,0.6180339887498949,37,0.0,0.0,1.0,0.0
256,0.6180339887498949,38,0.023536881502073226,0.007705832789986322,0.9426068135930403,0.05739318640695967
256,0.6180339887498949,39,0.0,0.0,1.0,0.0
256,0.6180339887498949,40,0.04410553418982216,0.011462748414214408,0.9017286709855106,0.09827132901448943
256,0.6180339887498949,41,0.23147676162360692,0.09007876893576955,0.4786422030722274,0.5213577969277726
256,0.6180339887498949,42,0.28677697377027533,0.0422212895286499,0.5133261122684776,0.4866738877315224
256,0.6180339887498949,43,0.0,0.0,1.0,0.0
256,0.6180339887498949,44,0.0,0.0,1.0,0.0
256,0.6180339887498949,45,0.0,0.0,1.0,0.0
256,0.6180339887498949,46,0.1658806733339353,0.047274071678483576,0.6446451978097868,0.3553548021902132
256,0.6180339887498949,47,0.0,0.0,1.0,0.0
256,0.6180339887498949,48,0.0,0.0,1.0,0.0
256,0.6180339887498949,49,0.19883425726117393,0.05947272383041624,0.5765523998885533,0.42344760011144666
256,0.6180339887498949,50,0.12272235441148838,0.02810269852558389,0.7476188573088669,0.2523811426911331
256,0.6180339887498949,51,0.06312803439093634,0.018854451066645184,0.8542441850785688,0.1457558149214312
256,0.6180339887498949,52,0.06370908256353053,0.02082942970944146,0.8483559417842729,0.15164405821572713
256,0.6180339887498949,53,0.0,0.0,1.0,0.0
256,0.6180339887498949,54,0.18459281168286662,0.037643699512308615,0.6439751973547806,0.3560248026452194
256,0.6180339887498949,55,0.0,0.0,1.0,0.0
256,0.6180339887498949,56,0.0,0.0,1.0,0.0
256,0.6180339887498949,57,0.1476141115212014,0.03796543407198977,0.6900470635207874,0.3099529364792126
256,0.6180339887498949,58,0.0,0.0,1.0,0.0
256,0.6180339887498949,59,0.0,0.0,1.0,0.0
256,0.6180339887498949,60,0.0,0.0,1.0,0.0
256,0.6180339887498949,61,0.0,0.0,1.0,0.0
256,0.6180339887498949,62,0.0,0.0,1.0,0.0
256,0.6180339887498949,63,0.10374040515048466,0.033174622023628586,0.760749147944562,0.23925085205543795
256,0.6180339887498949,64,0.22726068607275735,0.06504966573247639,0.5305632577182193,0.4694367422817807
256,0.6180339887498949,65,0.042365883722418785,0.020094284122590844,0.8827141010023767,0.11728589899762332
256,0.6180339887498949,66,0.0,0.0,1.0,0.0
256,0.6180339887498949,67,0.0,0.0,1.0,0.0
256,0.6180339887498949,68,0.0,0.0,1.0,0.0
256,0.6180339887498949,69,0.10228848424594733,0.029687568007044196,0.7712353617575856,0.22876463824241444
256,0.6180339887498949,70,0.1394258986384126,0.06623360014677948,0.6405222046031073,0.35947779539689273
256,0.6180339887498949,71,0.0,0.0,1.0,0.0
256,0.6180339887498949,72,0.0,0.0,1.0,0.0
256,0.6180339887498949,73,0.08278850631292622,0.0119813790518421,0.8472506270668245,0.15274937293317548
256,0.6180339887498949,74,0.16493731905633047,0.05347012858718497,0.6322481777286532,0.36775182227134684
256,0.6180339887498949,75,0.0,0.0,1.0,0.0
256,0.6180339887498949,76,0.05082454444488249,0.026162607213559008,0.8555551889312651,0.14444481106873486
256,0.6180339887498949,77,0.0,0.0,1.0,0.0
256,0.6180339887498949,78,0.0,0.0,1.0,0.0
256,0.6180339887498949,79,0.0846465897386327,0.05238538011060978,0.7477998596320685,0.2522001403679315
256,0.6180339887498949,80,0.0,0.0,1.0,0.0
256,0.6180339887498949,81,0.1523845672052379,0.04620714164647499,0.6645934904206706,0.3354065095793294
256,0.6180339887498949,82,0.0,0.0,1.0,0.0
256,0.6180339887498949,83,0.0,0.0,1.0,0.0
256,0.6180339887498949,84,0.0,0.0,1.0,0.0
256,0.6180339887498949,85,0.06815198963602964,0.035918659119317076,0.8070347394081013,0.19296526059189867
256,0.6180339887498949,86,0.0,0.0,1.0,0.0
256,0.6180339887498949,87,0.20314968751735307,0.09483231420554683,0.504788839788882,0.495211160211118
256,0.6180339887498949,88,0.0,0.0,1.0,0.0
256,0.6180339887498949,89,0.0,0.0,1.0,0.0
256,0.6180339887498949,90,0.0,0.0,1.0,0.0
256,0.6180339887498949,91,0.35744467057711754,0.08008219493687407,0.3595680462527582,0.6404319537472418
256,0.6180339887498949,92,0.09600151559818165,0.03095305174643881,0.7769469646128825,0.22305303538711752
256,0.6180339887498949,93,0.0,0.0,1.0,0.0
256,0.6180339887498949,94,0.021197859414658238,0.013119356379460712,0.9334587558449274,0.06654124415507257
256,0.6180339887498949,95,0.0,0.0,1.0,0.0
256,0.6180339887498949,96,0.0038779289276534845,0.002866207121267561,0.9866327615497851,0.013367238450214924
256,0.6180339887498949,97,0.0,0.0,1.0,0.0
256,0.6180339887498949,98,0.0,0.0,1.0,0.0
256,0.6180339887498949,99,0.0,0.0,1.0,0.0
256,0.65,0,0.07900507960197045,0.02730353735059987,0.8100863141877511,0.18991368581224888
256,0.65,1,0.0,0.0,1.0,0.0
256,0.65,2,0.0,0.0,1.0,0.0
256,0.65,3,0.0,0.0,1.0,0.0
256,0.65,4,0.0,0.0,1.0,0.0
256,0.65,5,0.0,0.0,1.0,0.0
256,0.65,6,0.0,0.0,1.0,0.0
256,0.65,7,0.0,0.0,1.0,0.0
256,0.65,8,0.0,0.0,1.0,0.0
256,0.65,9,0.0,0.0,1.0,0.0
256,0.65,10,0.0,0.0,1.0,0.0
256,0.65,11,0.0,0.0,1.0,0.0
256,0.65,12,0.0,0.0,1.0,0.0
256,0.65,13,0.0,0.0,1.0,0.0
256,0.65,14,0.0,0.0,1.0,0.0
256,0.65,15,0.0,0.0,1.0,0.0
256,0.65,16,0.0,0.0,1.0,0.0
256,0.65,17,0.0,0.0,1.0,0.0
256,0.65,18,0.0,0.0,1.0,0.0
256,0.65,19,0.03718403219699079,0.010259435871190437,0.9151863894395994,0.0848136105604006
256,0.65,20,0.0,0.0,1.0,0.0
256,0.65,21,0.0,0.0,1.0,0.0
256,0.65,22,0.0,0.0,1.0,0.0
256,0.65,23,0.03827660616080486,0.02268851064612326,0.883631622379431,0.11636837762056895
256,0.65,24,0.14159190386156228,0.05872928508456249,0.6523715757703097,0.3476284242296903
256,0.65,25,0.0,0.0,1.0,0.0
256,0.65,26,0.11252479465341775,0.04134905449908044,0.7295985306296329,0.27040146937036713
256,0.65,27,0.031439731454846465,0.008381756720891476,0.9288875788014199,0.07111242119858008
256,0.65,28,0.0,0.0,1.0,0.0
256,0.65,29,0.007178281511960982,0.0019132284188995152,0.9835578761845298,0.016442123815470167
256,0.65,30,0.0,0.0,1.0,0.0
256,0.65,31,0.0,0.0,1.0,0.0
256,0.65,32,0.0,0.0,1.0,0.0
256,0.65,33,0.028629561030740047,0.027636439083521924,0.8906418951618456,0.10935810483815445
256,0.65,34,0.0,0.0,1.0,0.0
256,0.65,35,0.03417400189830011,0.009834334511590326,0.920808486030811,0.079191513969189
256,0.65,36,0.0,0.0,1.0,0.0
256,0.65,37,0.0963677427705304,0.06605840872700497,0.7037118442397864,0.2962881557602136
256,0.65,38,0.0,0.0,1.0,0.0
256,0.65,39,0.020803912805172742,0.015004229369128486,0.930113602438267,0.06988639756173298
256,0.65,40,0.0,0.0,1.0,0.0
256,0.65,41,0.0,0.0,1.0,0.0
256,0.65,42,0.0,0.0,1.0,0.0
256,0.65,43,0.0,0.0,1.0,0.0
256,0.65,44,0.0,0.0,1.0,0.0
256,0.65,45,0.0,0.0,1.0,0.0
256,0.65,46,0.0,0.0,1.0,0.0
256,0.65,47,0.0,0.0,1.0,0.0
256,0.65,48,0.0,0.0,1.0,0.0
256,0.65,49,0.4925965418303119,0.03918071738474277,0.312819871432237,0.687180128567763
256,0.65,50,0.0,0.0,1.0,0.0
256,0.65,51,0.0,0.0,1.0,0.0
256,0.65,52,0.0,0.0,1.0,0.0
256,0.65,53,0.0,0.0,1.0,0.0
256,0.65,54,0.0,0.0,1.0,0.0
256,0.65,55,0.0,0.0,1.0,0.0
256,0.65,56,0.0,0.0,1.0,0.0
256,0.65,57,0.18107638291881412,0.04389141422736237,0.6331570296426874,0.3668429703573126
256,0.65,58,0.003854352054184884,0.0012796731470536837,0.9904454838849426,0.009554516115057421
256,0.65,59,0.05038294917055286,0.02509156042166566,0.85863249012646,0.14136750987353996
256,0.65,60,0.15087008434436577,0.03176794600575772,0.7014016209117871,0.29859837908821285
256,0.65,61,0.06098424353276655,0.01762864969586564,0.8605543507679283,0.1394456492320717
256,0.65,62,0.0,0.0,1.0,0.0
256,0.65,63,0.0,0.0,1.0,0.0
256,0.65,64,0.0,0.0,1.0,0.0
256,0.65,65,0.0,0.0,1.0,0.0
256,0.65,66,0.1382044175430499,0.03314099386520819,0.7142608764091988,0.2857391235908012
256,0.65,67,0.0,0.0,1.0,0.0
256,0.65,68,0.0,0.0,1.0,0.0
256,0.65,69,0.2031697854424072,0.04780911002548538,0.5967519893755351,0.4032480106244649
256,0.65,70,0.013663593186624468,0.009346701124878953,0.9549034866680747,0.045096513331925325
256,0.65,71,0.0,0.0,1.0,0.0
256,0.65,72,0.20513358134061183,0.08003576875775331,0.528526028787082,0.471473971212918
256,0.65,73,0.0,0.0,1.0,0.0
256,0.65,74,0.20125872456606325,0.05683292980669108,0.5791304017986634,0.4208695982013366
256,0.65,75,0.0,0.0,1.0,0.0
256,0.65,76,0.0,0.0,1.0,0.0
256,0.65,77,0.0,0.0,1.0,0.0
256,0.65,78,0.0,0.0,1.0,0.0
256,0.65,79,0.0,0.0,1.0,0.0
256,0.65,80,0.004315224457427824,0.0026252221174237755,0.9863740281895089,0.013625971810491078
256,0.65,81,0.0,0.0,1.0,0.0
256,0.65,82,0.1862521524300222,0.053155225141961415,0.6057152788297006,0.39428472117029945
256,0.65,83,0.009511713212441042,0.00449146424356428,0.9731014939741216,0.0268985060258784
256,0.65,84,0.0,0.0,1.0,0.0
256,0.65,85,0.0,0.0,1.0,0.0
256,0.65,86,0.0,0.0,1.0,0.0
256,0.65,87,0.0,0.0,1.0,0.0
256,0.65,88,0.0,0.0,1.0,0.0
256,0.65,89,0.0,0.0,1.0,0.0
256,0.65,90,0.0,0.0,1.0,0.0
256,0.65,91,0.0,0.0,1.0,0.0
256,0.65,92,0.0,0.0,1.0,0.0
256,0.65,93,0.14075287941842918,0.10192321329177173,0.5755842719482347,0.4244157280517653
256,0.65,94,0.053911536831773854,0.013385625714109839,0.8822386561641241,0.11776134383587589
256,0.65,95,0.10186121235188517,0.0841179315267907,0.6632500196673472,0.3367499803326528
256,0.65,96,0.0,0.0,1.0,0.0
256,0.65,97,0.0,0.0,1.0,0.0
256,0.65,98,0.0,0.0,1.0,0.0
256,0.65,99,0.0,0.0,1.0,0.0
256,0.8,0,0.0,0.0,1.0,0.0
256,0.8,1,0.0,0.0,1.0,0.0
256,0.8,2,0.0,0.0,1.0,0.0
256,0.8,3,0.0,0.0,1.0,0.0
256,0.8,4,0.0,0.0,1.0,0.0
256,0.8,5,0.0,0.0,1.0,0.0
256,0.8,6,0.0,0.0,1.0,0.0
256,0.8,7,0.0,0.0,1.0,0.0
256,0.8,8,0.0,0.0,1.0,0.0
256,0.8,9,0.0,0.0,1.0,0.0
256,0.8,10,0.0,0.0,1.0,0.0
256,0.8,11,0.0,0.0,1.0,0.0
256,0.8,12,0.0,0.0,1.0,0.0
256,0.8,13,0.0,0.0,1.0,0.0
256,0.8,14,0.0,0.0,1.0,0.0
256,0.8,15,0.0,0.0,1.0,0.0
256,0.8,16,0.0,0.0,1.0,0.0
256,0.8,17,0.0,0.0,1.0,0.0
256,0.8,18,0.0,0.0,1.0,0.0
256,0.8,19,0.0,0.0,1.0,0.0
256,0.8,20,0.0,0.0,1.0,0.0
256,0.8,21,0.0,0.0,1.0,0.0
256,0.8,22,0.0,0.0,1.0,0.0
256,0.8,23,0.0,0.0,1.0,0.0
256,0.8,24,0.0,0.0,1.0,0.0
256,0.8,25,0.0,0.0,1.0,0.0
256,0.8,26,0.0,0.0,1.0,0.0
256,0.8,27,0.0,0.0,1.0,0.0
256,0.8,28,0.0,0.0,1.0,0.0
256,0.8,29,0.0,0.0,1.0,0.0
256,0.8,30,0.0,0.0,1.0,0.0
256,0.8,31,0.0,0.0,1.0,0.0
256,0.8,32,0.0,0.0,1.0,0.0
256,0.8,33,0.0,0.0,1.0,0.0
256,0.8,34,0.0,0.0,1.0,0.0
256,0.8,35,0.0,0.0,1.0,0.0
256,0.8,36,0.0,0.0,1.0,0.0
256,0.8,37,0.0,0.0,1.0,0.0
256,0.8,38,0.0,0.0,1.0,0.0
256,0.8,39,0.0,0.0,1.0,0.0
256,0.8,40,0.0,0.0,1.0,0.0
256,0.8,41,0.0,0.0,1.0,0.0
256,0.8,42,0.0,0.0,1.0,0.0
256,0.8,43,0.0,0.0,1.0,0.0
256,0.8,44,0.0,0.0,1.0,0.0
256,0.8,45,0.0,0.0,1.0,0.0
256,0.8,46,0.0,0.0,1.0,0.0
256,0.8,47,0.0,0.0,1.0,0.0
256,0.8,48,0.0,0.0,1.0,0.0
256,0.8,49,0.0,0.0,1.0,0.0
256,0.8,50,0.0,0.0,1.0,0.0
256,0.8,51,0.0,0.0,1.0,0.0
256,0.8,52,0.0,0.0,1.0,0.0
256,0.8,53,0.0,0.0,1.0,0.0
256,0.8,54,0.0,0.0,1.0,0.0
256,0.8,55,0.0,0.0,1.0,0.0
256,0.8,56,0.0,0.0,1.0,0.0
256,0.8,57,0.0,0.0,1.0,0.0
256,0.8,58,0.0,0.0,1.0,0.0
256,0.8,59,0.0,0.0,1.0,0.0
256,0.8,60,0.0,0.0,1.0,0.0
256,0.8,61,0.0,0.0,1.0,0.0
256,0.8,62,0.0,0.0,1.0,0.0
256,0.8,63,0.0,0.0,1.0,0.0
256,0.8,64,0.0,0.0,1.0,0.0
256,0.8,65,0.0,0.0,1.0,0.0
256,0.8,66,0.0,0.0,1.0,0.0
256,0.8,67,0.0,0.0,1.0,0.0
256,0.8,68,0.0,0.0,1.0,0.0
256,0.8,69,0.0,0.0,1.0,0.0
256,0.8,70,0.0,0.0,1.0,0.0
256,0.8,71,0.0,0.0,1.0,0.0
256,0.8,72,0.0,0.0,1.0,0.0
256,0.8,73,0.0,0.0,1.0,0.0
256,0.8,74,0.0,0.0,1.0,0.0
256,0.8,75,0.0,0.0,1.0,0.0
256,0.8,76,0.0,0.0,1.0,0.0
256,0.8,77,0.0,0.0,1.0,0.0
256,0.8,78,0.0,0.0,1.0,0.0
256,0.8,79,0.0,0.0,1.0,0.0
256,0.8,80,0.0,0.0,1.0,0.0
256,0.8,81,0.0,0.0,1.0,0.0
256,0.8,82,0.0,0.0,1.0,0.0
256,0.8,83,0.0,0.0,1.0,0.0
256,0.8,84,0.0,0.0,1.0,0.0
256,0.8,85,0.0,0.0,1.0,0.0
256,0.8,86,0.0,0.0,1.0,0.0
256,0.8,87,0.0,0.0,1.0,0.0
256,0.8,88,0.0,0.0,1.0,0.0
256,0.8,89,0.0,0.0,1.0,0.0
256,0.8,90,0.0,0.0,1.0,0.0
256,0.8,91,0.0,0.0,1.0,0.0
256,0.8,92,0.0,0.0,1.0,0.0
256,0.8,93,0.0,0.0,1.0,0.0
256,0.8,94,0.0,0.0,1.0,0.0
256,0.8,95,0.0,0.0,1.0,0.0
256,0.8,96,0.0,0.0,1.0,0.0
256,0.8,97,0.0,0.0,1.0,0.0
256,0.8,98,0.0,0.0,1.0,0.0
256,0.8,99,0.0,0.0,1.0,0.0
1024,0.2,0,1.0,0.0,0.0,0.0
1024,0.2,1,1.0,0.0,0.0,0.0
1024,0.2,2,1.0,0.0,0.0,0.0
1024,0.2,3,1.0,0.0,0.0,0.0
1024,0.2,4,1.0,0.0,0.0,0.0
1024,0.2,5,1.0,0.0,0.0,0.0
1024,0.2,6,1.0,0.0,0.0,0.0
1024,0.2,7,1.0,0.0,0.0,0.0
1024,0.2,8,1.0,0.0,0.0,0.0
1024,0.2,9,1.0,0.0,0.0,0.0
1024,0.2,10,1.0,0.0,0.0,0.0
1024,0.2,11,1.0,0.0,0.0,0.0
1024,0.2,12,1.0,0.0,0.0,0.0
1024,0.2,13,1.0,0.0,0.0,0.0
1024,0.2,14,1.0,0.0,0.0,0.0
1024,0.2,15,1.0,0.0,0.0,0.0
1024,0.2,16,1.0,0.0,0.0,0.0
1024,0.2,17,1.0,0.0,0.0,0.0
1024,0.2,18,1.0,0.0,0.0,0.0
1024,0.2,19,1.0,0.0,0.0,0.0
1024,0.2,20,1.0,0.0,0.0,0.0
1024,0.2,21,1.0,0.0,0.0,0.0
1024,0.2,22,1.0,0.0,0.0,0.0
1024,0.2,23,1.0,0.0,0.0,0.0
1024,0.2,24,1.0,0.0,0.0,0.0
1024,0.2,25,1.0,0.0,0.0,0.0
1024,0.2,26,1.0,0.0,0.0,0.0
1024,0.2,27,1.0,0.0,0.0,0.0
1024,0.2,28,1.0,0.0,0.0,0.0
1024,0.2,29,1.0,0.0,0.0,0.0
1024,0.2,30,1.0,0.0,0.0,0.0
1024,0.2,31,1.0,0.0,0.0,0.0
1024,0.2,32,1.0,0.0,0.0,0.0
1024,0.2,33,1.0,0.0,0.0,0.0
1024,0.2,34,1.0,0.0,0.0,0.0
1024,0.2,35,1.0,0.0,0.0,0.0
1024,0.2,36,1.0,0.0,0.0,0.0
1024,0.2,37,1.0,0.0,0.0,0.0
1024,0.2,38,1.0,0.0,0.0,0.0
1024,0.2,39,1.0,0.0,0.0,0.0
1024,0.2,40,1.0,0.0,0.0,0.0
1024,0.2,41,1.0,0.0,0.0,0.0
1024,0.2,42,1.0,0.0,0.0,0.0
1024,0.2,43,1.0,0.0,0.0,0.0
1024,0.2,44,1.0,0.0,0.0,0.0
1024,0.2,45,1.0,0.0,0.0,0.0
1024,0.2,46,1.0,0.0,0.0,0.0
1024,0.2,47,1.0,0.0,0.0,0.0
1024,0.2,48,1.0,0.0,0.0,0.0
1024,0.2,49,1.0,0.0,0.0,0.0
1024,0.2,50,1.0,0.0,0.0,0.0
1024,0.2,51,1.0,0.0,0.0,0.0
1024,0.2,52,1.0,0.0,0.0,0.0
1024,0.2,53,1.0,0.0,0.0,0.0
1024,0.2,54,1.0,0.0,0.0,0.0
1024,0.2,55,1.0,0.0,0.0,0.0
1024,0.2,56,1.0,0.0,0.0,0.0
1024,0.2,57,1.0,0.0,0.0,0.0
1024,0.2,58,1.0,0.0,0.0,0.0
1024,0.2,59,1.0,0.0,0.0,0.0
1024,0.2,60,1.0,0.0,0.0,0.0
1024,0.2,61,1.0,0.0,0.0,0.0
1024,0.2,62,1.0,0.0,0.0,0.0
1024,0.2,63,1.0,0.0,0.0,0.0
1024,0.2,64,1.0,0.0,0.0,0.0
1024,0.2,65,1.0,0.0,0.0,0.0
1024,0.2,66,1.0,0.0,0.0,0.0
1024,0.2,67,1.0,0.0,0.0,0.0
1024,0.2,68,1.0,0.0,0.0,0.0
1024,0.2,69,1.0,0.0,0.0,0.0
1024,0.2,70,1.0,0.0,0.0,0.0
1024,0.2,71,1.0,0.0,0.0,0.0
1024,0.2,72,1.0,0.0,0.0,0.0
1024,0.2,73,1.0,0.0,0.0,0.0
1024,0.2,74,1.0,0.0,0.0,0.0
1024,0.2,75,1.0,0.0,0.0,0.0
1024,0.2,76,1.0,0.0,0.0,0.0
1024,0.2,77,1.0,0.0,0.0,0.0
1024,0.2,78,1.0,0.0,0.0,0.0
1024,0.2,79,1.0,0.0,0.0,0.0
1024,0.2,80,1.0,0.0,0.0,0.0
1024,0.2,81,1.0,0.0,0.0,0.0
1024,0.2,82,1.0,0.0,0.0,0.0
1024,0.2,83,1.0,0.0,0.0,0.0
1024,0.2,84,1.0,0.0,0.0,0.0
1024,0.2,85,1.0,0.0,0.0,0.0
1024,0.2,86,1.0,0.0,0.0,0.0
1024,0.2,87,1.0,0.0,0.0,0.0
1024,0.2,88,1.0,0.0,0.0,0.0
1024,0.2,89,1.0,0.0,0.0,0.0
1024,0.2,90,1.0,0.0,0.0,0.0
1024,0.2,91,1.0,0.0,0.0,0.0
1024,0.2,92,1.0,0.0,0.0,0.0
1024,0.2,93,1.0,0.0,0.0,0.0
1024,0.2,94,1.0,0.0,0.0,0.0
1024,0.2,95,1.0,0.0,0.0,0.0
1024,0.2,96,1.0,0.0,0.0,0.0
1024,0.2,97,1.0,0.0,0.0,0.0
1024,0.2,98,1.0,0.0,0.0,0.0
1024,0.2,99,1.0,0.0,0.0,0.0
1024,0.35,0,1.0,0.0,0.0,0.0
1024,0.35,1,1.0,0.0,0.0,0.0
1024,0.35,2,1.0,0.0,0.0,0.0
1024,0.35,3,1.0,0.0,0.0,0.0
1024,0.35,4,1.0,0.0,0.0,0.0
1024,0.35,5,1.0,0.0,0.0,0.0
1024,0.35,6,0.8482691051774437,0.02542212734289173,0.0564983089972404,0.1517308948225563
1024,0.35,7,1.0,0.0,0.0,0.0
1024,0.35,8,1.0,0.0,0.0,0.0
1024,0.35,9,1.0,0.0,0.0,0.0
1024,0.35,10,1.0,0.0,0.0,0.0
1024,0.35,11,1.0,0.0,0.0,0.0
1024,0.35,12,1.0,0.0,0.0,0.0
1024,0.35,13,1.0,0.0,0.0,0.0
1024,0.35,14,0.9153782376379935,0.014136705667584792,0.030652546543133763,0.08462176236200647
1024,0.35,15,1.0,0.0,0.0,0.0
1024,0.35,16,0.8196010122657635,0.031786290193272615,0.06580384157341385,0.18039898773423646
1024,0.35,17,1.0,0.0,0.0,0.0
1024,0.35,18,0.7698444596322543,0.027300134648829633,0.10770178246619183,0.23015554036774566
1024,0.35,19,1.0,0.0,0.0,0.0
1024,0.35,20,1.0,0.0,0.0,0.0
1024,0.35,21,1.0,0.0,0.0,0.0
1024,0.35,22,1.0,0.0,0.0,0.0
1024,0.35,23,1.0,0.0,0.0,0.0
1024,0.35,24,0.8359581097678552,0.02847719068594906,0.05998638845322568,0.16404189023214477
1024,0.35,25,1.0,0.0,0.0,0.0
1024,0.35,26,1.0,0.0,0.0,0.0
1024,0.35,27,1.0,0.0,0.0,0.0
1024,0.35,28,1.0,0.0,0.0,0.0
1024,0.35,29,0.9521212187929683,0.007463905798311632,0.01787402257907239,0.047878781207031706
1024,0.35,30,1.0,0.0,0.0,0.0
1024,0.35,31,1.0,0.0,0.0,0.0
1024,0.35,32,1.0,0.0,0.0,0.0
1024,0.35,33,1.0,0.0,0.0,0.0
1024,0.35,34,1.0,0.0,0.0,0.0
1024,0.35,35,1.0,0.0,0.0,0.0
1024,0.35,36,1.0,0.0,0.0,0.0
1024,0.35,37,0.8538094345249809,0.025450103207905417,0.05291957966254346,0.14619056547501907
1024,0.35,38,1.0,0.0,0.0,0.0
1024,0.35,39,1.0,0.0,0.0,0.0
1024,0.35,40,1.0,0.0,0.0,0.0
1024,0.35,41,1.0,0.0,0.0,0.0
1024,0.35,42,1.0,0.0,0.0,0.0
1024,0.35,43,0.8167282089233167,0.029608163495993822,0.07086893933331068,0.18327179107668334
1024,0.35,44,1.0,0.0,0.0,0.0
1024,0.35,45,1.0,0.0,0.0,0.0
1024,0.35,46,0.7900182408697624,0.025213795166580566,0.09690014051871193,0.20998175913023764
1024,0.35,47,1.0,0.0,0.0,0.0
1024,0.35,48,1.0,0.0,0.0,0.0
1024,0.35,49,1.0,0.0,0.0,0.0
1024,0.35,50,1.0,0.0,0.0,0.0
1024,0.35,51,1.0,0.0,0.0,0.0
1024,0.35,52,1.0,0.0,0.0,0.0
1024,0.35,53,0.9595570181418227,0.004748656323765532,0.017721921792068884,0.040442981858177296
1024,0.35,54,1.0,0.0,0.0,0.0
1024,0.35,55,0.9697490147624979,0.004866130320553885,0.01098513116725408,0.030250985237502137
1024,0.35,56,1.0,0.0,0.0,0.0
1024,0.35,57,1.0,0.0,0.0,0.0
1024,0.35,58,1.0,0.0,0.0,0.0
1024,0.35,59,0.9047454497953609,0.013804060890995895,0.03792399607667074,0.09525455020463913
1024,0.35,60,1.0,0.0,0.0,0.0
1024,0.35,61,1.0,0.0,0.0,0.0
1024,0.35,62,0.9371188086848854,0.011139844312110347,0.021664135684656527,0.0628811913151146
1024,0.35,63,1.0,0.0,0.0,0.0
1024,0.35,64,1.0,0.0,0.0,0.0
1024,0.35,65,0.9799366756328889,0.0038763045372441907,0.006358153219777896,0.020063324367111113
1024,0.35,66,1.0,0.0,0.0,0.0
1024,0.35,67,1.0,0.0,0.0,0.0
1024,0.35,68,1.0,0.0,0.0,0.0
1024,0.35,69,1.0,0.0,0.0,0.0
1024,0.35,70,1.0,0.0,0.0,0.0
1024,0.35,71,1.0,0.0,0.0,0.0
1024,0.35,72,1.0,0.0,0.0,0.0
1024,0.35,73,1.0,0.0,0.0,0.0
1024,0.35,74,1.0,0.0,0.0,0.0
1024,0.35,75,0.9613780430448646,0.005382757393228466,0.015390518638437878,0.03862195695513537
1024,0.35,76,1.0,0.0,0.0,0.0
1024,0.35,77,0.8211012229269635,0.025581236640848715,0.07430474979825075,0.17889877707303647
1024,0.35,78,0.9871444357740842,0.0024046189482173075,0.004163511999131619,0.012855564225915828
1024,0.35,79,0.8441470629963213,0.030704769133258036,0.05183781455583464,0.15585293700367875
1024,0.35,80,0.6218668057031062,0.053981063650757166,0.17212493197249285,0.37813319429689385
1024,0.35,81,1.0,0.0,0.0,0.0
1024,0.35,82,1.0,0.0,0.0,0.0
1024,0.35,83,1.0,0.0,0.0,0.0
1024,0.35,84,1.0,0.0,0.0,0.0
1024,0.35,85,0.9703367662746823,0.004840928604554762,0.010665873562870742,0.02966323372531765
1024,0.35,86,1.0,0.0,0.0,0.0
1024,0.35,87,1.0,0.0,0.0,0.0
1024,0.35,88,1.0,0.0,0.0,0.0
1024,0.35,89,1.0,0.0,0.0,0.0
1024,0.35,90,1.0,0.0,0.0,0.0
1024,0.35,91,0.9787613177435454,0.0033584441639176177,0.0077715995513596425,0.021238682256454644
1024,0.35,92,1.0,0.0,0.0,0.0
1024,0.35,93,1.0,0.0,0.0,0.0
1024,0.35,94,1.0,0.0,0.0,0.0
1024,0.35,95,1.0,0.0,0.0,0.0
1024,0.35,96,1.0,0.0,0.0,0.0
1024,0.35,97,1.0,0.0,0.0,0.0
1024,0.35,98,1.0,0.0,0.0,0.0
1024,0.35,99,0.9970082419499342,0.0004241429475731473,0.0011642743042420967,0.002991758050065796
1024,0.3819660112501051,0,0.8661536160845904,0.01636086352607735,0.05943988690077001,0.1338463839154096
1024,0.3819660112501051,1,1.0,0.0,0.0,0.0
1024,0.3819660112501051,2,0.725545341099053,0.04433268059256523,0.1107511169063789,0.274454658900947
1024,0.3819660112501051,3,1.0,0.0,0.0,0.0
1024,0.3819660112501051,4,0.9253358642813118,0.011181337561548155,0.02889923454627208,0.07466413571868824
1024,0.3819660112501051,5,1.0,0.0,0.0,0.0
1024,0.3819660112501051,6,0.8323668411596158,0.02150438607585775,0.07355753964040229,0.1676331588403842
1024,0.3819660112501051,7,1.0,0.0,0.0,0.0
1024,0.3819660112501051,8,1.0,0.0,0.0,0.0
1024,0.3819660112501051,9,1.0,0.0,0.0,0.0
1024,0.3819660112501051,10,0.8070284861565045,0.028255246006228973,0.07954023490298856,0.19297151384349553
1024,0.3819660112501051,11,0.9834980666587887,0.0033339556125099312,0.005038659102558685,0.016501933341211306
1024,0.3819660112501051,12,0.8644905014727237,0.022072019215438665,0.05102935046219459,0.13550949852727634
1024,0.3819660112501051,13,0.9988241081405002,0.00015751037659195166,0.00047287312828769856,0.0011758918594998446
1024,0.3819660112501051,14,1.0,0.0,0.0,0.0
1024,0.3819660112501051,15,1.0,0.0,0.0,0.0
1024,0.3819660112501051,16,1.0,0.0,0.0,0.0
1024,0.3819660112501051,17,0.9013223254104005,0.013777760392393312,0.04020888283977303,0.09867767458959953
1024,0.3819660112501051,18,0.8540633019682491,0.014919145740745543,0.07090302983805552,0.1459366980317509
1024,0.3819660112501051,19,0.9386630161503249,0.008575673648446025,0.024610982803454695,0.06133698384967512
1024,0.3819660112501051,20,0.9450784056349942,0.008998502873089953,0.01990301819933238,0.054921594365005766
1024,0.3819660112501051,21,0.9543620102822985,0.007163734558642054,0.01694657358774243,0.0456379897177015
1024,0.3819660112501051,22,1.0,0.0,0.0,0.0
1024,0.3819660112501051,23,0.9344674983427367,0.009700868409791119,0.025452182523749145,0.06553250165726332
1024,0.3819660112501051,24,1.0,0.0,0.0,0.0
1024,0.3819660112501051,25,0.9821877743535348,0.003121148210323388,0.006066317425787282,0.01781222564646523
1024,0.3819660112501051,26,0.6935354777560515,0.05388831794634341,0.11912684940070684,0.3064645222439485
1024,0.3819660112501051,27,1.0,0.0,0.0,0.0
1024,0.3819660112501051,28,1.0,0.0,0.0,0.0
1024,0.3819660112501051,29,0.8309780925199249,0.026821464676870188,0.06567942933065163,0.16902190748007506
1024,0.3819660112501051,30,0.7048098988556104,0.0417729460501961,0.12978608818985593,0.2951901011443896
1024,0.3819660112501051,31,1.0,0.0,0.0,0.0
1024,0.3819660112501051,32,0.9966479693562872,0.00044548662373017356,0.0013551731847466497,0.003352030643712811
1024,0.3819660112501051,33,1.0,0.0,0.0,0.0
1024,0.3819660112501051,34,1.0,0.0,0.0,0.0
1024,0.3819660112501051,35,1.0,0.0,0.0,0.0
1024,0.3819660112501051,36,0.8811734135488666,0.014064090723921785,0.053340809093659625,0.11882658645113342
1024,0.3819660112501051,37,0.7972674259983896,0.02884254655544599,0.08530825897747024,0.20273257400161038
1024,0.3819660112501051,38,0.9646231379885928,0.004752862610348907,0.014383036969906726,0.03537686201140722
1024,0.3819660112501051,39,1.0,0.0,0.0,0.0
1024,0.3819660112501051,40,0.9129928842792062,0.011142312477584904,0.037041314804740544,0.08700711572079378
1024,0.3819660112501051,41,0.7264483436186754,0.04437535155925443,0.11005166924185328,0.2735516563813246
1024,0.3819660112501051,42,1.0,0.0,0.0,0.0
1024,0.3819660112501051,43,0.5359402125263579,0.06079509532924321,0.23009379897634707,0.46405978747364207
1024,0.3819660112501051,44,0.7477978267674478,0.044321191664120185,0.09541256268392201,0.25220217323255223
1024,0.3819660112501051,45,0.9545017729053633,0.007185292914953845,0.016827310698902975,0.04549822709463669
1024,0.3819660112501051,46,1.0,0.0,0.0,0.0
1024,0.3819660112501051,47,0.9784007006951251,0.002592209186822514,0.009295949044639373,0.02159929930487492
1024,0.3819660112501051,48,0.6795004453399768,0.04596313692085391,0.14155471929297309,0.3204995546600232
1024,0.3819660112501051,49,1.0,0.0,0.0,0.0
1024,0.3819660112501051,50,0.656463754744661,0.042758402146401364,0.16476529525206796,0.343536245255339
1024,0.3819660112501051,51,1.0,0.0,0.0,0.0
1024,0.3819660112501051,52,1.0,0.0,0.0,0.0
1024,0.3819660112501051,53,0.8682318048237326,0.017034700525466906,0.05677707043510072,0.13176819517626737
1024,0.3819660112501051,54,1.0,0.0,0.0,0.0
1024,0.3819660112501051,55,0.7663278083367194,0.03531102589341706,0.09627771484748654,0.23367219166328057
1024,0.3819660112501051,56,1.0,0.0,0.0,0.0
1024,0.3819660112501051,57,0.894065305608898,0.014599978362546895,0.04361423217460397,0.10593469439110204
1024,0.3819660112501051,58,0.8894676821793087,0.017459496597881652,0.041996655022685625,0.11053231782069128
1024,0.3819660112501051,59,0.7512585872843828,0.033517865755877174,0.10997602026709036,0.24874141271561723
1024,0.3819660112501051,60,0.9326386780342116,0.008163311396241935,0.0293177123215575,0.06736132196578837
1024,0.3819660112501051,61,0.8056985185396516,0.031719889064037665,0.07501274452142931,0.19430148146034842
1024,0.3819660112501051,62,1.0,0.0,0.0,0.0
1024,0.3819660112501051,63,1.0,0.0,0.0,0.0
1024,0.3819660112501051,64,1.0,0.0,0.0,0.0
1024,0.3819660112501051,65,1.0,0.0,0.0,0.0
1024,0.3819660112501051,66,1.0,0.0,0.0,0.0
1024,0.3819660112501051,67,0.7756734264729108,0.035173537127813626,0.09003051487116198,0.22432657352708918
1024,0.3819660112501051,68,1.0,0.0,0.0,0.0
1024,0.3819660112501051,69,1.0,0.0,0.0,0.0
1024,0.3819660112501051,70,0.8801720564504001,0.01593129485733058,0.05061489650267259,0.11982794354959991
1024,0.3819660112501051,71,1.0,0.0,0.0,0.0
1024,0.3819660112501051,72,1.0,0.0,0.0,0.0
1024,0.3819660112501051,73,1.0,0.0,0.0,0.0
1024,0.3819660112501051,74,1.0,0.0,0.0,0.0
1024,0.3819660112501051,75,0.8173661519341537,0.025635928806544805,0.07677811822587044,0.18263384806584626
1024,0.3819660112501051,76,1.0,0.0,0.0,0.0
1024,0.3819660112501051,77,0.7787032208650736,0.033864535638211846,0.08999896720185158,0.2212967791349264
1024,0.3819660112501051,78,1.0,0.0,0.0,0.0
1024,0.3819660112501051,79,0.8363473334337181,0.028679618058784162,0.059449315860398255,0.16365266656628186
1024,0.3819660112501051,80,0.9831354051412307,0.0024050524710639842,0.006574201789718237,0.016864594858769344
1024,0.3819660112501051,81,0.7481864500092782,0.035640111343358205,0.10856449811266922,0.2518135499907218
1024,0.3819660112501051,82,0.9087072055495939,0.010617112480620028,0.04093147176352452,0.09129279445040606
1024,0.3819660112501051,83,1.0,0.0,0.0,0.0
1024,0.3819660112501051,84,1.0,0.0,0.0,0.0
1024,0.3819660112501051,85,1.0,0.0,0.0,0.0
1024,0.3819660112501051,86,1.0,0.0,0.0,0.0
1024,0.3819660112501051,87,1.0,0.0,0.0,0.0
1024,0.3819660112501051,88,0.7267249612939152,0.035302023125506676,0.12480372277311341,0.2732750387060848
1024,0.3819660112501051,89,1.0,0.0,0.0,0.0
1024,0.3819660112501051,90,1.0,0.0,0.0,0.0
1024,0.3819660112501051,91,0.9404909110092187,0.009070731062224446,0.02264208169391324,0.059509088990781334
1024,0.3819660112501051,92,1.0,0.0,0.0,0.0
1024,0.3819660112501051,93,0.7119406524288454,0.04107086064972615,0.12572508220744988,0.2880593475711546
1024,0.3819660112501051,94,0.947607925409605,0.007499116746862988,0.02065971416080581,0.052392074590394966
1024,0.3819660112501051,95,1.0,0.0,0.0,0.0
1024,0.3819660112501051,96,1.0,0.0,0.0,0.0
1024,0.3819660112501051,97,1.0,0.0,0.0,0.0
1024,0.3819660112501051,98,0.8357254883970757,0.023083774305863725,0.0684910939042786,0.16427451160292428
1024,0.3819660112501051,99,0.5748968059485027,0.057194565179586654,0.20407656758907478,0.4251031940514973
1024,0.5,0,0.22769158349693924,0.0562291333917308,0.5484825372392752,0.1734825372392752
1024,0.5,1,0.35573805630075594,0.0560563393965815,0.407840437231486,0.032840437231486
1024,0.5,2,0.5182021479926077,0.04163551045862329,0.2836911356040839,0.14320214799260766
1024,0.5,3,0.5051411091097103,0.05330198737170477,0.2707838234320033,0.13014110910971033
1024,0.5,4,0.23657247307232504,0.05764424340420948,0.5349587579591794,0.15995875795917935
1024,0.5,5,0.330438048657568,0.07112452914984979,0.40364050025594006,0.044561951342432016
1024,0.5,6,0.24135182709104763,0.06426778736214583,0.5155338406888995,0.14053384068889951
1024,0.5,7,0.37667936311548816,0.08099278676041483,0.33894883018738087,0.03605116981261913
1024,0.5,8,0.23630977773779044,0.05673172092176515,0.5372269043622411,0.16222690436224108
1024,0.5,9,0.3818005603741852,0.06470570104541917,0.36387001023649446,0.011129989763505543
1024,0.5,10,0.6141401562385198,0.05388438697545134,0.17833304174721593,0.2391401562385198
1024,0.5,11,0.18625106673815622,0.05108654887551911,0.6102605137279501,0.2352605137279501
1024,0.5,12,0.39129294484352806,0.06805704625709602,0.34809096251391,0.026909037486090026
1024,0.5,13,0.18999861475395868,0.049313861823110594,0.6095431614812831,0.23454316148128307
1024,0.5,14,0.23853237362221064,0.07591128764634203,0.49601488968213814,0.13646762637778936
1024,0.5,15,0.3856826706249903,0.0556614855924179,0.37839709506273667,0.010682670624990287
1024,0.5,16,0.42254979336964915,0.06760334087421527,0.318944746914769,0.056055253085231016
1024,0.5,17,0.4840401901376701,0.0735213970395946,0.252755601727613,0.12224439827238698
1024,0.5,18,0.4090305359302828,0.05397526406276498,0.35895184042425465,0.034030535930282824
1024,0.5,19,0.39765526233483406,0.04361832795914833,0.393496612934116,0.02265526233483406
1024,0.5,20,0.3624474980552799,0.07536805803564162,0.36302011531461625,0.012868058035641616
1024,0.5,21,0.18092467613164254,0.046523638257810196,0.6272303846983308,0.2522303846983308
1024,0.5,22,0.5010232516994755,0.04639420788183407,0.28873482139233975,0.12602325169947548
1024,0.5,23,0.45287612635710606,0.05903064131088742,0.3069274010995782,0.07787612635710606
1024,0.5,24,0.26154241482284046,0.03904343377314112,0.5495861601336017,0.17458616013360173
1024,0.5,25,0.19600947113458372,0.03740698653783814,0.6305899606724092,0.25558996067240924
1024,0.5,26,0.2715795851540424,0.07309391419574657,0.4634870333365665,0.1034204148459576
1024,0.5,27,0.3829273176978432,0.08361518895168657,0.32837960163186297,0.04662039836813703
1024,0.5,28,0.2670613554471974,0.05466797523952116,0.5063163834220809,0.13131638342208085
1024,0.5,29,0.5847045093042454,0.052956980323695446,0.20355623305235598,0.20970450930424545
1024,0.5,30,0.4168688373434812,0.07693822841834569,0.30755499721630625,0.06744500278369375
1024,0.5,31,0.5125693470517493,0.06651397318092633,0.24000309546304927,0.13756934705174928
1024,0.5,32,0.847591355304534,0.020605323741598014,0.06461643901965303,0.472591355304534
1024,0.5,33,0.49522468248657747,0.07362909373636684,0.24291769740605723,0.13208230259394277
1024,0.5,34,0.5056854532531568,0.06807992929316525,0.24322194814696418,0.13177805185303582
1024,0.5,35,0.22528476240322404,0.06642181993383606,0.5301567099485117,0.15515670994851172
1024,0.5,36,0.3387896139583756,0.06022760342687605,0.4165888413350418,0.041588841335041815
1024,0.5,37,0.4490829180046101,0.04045014273266545,0.3508095580167022,0.07408291800461009
1024,0.5,38,0.46666668417054036,0.04521411911401446,0.3230078348125517,0.09166668417054036
1024,0.5,39,0.22220721997273318,0.07536472396504812,0.5164334617779968,0.15279278002726682
1024,0.5,40,0.3401605785750762,0.047466206683654144,0.44318936122331964,0.06818936122331964
1024,0.5,41,0.3909922620058729,0.057212385543346345,0.36987321622842606,0.015992262005872893
1024,0.5,42,0.22158228951958536,0.06127025968144861,0.5450958161381545,0.1700958161381545
1024,0.5,43,0.2969625407886602,0.048408335989604645,0.48724488757571394,0.11224488757571394
1024,0.5,44,0.24318064328711425,0.07702092615509892,0.4884927276423433,0.13181935671288575
1024,0.5,45,0.1958039114222042,0.04429923220568899,0.6139468361194308,0.2389468361194308
1024,0.5,46,0.43566545493693676,0.06216605263286634,0.31688588576356463,0.06066545493693676
1024,0.5,47,0.28486520184493974,0.0641917798539734,0.46626833384943667,0.09126833384943667
1024,0.5,48,0.4710666085025248,0.0719220215392497,0.26684567242300944,0.10815432757699056
1024,0.5,49,0.30805995203928577,0.08343845059906763,0.40455385400874305,0.06694004796071423
1024,0.5,50,0.29252637467916465,0.065236534211291,0.4557241494192421,0.08247362532083535
1024,0.5,51,0.23565621838186734,0.07191087840333821,0.5070418946952122,0.13934378161813266
1024,0.5,52,0.2113637337009024,0.054951157843013854,0.570834704617984,0.19583470461798402
1024,0.5,53,0.3408520128400214,0.05787156726361814,0.41937130715722604,0.044371307157226036
1024,0.5,54,0.4906196102792322,0.059083104278162435,0.27253326638129716,0.11561961027923218
1024,0.5,55,0.3280785147697258,0.05058032621263969,0.4487522033909225,0.07375220339092248
1024,0.5,56,0.6014355599549766,0.040689903230438085,0.21335680794996725,0.22643555995497655
1024,0.5,57,0.5181594275202769,0.06609322336574935,0.235959931350677,0.14315942752027688
1024,0.5,58,0.3546545663398979,0.05211305883982281,0.4175392691872367,0.04253926918723672
1024,0.5,59,0.44759379116491893,0.059753735893621984,0.310418821610828,0.07259379116491893
1024,0.5,60,0.5343297478580162,0.06872621720069327,0.21799798032469386,0.15932974785801624
1024,0.5,61,0.19199782095546836,0.03361737341878446,0.6453092562964959,0.27030925629649594
1024,0.5,62,0.35072346840055585,0.076109846706512,0.37347368677221426,0.02427653159944415
1024,0.5,63,0.5636106759047493,0.04466433363663713,0.2371842593395993,0.18861067590474934
1024,0.5,64,0.41953190379255967,0.06068839170292423,0.33505554101155094,0.04453190379255967
1024,0.5,65,0.3398612250004725,0.07125726359544904,0.3936137650071495,0.0351387749995275
1024,0.5,66,0.19203118102036226,0.05693755431407227,0.5903484306402869,0.21534843064028686
1024,0.5,67,0.3931462994441701,0.05371858322977274,0.37512079780549934,0.018146299444170122
1024,0.5,68,0.35225295723471284,0.048566502364576325,0.4280350697701425,0.053035069770142496
1024,0.5,69,0.2861179744202303,0.0743774420721307,0.4448995133160202,0.08888202557976971
1024,0.5,70,0.282094224947733,0.06125828280526002,0.4753764842392698,0.10037648423926981
1024,0.5,71,0.4387725686395425,0.06460478643114603,0.3093391446620478,0.06566085533795218
1024,0.5,72,0.25232196744570845,0.056729964377732145,0.5186259909559747,0.14362599095597472
1024,0.5,73,0.530782134177829,0.06714647105712557,0.22355093825299654,0.15578213417782905
1024,0.5,74,0.401330766960161,0.05597168958424803,0.3622770577612092,0.02633076696016101
1024,0.5,75,0.3765650378274698,0.06461582796390986,0.3692458056425204,0.005754194357479592
1024,0.5,76,0.21185761469151937,0.051047298796380425,0.5788528200714489,0.2038528200714489
1024,0.5,77,0.6182247091073045,0.04506405598081098,0.19086834342309134,0.24322470910730454
1024,0.5,78,0.29725476210767876,0.05991657804284045,0.4615044290764263,0.0865044290764263
1024,0.5,79,0.169222141205216,0.03834514188128807,0.661409302550055,0.28640930255005503
1024,0.5,80,0.3395531712186244,0.05371063365279294,0.42968829141762155,0.05468829141762155
1024,0.5,81,0.3793456282752164,0.07830678560293175,0.34104366682811016,0.03395633317188984
1024,0.5,82,0.3527931392193974,0.07287665507521396,0.3773378182836421,0.022206860780602578
1024,0.5,83,0.35675261762355803,0.0513423061555085,0.41709423608041807,0.04209423608041807
1024,0.5,84,0.3388311425848245,0.05730320664726851,0.42268234728680065,0.04768234728680065
1024,0.5,85,0.5088514179386379,0.04970058730198618,0.27473682817098466,0.13385141793863786
1024,0.5,86,0.32372167152057635,0.05191611304030286,0.45036265444415413,0.07536265444415413
1024,0.5,87,0.37009752469288515,0.07786513424465075,0.3509149082058254,0.024085091794174618
1024,0.5,88,0.4596297690178893,0.05143679724504835,0.3160513918393381,0.08462976901788932
1024,0.5,89,0.4779430359896124,0.06862157861483831,0.26646637675027485,0.10853362324972515
1024,0.5,90,0.6869532239171247,0.03645406483551361,0.1528541267415694,0.31195322391712466
1024,0.5,91,0.37648206710166193,0.07704587491149145,0.34608551612360244,0.028914483876397556
1024,0.5,92,0.3842623788254719,0.05213877602196959,0.3873996378608907,0.012399637860890711
1024,0.5,93,0.4392605968416754,0.09196429268708234,0.2627322981097003,0.11226770189029972
1024,0.5,94,0.6563654956247527,0.035501989113445986,0.17897375118473124,0.28136549562475266
1024,0.5,95,0.45206270666002046,0.05209666043319361,0.32174427291622126,0.07706270666002046
1024,0.5,96,0.526344652237672,0.04584284936779037,0.26721711965038636,0.15134465223767202
1024,0.5,97,0.48150991699440404,0.0706798445234576,0.25976233489682343,0.11523766510317657
1024,0.5,98,0.28697941686264383,0.06391517332533059,0.46449794649412224,0.08949794649412224
1024,0.5,99,0.47432404427024544,0.04882388566091134,0.30795339769723207,0.09932404427024544
1024,0.6180339887498949,0,0.11657982366527359,0.030959642991758185,0.748507371007027,0.251492628992973
1024,0.6180339887498949,1,0.02285358740857457,0.007602444451954737,0.9439313473703252,0.05606865262967475
1024,0.6180339887498949,2,0.22863480395435304,0.05649386786689459,0.5467924717155781,0.4532075282844219
1024,0.6180339887498949,3,0.06804484724358173,0.023732118257808132,0.8347911315913714,0.16520886840862858
1024,0.6180339887498949,4,0.06308365176294878,0.01969052787413389,0.8521564281416711,0.14784357185832886
1024,0.6180339887498949,5,0.0,0.0,1.0,0.0
1024,0.6180339887498949,6,0.0,0.0,1.0,0.0
1024,0.6180339887498949,7,0.0,0.0,1.0,0.0
1024,0.6180339887498949,8,0.05823619750729547,0.027608299292496974,0.8406282538514177,0.1593717461485823
1024,0.6180339887498949,9,0.0,0.0,1.0,0.0
1024,0.6180339887498949,10,0.056626351891737425,0.018444753815247794,0.8648200211273852,0.1351799788726148
1024,0.6180339887498949,11,0.027018678597132584,0.012589869553666255,0.9249163307056583,0.07508366929434174
1024,0.6180339887498949,12,0.050090521397625376,0.015631994520130754,0.8817263751502553,0.11827362484974469
1024,0.6180339887498949,13,0.0,0.0,1.0,0.0
1024,0.6180339887498949,14,0.0,0.0,1.0,0.0
1024,0.6180339887498949,15,0.0,0.0,1.0,0.0
1024,0.6180339887498949,16,0.0925343996477464,0.02743342833196688,0.7904427267430912,0.20955727325690876
1024,0.6180339887498949,17,0.0,0.0,1.0,0.0
1024,0.6180339887498949,18,0.008080124802364752,0.0028263325401852724,0.9796337302452903,0.020366269754709676
1024,0.6180339887498949,19,0.20433918799158002,0.07413859046607663,0.5405378604893073,0.4594621395106927
1024,0.6180339887498949,20,0.0,0.0,1.0,0.0
1024,0.6180339887498949,21,0.2216576726760523,0.05824066610487788,0.5513667884749984,0.4486332115250016
1024,0.6180339887498949,22,0.07382073857530069,0.02324282810840722,0.827571978403965,0.17242802159603499
1024,0.6180339887498949,23,0.07035729077070818,0.03226011237256049,0.8115457057809673,0.1884542942190327
1024,0.6180339887498949,24,0.031869216519170074,0.012464720102108084,0.9174842747454491,0.08251572525455086
1024,0.6180339887498949,25,0.008201881865512406,0.0024048596047948068,0.9805974252585352,0.019402574741464784
1024,0.6180339887498949,26,0.0,0.0,1.0,0.0
1024,0.6180339887498949,27,0.0,0.0,1.0,0.0
1024,0.6180339887498949,28,0.0,0.0,1.0,0.0
1024,0.6180339887498949,29,0.0,0.0,1.0,0.0
1024,0.6180339887498949,30,0.08625318368346196,0.030901877520079335,0.7910113905338927,0.2089886094661073
1024,0.6180339887498949,31,0.0,0.0,1.0,0.0
1024,0.6180339887498949,32,0.0,0.0,1.0,0.0
1024,0.6180339887498949,33,0.0,0.0,1.0,0.0
1024,0.6180339887498949,34,0.119535214353515,0.03323085495222172,0.738882098908198,0.261117901091802
1024,0.6180339887498949,35,0.007645487851276944,0.003020942061191134,0.979819271353773,0.020180728646226997
1024,0.6180339887498949,36,0.0,0.0,1.0,0.0
1024,0.6180339887498949,37,0.0648322666605552,0.018745037640458095,0.8520643382675974,0.14793566173240258
1024,0.6180339887498949,38,0.0,0.0,1.0,0.0
1024,0.6180339887498949,39,0.006242311222191321,0.002096506020363764,0.9844823352978075,0.015517664702192513
1024,0.6180339887498949,40,0.08583981613476849,0.02960815956784446,0.794669871606936,0.20533012839306397
1024,0.6180339887498949,41,0.0,0.0,1.0,0.0
1024,0.6180339887498949,42,0.0,0.0,1.0,0.0
1024,0.6180339887498949,43,0.0,0.0,1.0,0.0
1024,0.6180339887498949,44,0.0,0.0,1.0,0.0
1024,0.6180339887498949,45,0.0,0.0,1.0,0.0
1024,0.6180339887498949,46,0.0,0.0,1.0,0.0
1024,0.6180339887498949,47,0.0,0.0,1.0,0.0
1024,0.6180339887498949,48,0.0,0.0,1.0,0.0
1024,0.6180339887498949,49,0.041888205467341566,0.014010143035212974,0.8981839847950558,0.10181601520494421
1024,0.6180339887498949,50,0.0,0.0,1.0,0.0
1024,0.6180339887498949,51,0.0,0.0,1.0,0.0
1024,0.6180339887498949,52,0.04805746300632979,0.018048731015325115,0.8786798227511003,0.12132017724889965
1024,0.6180339887498949,53,0.0,0.0,1.0,0.0
1024,0.6180339887498949,54,0.0,0.0,1.0,0.0
1024,0.6180339887498949,55,0.0,0.0,1.0,0.0
1024,0.6180339887498949,56,0.11483577230245734,0.030758371812834584,0.7513724850732529,0.24862751492674706
1024,0.6180339887498949,57,0.06705615166014933,0.03131067937506227,0.8187127784993125,0.18128722150068755
1024,0.6180339887498949,58,0.06379018964461636,0.02560381556027924,0.8366731848831452,0.16332681511685476
1024,0.6180339887498949,59,0.0,0.0,1.0,0.0
1024,0.6180339887498949,60,0.061440400921646265,0.026290358736809738,0.8386574181159628,0.16134258188403716
1024,0.6180339887498949,61,0.11354395205415835,0.028781476328870292,0.7581250976602008,0.24187490233979925
1024,0.6180339887498949,62,0.07157217234917579,0.023828439660470768,0.8293805167371433,0.1706194832628567
1024,0.6180339887498949,63,0.0,0.0,1.0,0.0
1024,0.6180339887498949,64,0.07417958176429384,0.042941477120357174,0.7829961891005193,0.21700381089948073
1024,0.6180339887498949,65,0.011809944640393144,0.00269308595488027,0.9743632701416758,0.025636729858324214
1024,0.6180339887498949,66,0.04977770899066525,0.01780695339660887,0.8766635578695675,0.12333644213043249
1024,0.6180339887498949,67,0.003339035006627411,0.0015577461141298432,0.9905634893567203,0.00943651064327966
1024,0.6180339887498949,68,0.07171264759502427,0.0408373685841763,0.7911792685801932,0.20882073141980684
1024,0.6180339887498949,69,0.0,0.0,1.0,0.0
1024,0.6180339887498949,70,0.0,0.0,1.0,0.0
1024,0.6180339887498949,71,0.0433808127522477,0.010722253252465452,0.9048657597803618,0.09513424021963823
1024,0.6180339887498949,72,0.016393380938573954,0.005515092893708995,0.9594640069244599,0.04053599307554012
1024,0.6180339887498949,73,0.0,0.0,1.0,0.0
1024,0.6180339887498949,74,0.0,0.0,1.0,0.0
1024,0.6180339887498949,75,0.0,0.0,1.0,0.0
1024,0.6180339887498949,76,0.0,0.0,1.0,0.0
1024,0.6180339887498949,77,0.0,0.0,1.0,0.0
1024,0.6180339887498949,78,0.0,0.0,1.0,0.0
1024,0.6180339887498949,79,0.022991810774699917,0.008932427225172956,0.9402830686796771,0.05971693132032285
1024,0.6180339887498949,80,0.0,0.0,1.0,0.0
1024,0.6180339887498949,81,0.10755447170103144,0.026294646313187342,0.7726594202390771,0.22734057976092292
1024,0.6180339887498949,82,0.0,0.0,1.0,0.0
1024,0.6180339887498949,83,0.0,0.0,1.0,0.0
1024,0.6180339887498949,84,0.0,0.0,1.0,0.0
1024,0.6180339887498949,85,0.0,0.0,1.0,0.0
1024,0.6180339887498949,86,0.0,0.0,1.0,0.0
1024,0.6180339887498949,87,0.0,0.0,1.0,0.0
1024,0.6180339887498949,88,0.11580042501939553,0.04571619445357333,0.7154012630113017,0.2845987369886983
1024,0.6180339887498949,89,0.0,0.0,1.0,0.0
1024,0.6180339887498949,90,0.03118677960451799,0.014234063588611567,0.9142869574296604,0.08571304257033963
1024,0.6180339887498949,91,0.0,0.0,1.0,0.0
1024,0.6180339887498949,92,0.0,0.0,1.0,0.0
1024,0.6180339887498949,93,0.0,0.0,1.0,0.0
1024,0.6180339887498949,94,0.0,0.0,1.0,0.0
1024,0.6180339887498949,95,0.08963782584080043,0.026964753485902326,0.7956881834398083,0.2043118165601917
1024,0.6180339887498949,96,0.0,0.0,1.0,0.0
1024,0.6180339887498949,97,0.10811941918099088,0.026836140690940646,0.7704810858768995,0.22951891412310055
1024,0.6180339887498949,98,0.0,0.0,1.0,0.0
1024,0.6180339887498949,99,0.0,0.0,1.0,0.0
1024,0.65,0,0.0,0.0,1.0,0.0
1024,0.65,1,0.0012746094685756049,0.0005675604883166874,0.9964597641996337,0.0035402358003663315
1024,0.65,2,0.0,0.0,1.0,0.0
1024,0.65,3,0.0,0.0,1.0,0.0
1024,0.65,4,0.0,0.0,1.0,0.0
1024,0.65,5,0.0,0.0,1.0,0.0
1024,0.65,6,0.0,0.0,1.0,0.0
1024,0.65,7,0.0,0.0,1.0,0.0
1024,0.65,8,0.0,0.0,1.0,0.0
1024,0.65,9,0.0,0.0,1.0,0.0
1024,0.65,10,0.0,0.0,1.0,0.0
1024,0.65,11,0.0,0.0,1.0,0.0
1024,0.65,12,0.0,0.0,1.0,0.0
1024,0.65,13,0.0,0.0,1.0,0.0
1024,0.65,14,0.015796086057544456,0.004684822434294467,0.96263868257742,0.037361317422579976
1024,0.65,15,0.0,0.0,1.0,0.0
1024,0.65,16,0.0,0.0,1.0,0.0
1024,0.65,17,0.0,0.0,1.0,0.0
1024,0.65,18,0.0,0.0,1.0,0.0
1024,0.65,19,0.0,0.0,1.0,0.0
1024,0.65,20,0.0,0.0,1.0,0.0
1024,0.65,21,0.0,0.0,1.0,0.0
1024,0.65,22,0.0,0.0,1.0,0.0
1024,0.65,23,0.0,0.0,1.0,0.0
1024,0.65,24,0.0,0.0,1.0,0.0
1024,0.65,25,0.0,0.0,1.0,0.0
1024,0.65,26,0.0,0.0,1.0,0.0
1024,0.65,27,0.0,0.0,1.0,0.0
1024,0.65,28,0.0,0.0,1.0,0.0
1024,0.65,29,0.0,0.0,1.0,0.0
1024,0.65,30,0.0,0.0,1.0,0.0
1024,0.65,31,0.0,0.0,1.0,0.0
1024,0.65,32,0.0,0.0,1.0,0.0
1024,0.65,33,0.00518122258708098,0.0023377775920128685,0.985570783755719,0.014429216244280951
1024,0.65,34,0.0,0.0,1.0,0.0
1024,0.65,35,0.0,0.0,1.0,0.0
1024,0.65,36,0.0,0.0,1.0,0.0
1024,0.65,37,0.0,0.0,1.0,0.0
1024,0.65,38,0.0,0.0,1.0,0.0
1024,0.65,39,0.0,0.0,1.0,0.0
1024,0.65,40,0.0,0.0,1.0,0.0
1024,0.65,41,0.0,0.0,1.0,0.0
1024,0.65,42,0.0,0.0,1.0,0.0
1024,0.65,43,0.0,0.0,1.0,0.0
1024,0.65,44,0.0,0.0,1.0,0.0
1024,0.65,45,0.0,0.0,1.0,0.0
1024,0.65,46,0.0,0.0,1.0,0.0
1024,0.65,47,0.0,0.0,1.0,0.0
1024,0.65,48,0.0,0.0,1.0,0.0
1024,0.65,49,0.0,0.0,1.0,0.0
1024,0.65,50,0.0,0.0,1.0,0.0
1024,0.65,51,0.0,0.0,1.0,0.0
1024,0.65,52,0.0,0.0,1.0,0.0
1024,0.65,53,0.0,0.0,1.0,0.0
1024,0.65,54,0.0,0.0,1.0,0.0
1024,0.65,55,0.0,0.0,1.0,0.0
1024,0.65,56,0.0,0.0,1.0,0.0
1024,0.65,57,0.0,0.0,1.0,0.0
1024,0.65,58,0.0,0.0,1.0,0.0
1024,0.65,59,0.0,0.0,1.0,0.0
1024,0.65,60,0.10103993787216509,0.03357821212277973,0.763585072542935,0.23641492745706505
1024,0.65,61,0.06323935308955148,0.029765588838103485,0.8280353761867735,0.17196462381322652
1024,0.65,62,0.0,0.0,1.0,0.0
1024,0.65,63,0.0,0.0,1.0,0.0
1024,0.65,64,0.0,0.0,1.0,0.0
1024,0.65,65,0.055290049596798285,0.017823447313007112,0.8683799864826169,0.13162001351738306
1024,0.65,66,0.0,0.0,1.0,0.0
1024,0.65,67,0.0,0.0,1.0,0.0
1024,0.65,68,0.0,0.0,1.0,0.0
1024,0.65,69,0.0,0.0,1.0,0.0
1024,0.65,70,0.0,0.0,1.0,0.0
1024,0.65,71,0.024026973980918243,0.009657765695701204,0.9368271059692798,0.06317289403072024
1024,0.65,72,0.0,0.0,1.0,0.0
1024,0.65,73,0.019480045554020164,0.006676438115642391,0.9515938649620156,0.04840613503798441
1024,0.65,74,0.0,0.0,1.0,0.0
1024,0.65,75,0.0,0.0,1.0,0.0
1024,0.65,76,0.0,0.0,1.0,0.0
1024,0.65,77,0.0,0.0,1.0,0.0
1024,0.65,78,0.0,0.0,1.0,0.0
1024,0.65,79,0.0,0.0,1.0,0.0
1024,0.65,80,0.1004747792972912,0.04036079331935666,0.7489437741541491,0.25105622584585086
1024,0.65,81,0.0,0.0,1.0,0.0
1024,0.65,82,0.0,0.0,1.0,0.0
1024,0.65,83,0.0,0.0,1.0,0.0
1024,0.65,84,0.0,0.0,1.0,0.0
1024,0.65,85,0.0,0.0,1.0,0.0
1024,0.65,86,0.0,0.0,1.0,0.0
1024,0.65,87,0.0,0.0,1.0,0.0
1024,0.65,88,0.0,0.0,1.0,0.0
1024,0.65,89,0.0,0.0,1.0,0.0
1024,0.65,90,0.0,0.0,1.0,0.0
1024,0.65,91,0.0,0.0,1.0,0.0
1024,0.65,92,0.0,0.0,1.0,0.0
1024,0.65,93,0.0,0.0,1.0,0.0
1024,0.65,94,0.018415764337099072,0.007586317584481528,0.9509454105151136,0.04905458948488639
1024,0.65,95,0.0,0.0,1.0,0.0
1024,0.65,96,0.0,0.0,1.0,0.0
1024,0.65,97,0.0,0.0,1.0,0.0
1024,0.65,98,0.0,0.0,1.0,0.0
1024,0.65,99,0.039483023037400033,0.013801204577189585,0.9023666321580628,0.09763336784193721
1024,0.8,0,0.0,0.0,1.0,0.0
1024,0.8,1,0.0,0.0,1.0,0.0
1024,0.8,2,0.0,0.0,1.0,0.0
1024,0.8,3,0.0,0.0,1.0,0.0
1024,0.8,4,0.0,0.0,1.0,0.0
1024,0.8,5,0.0,0.0,1.0,0.0
1024,0.8,6,0.0,0.0,1.0,0.0
1024,0.8,7,0.0,0.0,1.0,0.0
1024,0.8,8,0.0,0.0,1.0,0.0
1024,0.8,9,0.0,0.0,1.0,0.0
1024,0.8,10,0.0,0.0,1.0,0.0
1024,0.8,11,0.0,0.0,1.0,0.0
1024,0.8,12,0.0,0.0,1.0,0.0
1024,0.8,13,0.0,0.0,1.0,0.0
1024,0.8,14,0.0,0.0,1.0,0.0
1024,0.8,15,0.0,0.0,1.0,0.0
1024,0.8,16,0.0,0.0,1.0,0.0
1024,0.8,17,0.0,0.0,1.0,0.0
1024,0.8,18,0.0,0.0,1.0,0.0
1024,0.8,19,0.0,0.0,1.0,0.0
1024,0.8,20,0.0,0.0,1.0,0.0
1024,0.8,21,0.0,0.0,1.0,0.0
1024,0.8,22,0.0,0.0,1.0,0.0
1024,0.8,23,0.0,0.0,1.0,0.0
1024,0.8,24,0.0,0.0,1.0,0.0
1024,0.8,25,0.0,0.0,1.0,0.0
1024,0.8,26,0.0,0.0,1.0,0.0
1024,0.8,27,0.0,0.0,1.0,0.0
1024,0.8,28,0.0,0.0,1.0,0.0
1024,0.8,29,0.0,0.0,1.0,0.0
1024,0.8,30,0.0,0.0,1.0,0.0
1024,0.8,31,0.0,0.0,1.0,0.0
1024,0.8,32,0.0,0.0,1.0,0.0
1024,0.8,33,0.0,0.0,1.0,0.0
1024,0.8,34,0.0,0.0,1.0,0.0
1024,0.8,35,0.0,0.0,1.0,0.0
1024,0.8,36,0.0,0.0,1.0,0.0
1024,0.8,37,0.0,0.0,1.0,0.0
1024,0.8,38,0.0,0.0,1.0,0.0
1024,0.8,39,0.0,0.0,1.0,0.0
1024,0.8,40,0.0,0.0,1.0,0.0
1024,0.8,41,0.0,0.0,1.0,0.0
1024,0.8,42,0.0,0.0,1.0,0.0
1024,0.8,43,0.0,0.0,1.0,0.0
1024,0.8,44,0.0,0.0,1.0,0.0
1024,0.8,45,0.0,0.0,1.0,0.0
1024,0.8,46,0.0,0.0,1.0,0.0
1024,0.8,47,0.0,0.0,1.0,0.0
1024,0.8,48,0.0,0.0,1.0,0.0
1024,0.8,49,0.0,0.0,1.0,0.0
1024,0.8,50,0.0,0.0,1.0,0.0
1024,0.8,51,0.0,0.0,1.0,0.0
1024,0.8,52,0.0,0.0,1.0,0.0
1024,0.8,53,0.0,0.0,1.0,0.0
1024,0.8,54,0.0,0.0,1.0,0.0
1024,0.8,55,0.0,0.0,1.0,0.0
1024,0.8,56,0.0,0.0,1.0,0.0
1024,0.8,57,0.0,0.0,1.0,0.0
1024,0.8,58,0.0,0.0,1.0,0.0
1024,0.8,59,0.0,0.0,1.0,0.0
1024,0.8,60,0.0,0.0,1.0,0.0
1024,0.8,61,0.0,0.0,1.0,0.0
1024,0.8,62,0.0,0.0,1.0,0.0
1024,0.8,63,0.0,0.0,1.0,0.0
1024,0.8,64,0.0,0.0,1.0,0.0
1024,0.8,65,0.0,0.0,1.0,0.0
1024,0.8,66,0.0,0.0,1.0,0.0
1024,0.8,67,0.0,0.0,1.0,0.0
1024,0.8,68,0.0,0.0,1.0,0.0
1024,0.8,69,0.0,0.0,1.0,0.0
1024,0.8,70,0.0,0.0,1.0,0.0
1024,0.8,71,0.0,0.0,1.0,0.0
1024,0.8,72,0.0,0.0,1.0,0.0
1024,0.8,73,0.0,0.0,1.0,0.0
1024,0.8,74,0.0,0.0,1.0,0.0
1024,0.8,75,0.0,0.0,1.0,0.0
1024,0.8,76,0.0,0.0,1.0,0.0
1024,0.8,77,0.0,0.0,1.0,0.0
1024,0.8,78,0.0,0.0,1.0,0.0
1024,0.8,79,0.0,0.0,1.0,0.0
1024,0.8,80,0.0,0.0,1.0,0.0
1024,0.8,81,0.0,0.0,1.0,0.0
1024,0.8,82,0.0,0.0,1.0,0.0
1024,0.8,83,0.0,0.0,1.0,0.0
1024,0.8,84,0.0,0.0,1.0,0.0
1024,0.8,85,0.0,0.0,1.0,0.0
1024,0.8,86,0.0,0.0,1.0,0.0
1024,0.8,87,0.0,0.0,1.0,0.0
1024,0.8,88,0.0,0.0,1.0,0.0
1024,0.8,89,0.0,0.0,1.0,0.0
1024,0.8,90,0.0,0.0,1.0,0.0
1024,0.8,91,0.0,0.0,1.0,0.0
1024,0.8,92,0.0,0.0,1.0,0.0
1024,0.8,93,0.0,0.0,1.0,0.0
1024,0.8,94,0.0,0.0,1.0,0.0
1024,0.8,95,0.0,0.0,1.0,0.0
1024,0.8,96,0.0,0.0,1.0,0.0
1024,0.8,97,0.0,0.0,1.0,0.0
1024,0.8,98,0.0,0.0,1.0,0.0
1024,0.8,99,0.0,0.0,1.0,0.0
4096,0.2,0,1.0,0.0,0.0,0.0
4096,0.2,1,1.0,0.0,0.0,0.0
4096,0.2,2,1.0,0.0,0.0,0.0
4096,0.2,3,1.0,0.0,0.0,0.0
4096,0.2,4,1.0,0.0,0.0,0.0
4096,0.2,5,1.0,0.0,0.0,0.0
4096,0.2,6,1.0,0.0,0.0,0.0
4096,0.2,7,1.0,0.0,0.0,0.0
4096,0.2,8,1.0,0.0,0.0,0.0
4096,0.2,9,1.0,0.0,0.0,0.0
4096,0.2,10,1.0,0.0,0.0,0.0
4096,0.2,11,1.0,0.0,0.0,0.0
4096,0.2,12,1.0,0.0,0.0,0.0
4096,0.2,13,1.0,0.0,0.0,0.0
4096,0.2,14,1.0,0.0,0.0,0.0
4096,0.2,15,1.0,0.0,0.0,0.0
4096,0.2,16,1.0,0.0,0.0,0.0
4096,0.2,17,1.0,0.0,0.0,0.0
4096,0.2,18,1.0,0.0,0.0,0.0
4096,0.2,19,1.0,0.0,0.0,0.0
4096,0.2,20,1.0,0.0,0.0,0.0
4096,0.2,21,1.0,0.0,0.0,0.0
4096,0.2,22,1.0,0.0,0.0,0.0
4096,0.2,23,1.0,0.0,0.0,0.0
4096,0.2,24,1.0,0.0,0.0,0.0
4096,0.2,25,1.0,0.0,0.0,0.0
4096,0.2,26,1.0,0.0,0.0,0.0
4096,0.2,27,1.0,0.0,0.0,0.0
4096,0.2,28,1.0,0.0,0.0,0.0
4096,0.2,29,1.0,0.0,0.0,0.0
4096,0.2,30,1.0,0.0,0.0,0.0
4096,0.2,31,1.0,0.0,0.0,0.0
4096,0.2,32,1.0,0.0,0.0,0.0
4096,0.2,33,1.0,0.0,0.0,0.0
4096,0.2,34,1.0,0.0,0.0,0.0
4096,0.2,35,1.0,0.0,0.0,0.0
4096,0.2,36,1.0,0.0,0.0,0.0
4096,0.2,37,1.0,0.0,0.0,0.0
4096,0.2,38,1.0,0.0,0.0,0.0
4096,0.2,39,1.0,0.0,0.0,0.0
4096,0.2,40,1.0,0.0,0.0,0.0
4096,0.2,41,1.0,0.0,0.0,0.0
4096,0.2,42,1.0,0.0,0.0,0.0
4096,0.2,43,1.0,0.0,0.0,0.0
4096,0.2,44,1.0,0.0,0.0,0.0
4096,0.2,45,1.0,0.0,0.0,0.0
4096,0.2,46,1.0,0.0,0.0,0.0
4096,0.2,47,1.0,0.0,0.0,0.0
4096,0.2,48,1.0,0.0,0.0,0.0
4096,0.2,49,1.0,0.0,0.0,0.0
4096,0.2,50,1.0,0.0,0.0,0.0
4096,0.2,51,1.0,0.0,0.0,0.0
4096,0.2,52,1.0,0.0,0.0,0.0
4096,0.2,53,1.0,0.0,0.0,0.0
4096,0.2,54,1.0,0.0,0.0,0.0
4096,0.2,55,1.0,0.0,0.0,0.0
4096,0.2,56,1.0,0.0,0.0,0.0
4096,0.2,57,1.0,0.0,0.0,0.0
4096,0.2,58,1.0,0.0,0.0,0.0
4096,0.2,59,1.0,0.0,0.0,0.0
4096,0.2,60,1.0,0.0,0.0,0.0
4096,0.2,61,1.0,0.0,0.0,0.0
4096,0.2,62,1.0,0.0,0.0,0.0
4096,0.2,63,1.0,0.0,0.0,0.0
4096,0.2,64,1.0,0.0,0.0,0.0
4096,0.2,65,1.0,0.0,0.0,0.0
4096,0.2,66,1.0,0.0,0.0,0.0
4096,0.2,67,1.0,0.0,0.0,0.0
4096,0.2,68,1.0,0.0,0.0,0.0
4096,0.2,69,1.0,0.0,0.0,0.0
4096,0.2,70,1.0,0.0,0.0,0.0
4096,0.2,71,1.0,0.0,0.0,0.0
4096,0.2,72,1.0,0.0,0.0,0.0
4096,0.2,73,1.0,0.0,0.0,0.0
4096,0.2,74,1.0,0.0,0.0,0.0
4096,0.2,75,1.0,0.0,0.0,0.0
4096,0.2,76,1.0,0.0,0.0,0.0
4096,0.2,77,1.0,0.0,0.0,0.0
4096,0.2,78,1.0,0.0,0.0,0.0
4096,0.2,79,1.0,0.0,0.0,0.0
4096,0.2,80,1.0,0.0,0.0,0.0
4096,0.2,81,1.0,0.0,0.0,0.0
4096,0.2,82,1.0,0.0,0.0,0.0
4096,0.2,83,1.0,0.0,0.0,0.0
4096,0.2,84,1.0,0.0,0.0,0.0
4096,0.2,85,1.0,0.0,0.0,0.0
4096,0.2,86,1.0,0.0,0.0,0.0
4096,0.2,87,1.0,0.0,0.0,0.0
4096,0.2,88,1.0,0.0,0.0,0.0
4096,0.2,89,1.0,0.0,0.0,0.0
4096,0.2,90,1.0,0.0,0.0,0.0
4096,0.2,91,1.0,0.0,0.0,0.0
4096,0.2,92,1.0,0.0,0.0,0.0
4096,0.2,93,1.0,0.0,0.0,0.0
4096,0.2,94,1.0,0.0,0.0,0.0
4096,0.2,95,1.0,0.0,0.0,0.0
4096,0.2,96,1.0,0.0,0.0,0.0
4096,0.2,97,1.0,0.0,0.0,0.0
4096,0.2,98,1.0,0.0,0.0,0.0
4096,0.2,99,1.0,0.0,0.0,0.0
4096,0.35,0,1.0,0.0,0.0,0.0
4096,0.35,1,0.9078134651135915,0.013521810913580956,0.036392710377272264,0.09218653488640849
4096,0.35,2,1.0,0.0,0.0,0.0
4096,0.35,3,1.0,0.0,0.0,0.0
4096,0.35,4,1.0,0.0,0.0,0.0
4096,0.35,5,1.0,0.0,0.0,0.0
4096,0.35,6,1.0,0.0,0.0,0.0
4096,0.35,7,1.0,0.0,0.0,0.0
4096,0.35,8,1.0,0.0,0.0,0.0
4096,0.35,9,1.0,0.0,0.0,0.0
4096,0.35,10,1.0,0.0,0.0,0.0
4096,0.35,11,1.0,0.0,0.0,0.0
4096,0.35,12,1.0,0.0,0.0,0.0
4096,0.35,13,1.0,0.0,0.0,0.0
4096,0.35,14,1.0,0.0,0.0,0.0
4096,0.35,15,1.0,0.0,0.0,0.0
4096,0.35,16,1.0,0.0,0.0,0.0
4096,0.35,17,1.0,0.0,0.0,0.0
4096,0.35,18,1.0,0.0,0.0,0.0
4096,0.35,19,1.0,0.0,0.0,0.0
4096,0.35,20,1.0,0.0,0.0,0.0
4096,0.35,21,1.0,0.0,0.0,0.0
4096,0.35,22,1.0,0.0,0.0,0.0
4096,0.35,23,1.0,0.0,0.0,0.0
4096,0.35,24,1.0,0.0,0.0,0.0
4096,0.35,25,1.0,0.0,0.0,0.0
4096,0.35,26,1.0,0.0,0.0,0.0
4096,0.35,27,1.0,0.0,0.0,0.0
4096,0.35,28,1.0,0.0,0.0,0.0
4096,0.35,29,1.0,0.0,0.0,0.0
4096,0.35,30,1.0,0.0,0.0,0.0
4096,0.35,31,1.0,0.0,0.0,0.0
4096,0.35,32,1.0,0.0,0.0,0.0
4096,0.35,33,1.0,0.0,0.0,0.0
4096,0.35,34,1.0,0.0,0.0,0.0
4096,0.35,35,1.0,0.0,0.0,0.0
4096,0.35,36,1.0,0.0,0.0,0.0
4096,0.35,37,1.0,0.0,0.0,0.0
4096,0.35,38,1.0,0.0,0.0,0.0
4096,0.35,39,1.0,0.0,0.0,0.0
4096,0.35,40,1.0,0.0,0.0,0.0
4096,0.35,41,1.0,0.0,0.0,0.0
4096,0.35,42,1.0,0.0,0.0,0.0
4096,0.35,43,1.0,0.0,0.0,0.0
4096,0.35,44,1.0,0.0,0.0,0.0
4096,0.35,45,1.0,0.0,0.0,0.0
4096,0.35,46,1.0,0.0,0.0,0.0
4096,0.35,47,1.0,0.0,0.0,0.0
4096,0.35,48,1.0,0.0,0.0,0.0
4096,0.35,49,1.0,0.0,0.0,0.0
4096,0.35,50,1.0,0.0,0.0,0.0
4096,0.35,51,1.0,0.0,0.0,0.0
4096,0.35,52,1.0,0.0,0.0,0.0
4096,0.35,53,1.0,0.0,0.0,0.0
4096,0.35,54,1.0,0.0,0.0,0.0
4096,0.35,55,1.0,0.0,0.0,0.0
4096,0.35,56,1.0,0.0,0.0,0.0
4096,0.35,57,1.0,0.0,0.0,0.0
4096,0.35,58,1.0,0.0,0.0,0.0
4096,0.35,59,1.0,0.0,0.0,0.0
4096,0.35,60,1.0,0.0,0.0,0.0
4096,0.35,61,1.0,0.0,0.0,0.0
4096,0.35,62,1.0,0.0,0.0,0.0
4096,0.35,63,0.9473403984663751,0.007298538561694212,0.02116622626981468,0.05265960153362492
4096,0.35,64,1.0,0.0,0.0,0.0
4096,0.35,65,1.0,0.0,0.0,0.0
4096,0.35,66,1.0,0.0,0.0,0.0
4096,0.35,67,1.0,0.0,0.0,0.0
4096,0.35,68,1.0,0.0,0.0,0.0
4096,0.35,69,1.0,0.0,0.0,0.0
4096,0.35,70,1.0,0.0,0.0,0.0
4096,0.35,71,1.0,0.0,0.0,0.0
4096,0.35,72,1.0,0.0,0.0,0.0
4096,0.35,73,1.0,0.0,0.0,0.0
4096,0.35,74,1.0,0.0,0.0,0.0
4096,0.35,75,1.0,0.0,0.0,0.0
4096,0.35,76,1.0,0.0,0.0,0.0
4096,0.35,77,1.0,0.0,0.0,0.0
4096,0.35,78,1.0,0.0,0.0,0.0
4096,0.35,79,1.0,0.0,0.0,0.0
4096,0.35,80,1.0,0.0,0.0,0.0
4096,0.35,81,1.0,0.0,0.0,0.0
4096,0.35,82,1.0,0.0,0.0,0.0
4096,0.35,83,1.0,0.0,0.0,0.0
4096,0.35,84,1.0,0.0,0.0,0.0
4096,0.35,85,1.0,0.0,0.0,0.0
4096,0.35,86,1.0,0.0,0.0,0.0
4096,0.35,87,1.0,0.0,0.0,0.0
4096,0.35,88,1.0,0.0,0.0,0.0
4096,0.35,89,1.0,0.0,0.0,0.0
4096,0.35,90,1.0,0.0,0.0,0.0
4096,0.35,91,1.0,0.0,0.0,0.0
4096,0.35,92,1.0,0.0,0.0,0.0
4096,0.35,93,1.0,0.0,0.0,0.0
4096,0.35,94,1.0,0.0,0.0,0.0
4096,0.35,95,1.0,0.0,0.0,0.0
4096,0.35,96,1.0,0.0,0.0,0.0
4096,0.35,97,1.0,0.0,0.0,0.0
4096,0.35,98,1.0,0.0,0.0,0.0
4096,0.35,99,1.0,0.0,0.0,0.0
4096,0.3819660112501051,0,0.8278417456609547,0.025008779077477228,0.07065599616933788,0.1721582543390453
4096,0.3819660112501051,1,0.9543898150312702,0.006318482633921485,0.018288413399927705,0.04561018496872982
4096,0.3819660112501051,2,0.9780455964748586,0.002794385292535506,0.00915553659345808,0.02195440352514144
4096,0.3819660112501051,3,1.0,0.0,0.0,0.0
4096,0.3819660112501051,4,1.0,0.0,0.0,0.0
4096,0.3819660112501051,5,1.0,0.0,0.0,0.0
4096,0.3819660112501051,6,0.8964615489167563,0.013712630668501424,0.04355026643158344,0.10353845108324367
4096,0.3819660112501051,7,1.0,0.0,0.0,0.0
4096,0.3819660112501051,8,0.8701896016895495,0.01959224690317285,0.05115444026778976,0.1298103983104505
4096,0.3819660112501051,9,0.9233946750963736,0.011595412788483417,0.0294781422485606,0.07660532490362637
4096,0.3819660112501051,10,1.0,0.0,0.0,0.0
4096,0.3819660112501051,11,1.0,0.0,0.0,0.0
4096,0.3819660112501051,12,0.9775657243040284,0.0035815870548836504,0.008161503951476579,0.02243427569597156
4096,0.3819660112501051,13,1.0,0.0,0.0,0.0
4096,0.3819660112501051,14,1.0,0.0,0.0,0.0
4096,0.3819660112501051,15,1.0,0.0,0.0,0.0
4096,0.3819660112501051,16,1.0,0.0,0.0,0.0
4096,0.3819660112501051,17,0.9388962926313391,0.008048527130163463,0.025365467534479713,0.06110370736866089
4096,0.3819660112501051,18,0.9696496214736471,0.004553170850470689,0.011528578207207485,0.030350378526352917
4096,0.3819660112501051,19,0.9021633461724278,0.014799135332029645,0.03799296089384474,0.09783665382757223
4096,0.3819660112501051,20,1.0,0.0,0.0,0.0
4096,0.3819660112501051,21,0.9904861631681818,0.0013603443234174173,0.0036924527119537864,0.009513836831818168
4096,0.3819660112501051,22,0.9194123496766455,0.01170096560591699,0.031859780468767696,0.08058765032335446
4096,0.3819660112501051,23,1.0,0.0,0.0,0.0
4096,0.3819660112501051,24,1.0,0.0,0.0,0.0
4096,0.3819660112501051,25,0.9243317377672396,0.011995196671112096,0.02826650847482909,0.07566826223276035
4096,0.3819660112501051,26,0.959306590186483,0.0060624687614713735,0.015588145847749979,0.04069340981351699
4096,0.3819660112501051,27,0.7996614003332756,0.026855761260803468,0.08702241450630505,0.2003385996667244
4096,0.3819660112501051,28,1.0,0.0,0.0,0.0
4096,0.3819660112501051,29,0.9290657497516558,0.009012824005847409,0.030145658450454083,0.07093425024834421
4096,0.3819660112501051,30,1.0,0.0,0.0,0.0
4096,0.3819660112501051,31,0.8426320279818277,0.02389295480709064,0.06251892821529265,0.15736797201817232
4096,0.3819660112501051,32,1.0,0.0,0.0,0.0
4096,0.3819660112501051,33,0.9539164375716126,0.007420406640240573,0.016832300448434034,0.0460835624283874
4096,0.3819660112501051,34,1.0,0.0,0.0,0.0
4096,0.3819660112501051,35,0.9404713479711099,0.008159834611614403,0.024144677713949236,0.05952865202889013
4096,0.3819660112501051,36,0.9504376591033569,0.006211059360131221,0.0210543341439694,0.04956234089664313
4096,0.3819660112501051,37,0.8370377421459516,0.021903081743132602,0.06961068280070704,0.1629622578540484
4096,0.3819660112501051,38,0.7833649920782768,0.03194098472439394,0.0898592484638735,0.2166350079217232
4096,0.3819660112501051,39,0.9951387619311243,0.0006462360176724413,0.0019661011268735096,0.004861238068875728
4096,0.3819660112501051,40,1.0,0.0,0.0,0.0
4096,0.3819660112501051,41,1.0,0.0,0.0,0.0
4096,0.3819660112501051,42,0.9698832891030162,0.004136447247226893,0.012065493761338364,0.030116710896983756
4096,0.3819660112501051,43,0.9605684473799642,0.005893244781797313,0.015067339041420325,0.03943155262003584
4096,0.3819660112501051,44,0.944899596339167,0.008069316899587786,0.021452366322720462,0.05510040366083302
4096,0.3819660112501051,45,0.961081635825415,0.005489163144006992,0.015401385638920961,0.03891836417458505
4096,0.3819660112501051,46,1.0,0.0,0.0,0.0
4096,0.3819660112501051,47,1.0,0.0,0.0,0.0
4096,0.3819660112501051,48,1.0,0.0,0.0,0.0
4096,0.3819660112501051,49,0.9814425563165158,0.0028591807215556653,0.006898628634750881,0.01855744368348422
4096,0.3819660112501051,50,1.0,0.0,0.0,0.0
4096,0.3819660112501051,51,1.0,0.0,0.0,0.0
4096,0.3819660112501051,52,1.0,0.0,0.0,0.0
4096,0.3819660112501051,53,1.0,0.0,0.0,0.0
4096,0.3819660112501051,54,1.0,0.0,0.0,0.0
4096,0.3819660112501051,55,1.0,0.0,0.0,0.0
4096,0.3819660112501051,56,1.0,0.0,0.0,0.0
4096,0.3819660112501051,57,0.9130399483573106,0.012650791846391396,0.0344267922830388,0.08696005164268938
4096,0.3819660112501051,58,0.9337550489051436,0.008709929283137907,0.02758083666353295,0.0662449510948564
4096,0.3819660112501051,59,1.0,0.0,0.0,0.0
4096,0.3819660112501051,60,0.8954994648029267,0.014245992328948576,0.043266672481120816,0.10450053519707325
4096,0.3819660112501051,61,0.6807455759871656,0.041994251847328024,0.14742281153605957,0.31925442401283444
4096,0.3819660112501051,62,0.9480061381193547,0.007658200470168741,0.020147268212420966,0.051993861880645253
4096,0.3819660112501051,63,0.9982513208699421,0.0002699602829228098,0.0006449298976733964,0.0017486791300579396
4096,0.3819660112501051,64,1.0,0.0,0.0,0.0
4096,0.3819660112501051,65,1.0,0.0,0.0,0.0
4096,0.3819660112501051,66,1.0,0.0,0.0,0.0
4096,0.3819660112501051,67,0.7985104539718201,0.028257192126419195,0.08542548010595502,0.20148954602817992
4096,0.3819660112501051,68,0.8823764643349125,0.016635126594190253,0.04793633070274511,0.11762353566508754
4096,0.3819660112501051,69,1.0,0.0,0.0,0.0
4096,0.3819660112501051,70,1.0,0.0,0.0,0.0
4096,0.3819660112501051,71,1.0,0.0,0.0,0.0
4096,0.3819660112501051,72,1.0,0.0,0.0,0.0
4096,0.3819660112501051,73,1.0,0.0,0.0,0.0
4096,0.3819660112501051,74,1.0,0.0,0.0,0.0
4096,0.3819660112501051,75,1.0,0.0,0.0,0.0
4096,0.3819660112501051,76,1.0,0.0,0.0,0.0
4096,0.3819660112501051,77,1.0,0.0,0.0,0.0
4096,0.3819660112501051,78,1.0,0.0,0.0,0.0
4096,0.3819660112501051,79,0.9260915937410832,0.011624778419583093,0.027728500354452235,0.07390840625891681
4096,0.3819660112501051,80,0.9820585873814056,0.002763200549217082,0.00666964702750561,0.017941412618594388
4096,0.3819660112501051,81,0.8959219834702974,0.015691559035606373,0.0406030256091478,0.10407801652970261
4096,0.3819660112501051,82,0.8957307194619721,0.01565731449901875,0.04078119780520867,0.10426928053802786
4096,0.3819660112501051,83,0.9173882441805465,0.012023222422913926,0.032640160225011317,0.08261175581945346
4096,0.3819660112501051,84,1.0,0.0,0.0,0.0
4096,0.3819660112501051,85,0.9837815880937025,0.002184352650359933,0.006537669059561768,0.01621841190629747
4096,0.3819660112501051,86,0.9103037190126976,0.010751755388113848,0.03958025941032289,0.08969628098730242
4096,0.3819660112501051,87,0.985542823312429,0.0019403934277034685,0.005835580271201235,0.01445717668757096
4096,0.3819660112501051,88,0.9605081570088754,0.005580319120821298,0.015614669262748904,0.039491842991124626
4096,0.3819660112501051,89,1.0,0.0,0.0,0.0
4096,0.3819660112501051,90,0.8655644336047016,0.018338408597727174,0.05630591957186337,0.1344355663952984
4096,0.3819660112501051,91,1.0,0.0,0.0,0.0
4096,0.3819660112501051,92,1.0,0.0,0.0,0.0
4096,0.3819660112501051,93,0.9225016933411168,0.011489712717419276,0.030216337519049896,0.07749830665888324
4096,0.3819660112501051,94,0.924896088158677,0.011001608193918266,0.029469334890848464,0.07510391184132303
4096,0.3819660112501051,95,1.0,0.0,0.0,0.0
4096,0.3819660112501051,96,1.0,0.0,0.0,0.0
4096,0.3819660112501051,97,0.9511723570010726,0.00749684958028729,0.018413374697431928,0.04882764299892739
4096,0.3819660112501051,98,1.0,0.0,0.0,0.0
4096,0.3819660112501051,99,1.0,0.0,0.0,0.0
4096,0.5,0,0.31575106131710023,0.0709205799132116,0.4194865097859177,0.059248938682899766
4096,0.5,1,0.3913060144190268,0.06283129743816046,0.35817906786612475,0.016820932133875255
4096,0.5,2,0.44631296399112164,0.058861080939734356,0.3133630834388306,0.07131296399112164
4096,0.5,3,0.3625020522439826,0.06164222630989885,0.38931454789887077,0.014314547898870766
4096,0.5,4,0.37427154762502424,0.06469426046382565,0.3713789257234746,0.0036210742765254156
4096,0.5,5,0.3585431972364694,0.06218403606036105,0.3922405444898043,0.017240544489804277
4096,0.5,6,0.3377261015635089,0.0647738987497094,0.4084481980909528,0.03727389843649109
4096,0.5,7,0.38541206773071474,0.06572596714065981,0.35831791092358983,0.016682089076410167
4096,0.5,8,0.45204092369241644,0.05771738486443506,0.3102899512665557,0.07704092369241644
4096,0.5,9,0.35973067217854426,0.05788125460032606,0.3998901072152016,0.024890107215201573
4096,0.5,10,0.30372134933057554,0.06286770008886539,0.4483587453274539,0.0733587453274539
4096,0.5,11,0.35096795865875,0.05859974588232658,0.40736751684206074,0.03236751684206074
4096,0.5,12,0.3534677629015135,0.06543437140913083,0.3909228725202958,0.021532237098486506
4096,0.5,13,0.5142395671334075,0.06420529820514076,0.24257007363199873,0.13923956713340746
4096,0.5,14,0.31577409174464693,0.06348032541112841,0.43416543326290824,0.059225908255353066
4096,0.5,15,0.4111981356653194,0.06265326241749075,0.33918882644786397,0.036198135665319375
4096,0.5,16,0.4194862106695294,0.059188661615434845,0.3380848454082464,0.0444862106695294
4096,0.5,17,0.35259230619522897,0.06618903703590051,0.39033166466474056,0.022407693804771034
4096,0.5,18,0.3511971179289989,0.05661328557601841,0.41132375843376123,0.03632375843376123
4096,0.5,19,0.38938310474986415,0.06608155285229561,0.35372858682337044,0.02127141317662956
4096,0.5,20,0.3666188189403204,0.06823748685423164,0.37216242938031485,0.00838118105967961
4096,0.5,21,0.3251413539512616,0.05480096057614392,0.4424736596109202,0.06747365961092022
4096,0.5,22,0.3384870717309228,0.062246259902456025,0.41275575878855864,0.037755758788558635
4096,0.5,23,0.34634648744658536,0.05666812375018021,0.416219658355765,0.04121965835576502
4096,0.5,24,0.41391999936531354,0.07246681583374465,0.3182158298199157,0.056784170180084304
4096,0.5,25,0.23961174854957001,0.06579463135609881,0.5144740097446402,0.1394740097446402
4096,0.5,26,0.3397673837439865,0.05720119190985895,0.42192254478300917,0.04692254478300917
4096,0.5,27,0.3606136086305566,0.06279027669465548,0.38891359949280957,0.014386391369443419
4096,0.5,28,0.3739228666230199,0.06224520716167048,0.37658818447161346,0.001588184471613463
4096,0.5,29,0.3516564003806273,0.055941224050813754,0.41228554527244166,0.037285545272441656
4096,0.5,30,0.2917452638445431,0.07105681132478331,0.4450851254039321,0.08325473615545692
4096,0.5,31,0.4524579994631316,0.050750232816248686,0.3242236707686771,0.07745799946313159
4096,0.5,32,0.23339377692203955,0.06342433957463856,0.5266010825746423,0.15160108257464233
4096,0.5,33,0.38577056445027524,0.0613465560894188,0.36659558078399096,0.010770564450275244
4096,0.5,34,0.37231736623681594,0.06516075971508617,0.3724165783837044,0.0026826337631840613
4096,0.5,35,0.35574630638914995,0.06351382918246945,0.39241518175203216,0.019253693610850053
4096,0.5,36,0.34301401971239504,0.05927597228889686,0.41417558822876066,0.03917558822876066
4096,0.5,37,0.33891831984600906,0.0680213464446014,0.40080917805531346,0.036081680153990936
4096,0.5,38,0.40919399737461404,0.06723498101722103,0.33233137301321974,0.042668626986780256
4096,0.5,39,0.4006723388987644,0.068267547640809,0.338588071370225,0.03641192862977499
4096,0.5,40,0.43908429938942717,0.05303409290405531,0.3320223672599607,0.06408429938942717
4096,0.5,41,0.4234016734198879,0.05549710003449737,0.34185095427932,0.04840167341988788
4096,0.5,42,0.36362586767880606,0.0683702346851105,0.37491499243725857,0.011374132321193942
4096,0.5,43,0.3750464263811162,0.060285227427372745,0.3794255768977084,0.004425576897708394
4096,0.5,44,0.3118734772033655,0.0593352447085313,0.44691082657963577,0.07191082657963577
4096,0.5,45,0.402823441657286,0.06593734716703514,0.34092112729296087,0.03407887270703913
4096,0.5,46,0.4371688200224052,0.05671748175101815,0.3262354559803769,0.0621688200224052
4096,0.5,47,0.41495137830788686,0.06331349788074664,0.334302033935743,0.04069796606425702
4096,0.5,48,0.3792396503774664,0.07041871539173428,0.3554757180837628,0.019524281916237174
4096,0.5,49,0.5053651587972753,0.06515010802465693,0.24855758900624536,0.13036515879727528
4096,0.5,50,0.3873251229477528,0.06087159437767642,0.3660128540052192,0.012325122947752787
4096,0.5,51,0.4255644496644545,0.06280234384385697,0.3251824526523664,0.0505644496644545
4096,0.5,52,0.3794938130769939,0.07397300541799945,0.34866599655744773,0.026334003442552267
4096,0.5,53,0.4027720648539316,0.059172559903017785,0.3542780359485325,0.027772064853931577
4096,0.5,54,0.34529646870907826,0.06386019174288537,0.40243889381806563,0.029703531290921736
4096,0.5,55,0.3981286761796959,0.07034744281480898,0.33717099746051776,0.03782900253948224
4096,0.5,56,0.3051749351997227,0.06213599578436907,0.44829110613925904,0.07329110613925904
4096,0.5,57,0.37927168859082,0.0657387132734174,0.3643631931514564,0.010636806848543623
4096,0.5,58,0.33925116455227805,0.06584557025120996,0.40473454356320737,0.03574883544772195
4096,0.5,59,0.33713264815063154,0.06540172888684403,0.40781417079940774,0.03786735184936846
4096,0.5,60,0.31183530298578144,0.05528725428467218,0.45561929706166493,0.08061929706166493
4096,0.5,61,0.3738356687954378,0.06881222778422447,0.3638575064790576,0.011142493520942376
4096,0.5,62,0.34436097254427955,0.06726665081560951,0.39666145280348486,0.030639027455720447
4096,0.5,63,0.36230697597336997,0.0638540351118716,0.38506940307776816,0.012693024026630029
4096,0.5,64,0.41420540216790847,0.05522289591998231,0.35129184468839814,0.039205402167908465
4096,0.5,65,0.4256849172273709,0.0584371321647541,0.3336667598491196,0.050684917227370896
4096,0.5,66,0.32968612007246156,0.07044788803439223,0.4057203261958402,0.045313879927538436
4096,0.5,67,0.4100682420238966,0.06965302001491902,0.32699387338122665,0.04800612661877335
4096,0.5,68,0.348517107250529,0.05570430813404614,0.4160356896039089,0.04103568960390891
4096,0.5,69,0.30288704984559534,0.0636761901524508,0.447609816034763,0.07260981603476302
4096,0.5,70,0.34684274092945117,0.07476507672997168,0.37988661629480414,0.028157259070548835
4096,0.5,71,0.3595851132221244,0.05837041160425749,0.39901472501821544,0.024014725018215444
4096,0.5,72,0.3178155771940236,0.07041704111681119,0.4182664766524552,0.05718442280597641
4096,0.5,73,0.31015640686972024,0.06448465847032825,0.438138132219981,0.06484359313027976
4096,0.5,74,0.4085624011652834,0.06469501723189669,0.33776784039327507,0.037232159606724935
4096,0.5,75,0.3631297928894856,0.06310505164940833,0.3857315125500891,0.011870207110514397
4096,0.5,76,0.35097009404392393,0.06785164338995098,0.38874588718426517,0.02402990595607607
4096,0.5,77,0.3244974236394165,0.066521586639538,0.41881671733005876,0.05050257636058347
4096,0.5,78,0.38460183958217,0.061566165075265744,0.36731238088257234,0.00960183958216998
4096,0.5,79,0.334898414218464,0.06269260733719428,0.41558780174000665,0.040587801740006646
4096,0.5,80,0.4381408906283645,0.056932133367426585,0.32488283238805776,0.06314089062836448
4096,0.5,81,0.4191348711211398,0.06136068975943931,0.3341099855449995,0.044134871121139785
4096,0.5,82,0.3228333430041023,0.06396032619328607,0.4256963159639987,0.052166656995897676
4096,0.5,83,0.30272803835096385,0.06685726923499735,0.4413816325249288,0.07227196164903615
4096,0.5,84,0.42264951457333655,0.0618094400920165,0.3298784022101141,0.04764951457333655
4096,0.5,85,0.42344309713578,0.06719087113173394,0.31886879830546777,0.05613120169453223
4096,0.5,86,0.43532980940139476,0.06390958519294737,0.3138668062148006,0.06113319378519938
4096,0.5,87,0.36212281625780995,0.056370978568534125,0.4006381467977538,0.02563814679775378
4096,0.5,88,0.32536262077154915,0.0669106549090771,0.4171365214197561,0.04963737922845085
4096,0.5,89,0.40874396224009146,0.06781700211518632,0.33167014528929273,0.04332985471070727
4096,0.5,90,0.32475471509512116,0.059373225936284524,0.4331043999220243,0.05810439992202432
4096,0.5,91,0.3185576907837705,0.05333914124455086,0.452694969954909,0.07769496995490899
4096,0.5,92,0.4117860620165914,0.06192480306202475,0.3400504787212859,0.0367860620165914
4096,0.5,93,0.3770714896999914,0.06236586728435134,0.37319891697000934,0.00207148969999138
4096,0.5,94,0.3587380349427758,0.0732224536571004,0.37068632979725963,0.016261965057224215
4096,0.5,95,0.4406823492856753,0.07241785358598951,0.29337815705823733,0.08162184294176267
4096,0.5,96,0.41791021637379433,0.059107264795938086,0.3397602672101358,0.04291021637379433
4096,0.5,97,0.3492035049937271,0.06014081453025316,0.4059811926817267,0.03098119268172672
4096,0.5,98,0.4339776529626038,0.06494891585970913,0.31316833666516475,0.06183166333483525
4096,0.5,99,0.3424425327598887,0.06006187855250611,0.41313458004673975,0.03813458004673975
4096,0.6180339887498949,0,0.0,0.0,1.0,0.0
4096,0.6180339887498949,1,0.004210678372815302,0.0016616219649072672,0.9888670292783862,0.011132970721613789
4096,0.6180339887498949,2,0.016752516443305165,0.005881065997948132,0.9579367014526584,0.04206329854734159
4096,0.6180339887498949,3,0.0,0.0,1.0,0.0
4096,0.6180339887498949,4,0.06222606330423236,0.021858315342156653,0.84799206801597,0.15200793198402995
4096,0.6180339887498949,5,0.0,0.0,1.0,0.0
4096,0.6180339887498949,6,0.0,0.0,1.0,0.0
4096,0.6180339887498949,7,0.0,0.0,1.0,0.0
4096,0.6180339887498949,8,0.046854652626829085,0.01997505657950066,0.8759066090214653,0.12409339097853467
4096,0.6180339887498949,9,0.0,0.0,1.0,0.0
4096,0.6180339887498949,10,0.0,0.0,1.0,0.0
4096,0.6180339887498949,11,0.025158146004346738,0.009715498805501654,0.9348932417385243,0.06510675826147572
4096,0.6180339887498949,12,0.03978178031971741,0.01389227851570174,0.9016796910561101,0.09832030894388988
4096,0.6180339887498949,13,0.0,0.0,1.0,0.0
4096,0.6180339887498949,14,0.0,0.0,1.0,0.0
4096,0.6180339887498949,15,0.03289955471040734,0.011194832121620757,0.9191082141655498,0.08089178583445022
4096,0.6180339887498949,16,0.010171599425592426,0.0039574838879612995,0.9733519309374341,0.026648069062565893
4096,0.6180339887498949,17,0.013060380509496317,0.005180462771863847,0.9655936475120023,0.03440635248799773
4096,0.6180339887498949,18,0.0,0.0,1.0,0.0
4096,0.6180339887498949,19,0.0,0.0,1.0,0.0
4096,0.6180339887498949,20,0.040622322499737185,0.015108835536363996,0.8973329921791748,0.10266700782082516
4096,0.6180339887498949,21,0.010944240944099237,0.004176086887892172,0.9715524173999401,0.028447582600059862
4096,0.6180339887498949,22,0.0,0.0,1.0,0.0
4096,0.6180339887498949,23,0.0,0.0,1.0,0.0
4096,0.6180339887498949,24,0.0,0.0,1.0,0.0
4096,0.6180339887498949,25,0.0,0.0,1.0,0.0
4096,0.6180339887498949,26,0.0,0.0,1.0,0.0
4096,0.6180339887498949,27,0.014812166935550652,0.0061572019831457325,0.960313575538758,0.03968642446124204
4096,0.6180339887498949,28,0.022650365605599576,0.007699197881224862,0.9439894169634895,0.05601058303651052
4096,0.6180339887498949,29,0.0,0.0,1.0,0.0
4096,0.6180339887498949,30,0.048598088005612716,0.021664935837052923,0.8692326664608279,0.13076733353917214
4096,0.6180339887498949,31,0.06034090481213833,0.020146250005901978,0.855032933250205,0.14496706674979498
4096,0.6180339887498949,32,0.0,0.0,1.0,0.0
4096,0.6180339887498949,33,0.0,0.0,1.0,0.0
4096,0.6180339887498949,34,0.05884774666121112,0.022256929999309893,0.8520812352671633,0.14791876473283672
4096,0.6180339887498949,35,0.0,0.0,1.0,0.0
4096,0.6180339887498949,36,0.0,0.0,1.0,0.0
4096,0.6180339887498949,37,0.05859262214192257,0.020010124081811353,0.8579648595814393,0.1420351404185607
4096,0.6180339887498949,38,0.018876465595707492,0.005831988988899639,0.9547869165298433,0.045213083470156734
4096,0.6180339887498949,39,0.0,0.0,1.0,0.0
4096,0.6180339887498949,40,0.01091251208971078,0.0051851584616224855,0.9690922989658948,0.03090770103410523
4096,0.6180339887498949,41,0.0504721944909749,0.01709463540650963,0.8774048780890177,0.12259512191098232
4096,0.6180339887498949,42,0.0,0.0,1.0,0.0
4096,0.6180339887498949,43,0.024983153978191064,0.008842719166851976,0.937393025868138,0.062606974131862
4096,0.6180339887498949,44,0.0,0.0,1.0,0.0
4096,0.6180339887498949,45,0.0,0.0,1.0,0.0
4096,0.6180339887498949,46,0.0,0.0,1.0,0.0
4096,0.6180339887498949,47,0.0517322328836447,0.01929313907133401,0.8700385406688831,0.1299614593311169
4096,0.6180339887498949,48,0.03297495890744273,0.013207869017921758,0.9139154613143944,0.08608453868560562
4096,0.6180339887498949,49,0.018094000104253938,0.005526810716229791,0.9568155922077325,0.04318440779226751
4096,0.6180339887498949,50,0.0,0.0,1.0,0.0
4096,0.6180339887498949,51,0.012969801876012377,0.005433138000534465,0.965103704392061,0.034896295607939054
4096,0.6180339887498949,52,0.022262282714137105,0.008988485161052884,0.9413005030412696,0.058699496958730446
4096,0.6180339887498949,53,0.0,0.0,1.0,0.0
4096,0.6180339887498949,54,0.03588149525874884,0.012923461267786873,0.9101083460918646,0.08989165390813536
4096,0.6180339887498949,55,0.0,0.0,1.0,0.0
4096,0.6180339887498949,56,0.08599228769833628,0.029649711516243737,0.794351016455324,0.20564898354467598
4096,0.6180339887498949,57,0.030150530430926525,0.011334209638042936,0.9229952701258222,0.07700472987417784
4096,0.6180339887498949,58,0.0,0.0,1.0,0.0
4096,0.6180339887498949,59,0.0,0.0,1.0,0.0
4096,0.6180339887498949,60,0.0,0.0,1.0,0.0
4096,0.6180339887498949,61,0.0,0.0,1.0,0.0
4096,0.6180339887498949,62,0.0,0.0,1.0,0.0
4096,0.6180339887498949,63,0.0042566749567430895,0.001734134505428253,0.988606397419644,0.011393602580356044
4096,0.6180339887498949,64,0.0,0.0,1.0,0.0
4096,0.6180339887498949,65,0.007920212649164704,0.002979468044405187,0.9794849346421851,0.020515065357814888
4096,0.6180339887498949,66,0.047820534042153806,0.015079510853326372,0.8865316999819856,0.11346830001801445
4096,0.6180339887498949,67,0.008843407961194316,0.0033490863106482305,0.9770487730278771,0.02295122697212293
4096,0.6180339887498949,68,0.058313901687918834,0.020357033360082988,0.8575181530186023,0.14248184698139765
4096,0.6180339887498949,69,0.0,0.0,1.0,0.0
4096,0.6180339887498949,70,0.0,0.0,1.0,0.0
4096,0.6180339887498949,71,0.0,0.0,1.0,0.0
4096,0.6180339887498949,72,0.031675665326924285,0.012772165678065717,0.9170294631119256,0.08297053688807443
4096,0.6180339887498949,73,0.013391528631294225,0.005327081911200182,0.9646899662669248,0.035310033733075175
4096,0.6180339887498949,74,0.007245024186380178,0.0029850928470427918,0.9805597506668345,0.01944024933316546
4096,0.6180339887498949,75,0.0,0.0,1.0,0.0
4096,0.6180339887498949,76,0.026814718394266412,0.008571200545278712,0.935290918838183,0.06470908116181695
4096,0.6180339887498949,77,0.08040729087101384,0.020306733547445666,0.8258436107984208,0.17415638920157916
4096,0.6180339887498949,78,0.0,0.0,1.0,0.0
4096,0.6180339887498949,79,0.0,0.0,1.0,0.0
4096,0.6180339887498949,80,0.035347403862023175,0.016502547621232766,0.9022670488788521,0.09773295112114788
4096,0.6180339887498949,81,0.0,0.0,1.0,0.0
4096,0.6180339887498949,82,0.0,0.0,1.0,0.0
4096,0.6180339887498949,83,0.061575147274487596,0.023919966680997273,0.8439898671274305,0.15601013287256948
4096,0.6180339887498949,84,0.03426080495175737,0.013586060582040982,0.9109692405272591,0.08903075947274086
4096,0.6180339887498949,85,0.012238576232495635,0.004447264615438762,0.968791136715325,0.03120886328467498
4096,0.6180339887498949,86,0.0,0.0,1.0,0.0
4096,0.6180339887498949,87,0.05837722377774418,0.022862471986201116,0.851343864623285,0.14865613537671496
4096,0.6180339887498949,88,0.0006088474503106456,0.0002203221309982628,0.9984388928345167,0.0015611071654832998
4096,0.6180339887498949,89,0.010916443088841321,0.004174549841843733,0.9716008066747737,0.028399193325226335
4096,0.6180339887498949,90,0.0303119243017127,0.014012906187850227,0.9162202821817441,0.08377971781825588
4096,0.6180339887498949,91,0.0006876321521946949,0.000258886362359545,0.9982103919219412,0.0017896080780588353
4096,0.6180339887498949,92,0.0,0.0,1.0,0.0
4096,0.6180339887498949,93,0.06406963030609897,0.023750802122233294,0.8406472740573343,0.1593527259426657
4096,0.6180339887498949,94,0.06652160855844486,0.02296011738649456,0.8389269346144093,0.16107306538559074
4096,0.6180339887498949,95,0.07235368026159844,0.0240211537510433,0.8277655041685305,0.17223449583146955
4096,0.6180339887498949,96,0.02488544261406256,0.009424620098695602,0.9360562575887376,0.06394374241126244
4096,0.6180339887498949,97,0.013214730117740603,0.005360953522003498,0.9648887608508077,0.03511123914919234
4096,0.6180339887498949,98,0.0,0.0,1.0,0.0
4096,0.6180339887498949,99,0.0,0.0,1.0,0.0
4096,0.65,0,0.0,0.0,1.0,0.0
4096,0.65,1,0.0,0.0,1.0,0.0
4096,0.65,2,0.0,0.0,1.0,0.0
4096,0.65,3,0.0,0.0,1.0,0.0
4096,0.65,4,0.0,0.0,1.0,0.0
4096,0.65,5,0.0,0.0,1.0,0.0
4096,0.65,6,0.0,0.0,1.0,0.0
4096,0.65,7,0.0,0.0,1.0,0.0
4096,0.65,8,0.0,0.0,1.0,0.0
4096,0.65,9,0.0,0.0,1.0,0.0
4096,0.65,10,0.0,0.0,1.0,0.0
4096,0.65,11,0.0,0.0,1.0,0.0
4096,0.65,12,0.0,0.0,1.0,0.0
4096,0.65,13,0.0,0.0,1.0,0.0
4096,0.65,14,0.0,0.0,1.0,0.0
4096,0.65,15,0.0,0.0,1.0,0.0
4096,0.65,16,0.0033729671081478285,0.0013163587746687355,0.9911151594418335,0.008884840558166518
4096,0.65,17,0.0,0.0,1.0,0.0
4096,0.65,18,0.0,0.0,1.0,0.0
4096,0.65,19,0.0,0.0,1.0,0.0
4096,0.65,20,0.0,0.0,1.0,0.0
4096,0.65,21,0.0,0.0,1.0,0.0
4096,0.65,22,0.0,0.0,1.0,0.0
4096,0.65,23,0.0,0.0,1.0,0.0
4096,0.65,24,0.0,0.0,1.0,0.0
4096,0.65,25,0.0,0.0,1.0,0.0
4096,0.65,26,0.0,0.0,1.0,0.0
4096,0.65,27,0.0,0.0,1.0,0.0
4096,0.65,28,0.0,0.0,1.0,0.0
4096,0.65,29,0.0,0.0,1.0,0.0
4096,0.65,30,0.0,0.0,1.0,0.0
4096,0.65,31,0.0,0.0,1.0,0.0
4096,0.65,32,0.0,0.0,1.0,0.0
4096,0.65,33,0.0,0.0,1.0,0.0
4096,0.65,34,0.0,0.0,1.0,0.0
4096,0.65,35,0.0,0.0,1.0,0.0
4096,0.65,36,0.0,0.0,1.0,0.0
4096,0.65,37,0.0,0.0,1.0,0.0
4096,0.65,38,0.0,0.0,1.0,0.0
4096,0.65,39,0.0,0.0,1.0,0.0
4096,0.65,40,0.008195393728668843,0.003150786383213977,0.9786000946083848,0.02139990539161518
4096,0.65,41,0.0,0.0,1.0,0.0
4096,0.65,42,0.0,0.0,1.0,0.0
4096,0.65,43,0.0,0.0,1.0,0.0
4096,0.65,44,0.0,0.0,1.0,0.0
4096,0.65,45,0.0,0.0,1.0,0.0
4096,0.65,46,0.0,0.0,1.0,0.0
4096,0.65,47,0.0,0.0,1.0,0.0
4096,0.65,48,0.0,0.0,1.0,0.0
4096,0.65,49,0.0,0.0,1.0,0.0
4096,0.65,50,0.0,0.0,1.0,0.0
4096,0.65,51,0.0,0.0,1.0,0.0
4096,0.65,52,0.0,0.0,1.0,0.0
4096,0.65,53,0.0,0.0,1.0,0.0
4096,0.65,54,0.0,0.0,1.0,0.0
4096,0.65,55,0.0,0.0,1.0,0.0
4096,0.65,56,0.0,0.0,1.0,0.0
4096,0.65,57,0.0,0.0,1.0,0.0
4096,0.65,58,0.0,0.0,1.0,0.0
4096,0.65,59,0.0,0.0,1.0,0.0
4096,0.65,60,0.0,0.0,1.0,0.0
4096,0.65,61,0.0,0.0,1.0,0.0
4096,0.65,62,0.0,0.0,1.0,0.0
4096,0.65,63,0.0,0.0,1.0,0.0
4096,0.65,64,0.0,0.0,1.0,0.0
4096,0.65,65,0.0,0.0,1.0,0.0
4096,0.65,66,0.0,0.0,1.0,0.0
4096,0.65,67,0.0,0.0,1.0,0.0
4096,0.65,68,0.0,0.0,1.0,0.0
4096,0.65,69,0.0,0.0,1.0,0.0
4096,0.65,70,0.0,0.0,1.0,0.0
4096,0.65,71,0.0,0.0,1.0,0.0
4096,0.65,72,0.0,0.0,1.0,0.0
4096,0.65,73,0.0,0.0,1.0,0.0
4096,0.65,74,0.0,0.0,1.0,0.0
4096,0.65,75,0.0,0.0,1.0,0.0
4096,0.65,76,0.0,0.0,1.0,0.0
4096,0.65,77,0.0,0.0,1.0,0.0
4096,0.65,78,0.0,0.0,1.0,0.0
4096,0.65,79,0.0,0.0,1.0,0.0
4096,0.65,80,0.0,0.0,1.0,0.0
4096,0.65,81,0.0,0.0,1.0,0.0
4096,0.65,82,0.0,0.0,1.0,0.0
4096,0.65,83,0.0,0.0,1.0,0.0
4096,0.65,84,0.0,0.0,1.0,0.0
4096,0.65,85,0.0,0.0,1.0,0.0
4096,0.65,86,0.0,0.0,1.0,0.0
4096,0.65,87,0.0,0.0,1.0,0.0
4096,0.65,88,0.0,0.0,1.0,0.0
4096,0.65,89,0.0,0.0,1.0,0.0
4096,0.65,90,0.0,0.0,1.0,0.0
4096,0.65,91,0.0,0.0,1.0,0.0
4096,0.65,92,0.0,0.0,1.0,0.0
4096,0.65,93,0.0,0.0,1.0,0.0
4096,0.65,94,0.0,0.0,1.0,0.0
4096,0.65,95,0.0,0.0,1.0,0.0
4096,0.65,96,0.0,0.0,1.0,0.0
4096,0.65,97,0.0,0.0,1.0,0.0
4096,0.65,98,0.0,0.0,1.0,0.0
4096,0.65,99,0.0,0.0,1.0,0.0
4096,0.8,0,0.0,0.0,1.0,0.0
4096,0.8,1,0.0,0.0,1.0,0.0
4096,0.8,2,0.0,0.0,1.0,0.0
4096,0.8,3,0.0,0.0,1.0,0.0
4096,0.8,4,0.0,0.0,1.0,0.0
4096,0.8,5,0.0,0.0,1.0,0.0
4096,0.8,6,0.0,0.0,1.0,0.0
4096,0.8,7,0.0,0.0,1.0,0.0
4096,0.8,8,0.0,0.0,1.0,0.0
4096,0.8,9,0.0,0.0,1.0,0.0
4096,0.8,10,0.0,0.0,1.0,0.0
4096,0.8,11,0.0,0.0,1.0,0.0
4096,0.8,12,0.0,0.0,1.0,0.0
4096,0.8,13,0.0,0.0,1.0,0.0
4096,0.8,14,0.0,0.0,1.0,0.0
4096,0.8,15,0.0,0.0,1.0,0.0
4096,0.8,16,0.0,0.0,1.0,0.0
4096,0.8,17,0.0,0.0,1.0,0.0
4096,0.8,18,0.0,0.0,1.0,0.0
4096,0.8,19,0.0,0.0,1.0,0.0
4096,0.8,20,0.0,0.0,1.0,0.0
4096,0.8,21,0.0,0.0,1.0,0.0
4096,0.8,22,0.0,0.0,1.0,0.0
4096,0.8,23,0.0,0.0,1.0,0.0
4096,0.8,24,0.0,0.0,1.0,0.0
4096,0.8,25,0.0,0.0,1.0,0.0
4096,0.8,26,0.0,0.0,1.0,0.0
4096,0.8,27,0.0,0.0,1.0,0.0
4096,0.8,28,0.0,0.0,1.0,0.0
4096,0.8,29,0.0,0.0,1.0,0.0
4096,0.8,30,0.0,0.0,1.0,0.0
4096,0.8,31,0.0,0.0,1.0,0.0
4096,0.8,32,0.0,0.0,1.0,0.0
4096,0.8,33,0.0,0.0,1.0,0.0
4096,0.8,34,0.0,0.0,1.0,0.0
4096,0.8,35,0.0,0.0,1.0,0.0
4096,0.8,36,0.0,0.0,1.0,0.0
4096,0.8,37,0.0,0.0,1.0,0.0
4096,0.8,38,0.0,0.0,1.0,0.0
4096,0.8,39,0.0,0.0,1.0,0.0
4096,0.8,40,0.0,0.0,1.0,0.0
4096,0.8,41,0.0,0.0,1.0,0.0
4096,0.8,42,0.0,0.0,1.0,0.0
4096,0.8,43,0.0,0.0,1.0,0.0
4096,0.8,44,0.0,0.0,1.0,0.0
4096,0.8,45,0.0,0.0,1.0,0.0
4096,0.8,46,0.0,0.0,1.0,0.0
4096,0.8,47,0.0,0.0,1.0,0.0
4096,0.8,48,0.0,0.0,1.0,0.0
4096,0.8,49,0.0,0.0,1.0,0.0
4096,0.8,50,0.0,0.0,1.0,0.0
4096,0.8,51,0.0,0.0,1.0,0.0
4096,0.8,52,0.0,0.0,1.0,0.0
4096,0.8,53,0.0,0.0,1.0,0.0
4096,0.8,54,0.0,0.0,1.0,0.0
4096,0.8,55,0.0,0.0,1.0,0.0
4096,0.8,56,0.0,0.0,1.0,0.0
4096,0.8,57,0.0,0.0,1.0,0.0
4096,0.8,58,0.0,0.0,1.0,0.0
4096,0.8,59,0.0,0.0,1.0,0.0
4096,0.8,60,0.0,0.0,1.0,0.0
4096,0.8,61,0.0,0.0,1.0,0.0
4096,0.8,62,0.0,0.0,1.0,0.0
4096,0.8,63,0.0,0.0,1.0,0.0
4096,0.8,64,0.0,0.0,1.0,0.0
4096,0.8,65,0.0,0.0,1.0,0.0
4096,0.8,66,0.0,0.0,1.0,0.0
4096,0.8,67,0.0,0.0,1.0,0.0
4096,0.8,68,0.0,0.0,1.0,0.0
4096,0.8,69,0.0,0.0,1.0,0.0
4096,0.8,70,0.0,0.0,1.0,0.0
4096,0.8,71,0.0,0.0,1.0,0.0
4096,0.8,72,0.0,0.0,1.0,0.0
4096,0.8,73,0.0,0.0,1.0,0.0
4096,0.8,74,0.0,0.0,1.0,0.0
4096,0.8,75,0.0,0.0,1.0,0.0
4096,0.8,76,0.0,0.0,1.0,0.0
4096,0.8,77,0.0,0.0,1.0,0.0
4096,0.8,78,0.0,0.0,1.0,0.0
4096,0.8,79,0.0,0.0,1.0,0.0
4096,0.8,80,0.0,0.0,1.0,0.0
4096,0.8,81,0.0,0.0,1.0,0.0
4096,0.8,82,0.0,0.0,1.0,0.0
4096,0.8,83,0.0,0.0,1.0,0.0
4096,0.8,84,0.0,0.0,1.0,0.0
4096,0.8,85,0.0,0.0,1.0,0.0
4096,0.8,86,0.0,0.0,1.0,0.0
4096,0.8,87,0.0,0.0,1.0,0.0
4096,0.8,88,0.0,0.0,1.0,0.0
4096,0.8,89,0.0,0.0,1.0,0.0
4096,0.8,90,0.0,0.0,1.0,0.0
4096,0.8,91,0.0,0.0,1.0,0.0
4096,0.8,92,0.0,0.0,1.0,0.0
4096,0.8,93,0.0,0.0,1.0,0.0
4096,0.8,94,0.0,0.0,1.0,0.0
4096,0.8,95,0.0,0.0,1.0,0.0
4096,0.8,96,0.0,0.0,1.0,0.0
4096,0.8,97,0.0,0.0,1.0,0.0
4096,0.8,98,0.0,0.0,1.0,0.0
4096,0.8,99,0.0,0.0,1.0,0.0
16384,0.2,0,1.0,0.0,0.0,0.0
16384,0.2,1,1.0,0.0,0.0,0.0
16384,0.2,2,1.0,0.0,0.0,0.0
16384,0.2,3,1.0,0.0,0.0,0.0
16384,0.2,4,1.0,0.0,0.0,0.0
16384,0.2,5,1.0,0.0,0.0,0.0
16384,0.2,6,1.0,0.0,0.0,0.0
16384,0.2,7,1.0,0.0,0.0,0.0
16384,0.2,8,1.0,0.0,0.0,0.0
16384,0.2,9,1.0,0.0,0.0,0.0
16384,0.2,10,1.0,0.0,0.0,0.0
16384,0.2,11,1.0,0.0,0.0,0.0
16384,0.2,12,1.0,0.0,0.0,0.0
16384,0.2,13,1.0,0.0,0.0,0.0
16384,0.2,14,1.0,0.0,0.0,0.0
16384,0.2,15,1.0,0.0,0.0,0.0
16384,0.2,16,1.0,0.0,0.0,0.0
16384,0.2,17,1.0,0.0,0.0,0.0
16384,0.2,18,1.0,0.0,0.0,0.0
16384,0.2,19,1.0,0.0,0.0,0.0
16384,0.2,20,1.0,0.0,0.0,0.0
16384,0.2,21,1.0,0.0,0.0,0.0
16384,0.2,22,1.0,0.0,0.0,0.0
16384,0.2,23,1.0,0.0,0.0,0.0
16384,0.2,24,1.0,0.0,0.0,0.0
16384,0.2,25,1.0,0.0,0.0,0.0
16384,0.2,26,1.0,0.0,0.0,0.0
16384,0.2,27,1.0,0.0,0.0,0.0
16384,0.2,28,1.0,0.0,0.0,0.0
16384,0.2,29,1.0,0.0,0.0,0.0
16384,0.2,30,1.0,0.0,0.0,0.0
16384,0.2,31,1.0,0.0,0.0,0.0
16384,0.2,32,1.0,0.0,0.0,0.0
16384,0.2,33,1.0,0.0,0.0,0.0
16384,0.2,34,1.0,0.0,0.0,0.0
16384,0.2,35,1.0,0.0,0.0,0.0
16384,0.2,36,1.0,0.0,0.0,0.0
16384,0.2,37,1.0,0.0,0.0,0.0
16384,0.2,38,1.0,0.0,0.0,0.0
16384,0.2,39,1.0,0.0,0.0,0.0
16384,0.2,40,1.0,0.0,0.0,0.0
16384,0.2,41,1.0,0.0,0.0,0.0
16384,0.2,42,1.0,0.0,0.0,0.0
16384,0.2,43,1.0,0.0,0.0,0.0
16384,0.2,44,1.0,0.0,0.0,0.0
16384,0.2,45,1.0,0.0,0.0,0.0
16384,0.2,46,1.0,0.0,0.0,0.0
16384,0.2,47,1.0,0.0,0.0,0.0
16384,0.2,48,1.0,0.0,0.0,0.0
16384,0.2,49,1.0,0.0,0.0,0.0
16384,0.2,50,1.0,0.0,0.0,0.0
16384,0.2,51,1.0,0.0,0.0,0.0
16384,0.2,52,1.0,0.0,0.0,0.0
16384,0.2,53,1.0,0.0,0.0,0.0
16384,0.2,54,1.0,0.0,0.0,0.0
16384,0.2,55,1.0,0.0,0.0,0.0
16384,0.2,56,1.0,0.0,0.0,0.0
16384,0.2,57,1.0,0.0,0.0,0.0
16384,0.2,58,1.0,0.0,0.0,0.0
16384,0.2,59,1.0,0.0,0.0,0.0
16384,0.2,60,1.0,0.0,0.0,0.0
16384,0.2,61,1.0,0.0,0.0,0.0
16384,0.2,62,1.0,0.0,0.0,0.0
16384,0.2,63,1.0,0.0,0.0,0.0
16384,0.2,64,1.0,0.0,0.0,0.0
16384,0.2,65,1.0,0.0,0.0,0.0
16384,0.2,66,1.0,0.0,0.0,0.0
16384,0.2,67,1.0,0.0,0.0,0.0
16384,0.2,68,1.0,0.0,0.0,0.0
16384,0.2,69,1.0,0.0,0.0,0.0
16384,0.2,70,1.0,0.0,0.0,0.0
16384,0.2,71,1.0,0.0,0.0,0.0
16384,0.2,72,1.0,0.0,0.0,0.0
16384,0.2,73,1.0,0.0,0.0,0.0
16384,0.2,74,1.0,0.0,0.0,0.0
16384,0.2,75,1.0,0.0,0.0,0.0
16384,0.2,76,1.0,0.0,0.0,0.0
16384,0.2,77,1.0,0.0,0.0,0.0
16384,0.2,78,1.0,0.0,0.0,0.0
16384,0.2,79,1.0,0.0,0.0,0.0
16384,0.2,80,1.0,0.0,0.0,0.0
16384,0.2,81,1.0,0.0,0.0,0.0
16384,0.2,82,1.0,0.0,0.0,0.0
16384,0.2,83,1.0,0.0,0.0,0.0
16384,0.2,84,1.0,0.0,0.0,0.0
16384,0.2,85,1.0,0.0,0.0,0.0
16384,0.2,86,1.0,0.0,0.0,0.0
16384,0.2,87,1.0,0.0,0.0,0.0
16384,0.2,88,1.0,0.0,0.0,0.0
16384,0.2,89,1.0,0.0,0.0,0.0
16384,0.2,90,1.0,0.0,0.0,0.0
16384,0.2,91,1.0,0.0,0.0,0.0
16384,0.2,92,1.0,0.0,0.0,0.0
16384,0.2,93,1.0,0.0,0.0,0.0
16384,0.2,94,1.0,0.0,0.0,0.0
16384,0.2,95,1.0,0.0,0.0,0.0
16384,0.2,96,1.0,0.0,0.0,0.0
16384,0.2,97,1.0,0.0,0.0,0.0
16384,0.2,98,1.0,0.0,0.0,0.0
16384,0.2,99,1.0,0.0,0.0,0.0
16384,0.35,0,1.0,0.0,0.0,0.0
16384,0.35,1,1.0,0.0,0.0,0.0
16384,0.35,2,1.0,0.0,0.0,0.0
16384,0.35,3,1.0,0.0,0.0,0.0
16384,0.35,4,1.0,0.0,0.0,0.0
16384,0.35,5,1.0,0.0,0.0,0.0
16384,0.35,6,1.0,0.0,0.0,0.0
16384,0.35,7,1.0,0.0,0.0,0.0
16384,0.35,8,1.0,0.0,0.0,0.0
16384,0.35,9,1.0,0.0,0.0,0.0
16384,0.35,10,1.0,0.0,0.0,0.0
16384,0.35,11,1.0,0.0,0.0,0.0
16384,0.35,12,1.0,0.0,0.0,0.0
16384,0.35,13,1.0,0.0,0.0,0.0
16384,0.35,14,1.0,0.0,0.0,0.0
16384,0.35,15,1.0,0.0,0.0,0.0
16384,0.35,16,1.0,0.0,0.0,0.0
16384,0.35,17,1.0,0.0,0.0,0.0
16384,0.35,18,1.0,0.0,0.0,0.0
16384,0.35,19,1.0,0.0,0.0,0.0
16384,0.35,20,1.0,0.0,0.0,0.0
16384,0.35,21,1.0,0.0,0.0,0.0
16384,0.35,22,1.0,0.0,0.0,0.0
16384,0.35,23,1.0,0.0,0.0,0.0
16384,0.35,24,1.0,0.0,0.0,0.0
16384,0.35,25,1.0,0.0,0.0,0.0
16384,0.35,26,1.0,0.0,0.0,0.0
16384,0.35,27,1.0,0.0,0.0,0.0
16384,0.35,28,1.0,0.0,0.0,0.0
16384,0.35,29,1.0,0.0,0.0,0.0
16384,0.35,30,1.0,0.0,0.0,0.0
16384,0.35,31,1.0,0.0,0.0,0.0
16384,0.35,32,1.0,0.0,0.0,0.0
16384,0.35,33,1.0,0.0,0.0,0.0
16384,0.35,34,1.0,0.0,0.0,0.0
16384,0.35,35,1.0,0.0,0.0,0.0
16384,0.35,36,1.0,0.0,0.0,0.0
16384,0.35,37,1.0,0.0,0.0,0.0
16384,0.35,38,1.0,0.0,0.0,0.0
16384,0.35,39,1.0,0.0,0.0,0.0
16384,0.35,40,1.0,0.0,0.0,0.0
16384,0.35,41,1.0,0.0,0.0,0.0
16384,0.35,42,1.0,0.0,0.0,0.0
16384,0.35,43,1.0,0.0,0.0,0.0
16384,0.35,44,1.0,0.0,0.0,0.0
16384,0.35,45,1.0,0.0,0.0,0.0
16384,0.35,46,1.0,0.0,0.0,0.0
16384,0.35,47,1.0,0.0,0.0,0.0
16384,0.35,48,1.0,0.0,0.0,0.0
16384,0.35,49,1.0,0.0,0.0,0.0
16384,0.35,50,1.0,0.0,0.0,0.0
16384,0.35,51,1.0,0.0,0.0,0.0
16384,0.35,52,1.0,0.0,0.0,0.0
16384,0.35,53,1.0,0.0,0.0,0.0
16384,0.35,54,1.0,0.0,0.0,0.0
16384,0.35,55,1.0,0.0,0.0,0.0
16384,0.35,56,1.0,0.0,0.0,0.0
16384,0.35,57,1.0,0.0,0.0,0.0
16384,0.35,58,1.0,0.0,0.0,0.0
16384,0.35,59,1.0,0.0,0.0,0.0
16384,0.35,60,1.0,0.0,0.0,0.0
16384,0.35,61,1.0,0.0,0.0,0.0
16384,0.35,62,1.0,0.0,0.0,0.0
16384,0.35,63,1.0,0.0,0.0,0.0
16384,0.35,64,1.0,0.0,0.0,0.0
16384,0.35,65,1.0,0.0,0.0,0.0
16384,0.35,66,1.0,0.0,0.0,0.0
16384,0.35,67,1.0,0.0,0.0,0.0
16384,0.35,68,1.0,0.0,0.0,0.0
16384,0.35,69,1.0,0.0,0.0,0.0
16384,0.35,70,1.0,0.0,0.0,0.0
16384,0.35,71,1.0,0.0,0.0,0.0
16384,0.35,72,1.0,0.0,0.0,0.0
16384,0.35,73,1.0,0.0,0.0,0.0
16384,0.35,74,1.0,0.0,0.0,0.0
16384,0.35,75,1.0,0.0,0.0,0.0
16384,0.35,76,1.0,0.0,0.0,0.0
16384,0.35,77,1.0,0.0,0.0,0.0
16384,0.35,78,1.0,0.0,0.0,0.0
16384,0.35,79,1.0,0.0,0.0,0.0
16384,0.35,80,1.0,0.0,0.0,0.0
16384,0.35,81,1.0,0.0,0.0,0.0
16384,0.35,82,1.0,0.0,0.0,0.0
16384,0.35,83,1.0,0.0,0.0,0.0
16384,0.35,84,1.0,0.0,0.0,0.0
16384,0.35,85,1.0,0.0,0.0,0.0
16384,0.35,86,1.0,0.0,0.0,0.0
16384,0.35,87,1.0,0.0,0.0,0.0
16384,0.35,88,1.0,0.0,0.0,0.0
16384,0.35,89,1.0,0.0,0.0,0.0
16384,0.35,90,1.0,0.0,0.0,0.0
16384,0.35,91,1.0,0.0,0.0,0.0
16384,0.35,92,1.0,0.0,0.0,0.0
16384,0.35,93,1.0,0.0,0.0,0.0
16384,0.35,94,1.0,0.0,0.0,0.0
16384,0.35,95,1.0,0.0,0.0,0.0
16384,0.35,96,1.0,0.0,0.0,0.0
16384,0.35,97,1.0,0.0,0.0,0.0
16384,0.35,98,1.0,0.0,0.0,0.0
16384,0.35,99,1.0,0.0,0.0,0.0
16384,0.3819660112501051,0,1.0,0.0,0.0,0.0
16384,0.3819660112501051,1,0.9373356478442667,0.009312562814670411,0.024252163121414816,0.0626643521557333
16384,0.3819660112501051,2,1.0,0.0,0.0,0.0
16384,0.3819660112501051,3,1.0,0.0,0.0,0.0
16384,0.3819660112501051,4,0.9634399480895581,0.005242958331555969,0.014311959193145984,0.03656005191044187
16384,0.3819660112501051,5,0.9472456669204647,0.007304425766688438,0.021217326171674045,0.052754333079535254
16384,0.3819660112501051,6,0.977538404804059,0.0033749502000322007,0.008497270368461374,0.022461595195941042
16384,0.3819660112501051,7,1.0,0.0,0.0,0.0
16384,0.3819660112501051,8,1.0,0.0,0.0,0.0
16384,0.3819660112501051,9,0.9338169989950275,0.009447359561411073,0.026281730004935777,0.06618300100497254
16384,0.3819660112501051,10,0.9566992819409601,0.006143824997242087,0.01710373964242623,0.0433007180590399
16384,0.3819660112501051,11,1.0,0.0,0.0,0.0
16384,0.3819660112501051,12,0.9136865567132604,0.012248189063360782,0.034670140715829856,0.08631344328673962
16384,0.3819660112501051,13,1.0,0.0,0.0,0.0
16384,0.3819660112501051,14,1.0,0.0,0.0,0.0
16384,0.3819660112501051,15,1.0,0.0,0.0,0.0
16384,0.3819660112501051,16,0.9738207523515806,0.0037299018050035992,0.010247471167829869,0.02617924764841939
16384,0.3819660112501051,17,0.9814786567408327,0.0026782346733239537,0.00716403227905138,0.018521343259167322
16384,0.3819660112501051,18,1.0,0.0,0.0,0.0
16384,0.3819660112501051,19,0.981515685569417,0.002639240446842994,0.007204780752018969,0.01848431443058296
16384,0.3819660112501051,20,1.0,0.0,0.0,0.0
16384,0.3819660112501051,21,0.9714735865376736,0.004128719095803812,0.011070537380174328,0.028526413462326428
16384,0.3819660112501051,22,0.9666288533270853,0.004682397400260274,0.013218774513809095,0.03337114667291474
16384,0.3819660112501051,23,0.9331297223928121,0.009533066195481776,0.02658233999125481,0.06687027760718789
16384,0.3819660112501051,24,0.956702930463986,0.006080599383249785,0.017206745544700697,0.04329706953601398
16384,0.3819660112501051,25,0.9635297279632773,0.005305493340983514,0.014153000714906605,0.036470272036722706
16384,0.3819660112501051,26,1.0,0.0,0.0,0.0
16384,0.3819660112501051,27,1.0,0.0,0.0,0.0
16384,0.3819660112501051,28,1.0,0.0,0.0,0.0
16384,0.3819660112501051,29,0.9909024079425985,0.0013961359488473546,0.0033779510684407432,0.00909759205740146
16384,0.3819660112501051,30,1.0,0.0,0.0,0.0
16384,0.3819660112501051,31,0.9902785337251082,0.001480977068010314,0.003627473266785808,0.009721466274891788
16384,0.3819660112501051,32,1.0,0.0,0.0,0.0
16384,0.3819660112501051,33,0.9444027718860946,0.007915303370781057,0.02202142485756048,0.05559722811390544
16384,0.3819660112501051,34,1.0,0.0,0.0,0.0
16384,0.3819660112501051,35,1.0,0.0,0.0,0.0
16384,0.3819660112501051,36,1.0,0.0,0.0,0.0
16384,0.3819660112501051,37,0.9917095898111115,0.001261285395082301,0.003094384492735025,0.008290410188888542
16384,0.3819660112501051,38,1.0,0.0,0.0,0.0
16384,0.3819660112501051,39,1.0,0.0,0.0,0.0
16384,0.3819660112501051,40,1.0,0.0,0.0,0.0
16384,0.3819660112501051,41,1.0,0.0,0.0,0.0
16384,0.3819660112501051,42,0.9681740790279014,0.004531436671210531,0.012489730012651967,0.031825920972098576
16384,0.3819660112501051,43,1.0,0.0,0.0,0.0
16384,0.3819660112501051,44,0.9581549409748179,0.005668687927743277,0.016973254935858162,0.041845059025182096
16384,0.3819660112501051,45,0.9444637407158797,0.00845988681054377,0.02110490026199452,0.055536259284120315
16384,0.3819660112501051,46,0.9422872507237721,0.008491216107680721,0.022429085793451042,0.05771274927622794
16384,0.3819660112501051,47,0.9614639831954169,0.005858791284204634,0.014562841242275637,0.03853601680458307
16384,0.3819660112501051,48,1.0,0.0,0.0,0.0
16384,0.3819660112501051,49,0.961428562525868,0.005570579078753191,0.015046848718336447,0.03857143747413205
16384,0.3819660112501051,50,1.0,0.0,0.0,0.0
16384,0.3819660112501051,51,0.9692074642972186,0.004274049551260817,0.012263529785369653,0.0307925357027814
16384,0.3819660112501051,52,0.9583850526913837,0.006176098958848186,0.015984779196823617,0.04161494730861626
16384,0.3819660112501051,53,0.8554625508293859,0.020425668504254202,0.05958045911124238,0.14453744917061406
16384,0.3819660112501051,54,0.9572909030570808,0.006504967771359449,0.016148376380155705,0.042709096942919245
16384,0.3819660112501051,55,1.0,0.0,0.0,0.0
16384,0.3819660112501051,56,1.0,0.0,0.0,0.0
16384,0.3819660112501051,57,0.8877531779703861,0.01676681923914647,0.04418770331011268,0.11224682202961389
16384,0.3819660112501051,58,1.0,0.0,0.0,0.0
16384,0.3819660112501051,59,1.0,0.0,0.0,0.0
16384,0.3819660112501051,60,1.0,0.0,0.0,0.0
16384,0.3819660112501051,61,0.9345997404070341,0.009439869692920655,0.025791289884724122,0.06540025959296591
16384,0.3819660112501051,62,1.0,0.0,0.0,0.0
16384,0.3819660112501051,63,1.0,0.0,0.0,0.0
16384,0.3819660112501051,64,0.96990580207139,0.004108650511998435,0.012098495512065877,0.03009419792861001
16384,0.3819660112501051,65,1.0,0.0,0.0,0.0
16384,0.3819660112501051,66,0.8524777047270516,0.022293091037443424,0.05852752820887591,0.14752229527294836
16384,0.3819660112501051,67,0.9387805739328897,0.009335861421273184,0.023302006517137985,0.06121942606711028
16384,0.3819660112501051,68,1.0,0.0,0.0,0.0
16384,0.3819660112501051,69,1.0,0.0,0.0,0.0
16384,0.3819660112501051,70,1.0,0.0,0.0,0.0
16384,0.3819660112501051,71,0.9510240505548827,0.0072909276894140285,0.018831288318688744,0.048975949445117295
16384,0.3819660112501051,72,0.9945576752005024,0.0007685666668413305,0.0021248657370657176,0.005442324799497578
16384,0.3819660112501051,73,1.0,0.0,0.0,0.0
16384,0.3819660112501051,74,0.9162788173681966,0.012430665896346504,0.03269528909404462,0.08372118263180339
16384,0.3819660112501051,75,0.9899993042990939,0.001425400511728403,0.0038896381611916997,0.010000695700906115
16384,0.3819660112501051,76,1.0,0.0,0.0,0.0
16384,0.3819660112501051,77,0.9765258700526536,0.0033741357390933424,0.009130281858636013,0.023474129947346434
16384,0.3819660112501051,78,0.943401568717676,0.007611221607010277,0.023183010243923607,0.056598431282324
16384,0.3819660112501051,79,1.0,0.0,0.0,0.0
16384,0.3819660112501051,80,0.9823901990342325,0.002610441221985671,0.006705643223771263,0.017609800965767475
16384,0.3819660112501051,81,1.0,0.0,0.0,0.0
16384,0.3819660112501051,82,1.0,0.0,0.0,0.0
16384,0.3819660112501051,83,1.0,0.0,0.0,0.0
16384,0.3819660112501051,84,0.9003200520621211,0.01501667395627937,0.038835432254128666,0.09967994793787893
16384,0.3819660112501051,85,1.0,0.0,0.0,0.0
16384,0.3819660112501051,86,1.0,0.0,0.0,0.0
16384,0.3819660112501051,87,1.0,0.0,0.0,0.0
16384,0.3819660112501051,88,0.9250394672763691,0.011029805670089543,0.029331760723301736,0.0749605327236309
16384,0.3819660112501051,89,1.0,0.0,0.0,0.0
16384,0.3819660112501051,90,0.984031459573451,0.0023283789102570562,0.006139197112897343,0.01596854042654905
16384,0.3819660112501051,91,0.9930860676426341,0.001028402407308504,0.0026162847843093084,0.006913932357365926
16384,0.3819660112501051,92,0.9928838479258695,0.0010196792261978893,0.002755795665956906,0.007116152074130522
16384,0.3819660112501051,93,1.0,0.0,0.0,0.0
16384,0.3819660112501051,94,1.0,0.0,0.0,0.0
16384,0.3819660112501051,95,1.0,0.0,0.0,0.0
16384,0.3819660112501051,96,0.9011258782434539,0.014935045998229035,0.03844558607173487,0.09887412175654609
16384,0.3819660112501051,97,1.0,0.0,0.0,0.0
16384,0.3819660112501051,98,1.0,0.0,0.0,0.0
16384,0.3819660112501051,99,1.0,0.0,0.0,0.0
16384,0.5,0,0.34958027798105107,0.06094954422685539,0.4039286884928762,0.02892868849287622
16384,0.5,1,0.39197583092797394,0.06447887160667404,0.3542900835268628,0.02070991647313719
16384,0.5,2,0.3349913493086763,0.06464683408446648,0.41154909658524597,0.0400086506913237
16384,0.5,3,0.379403674738657,0.05985415245140524,0.3759467970431194,0.004403674738656993
16384,0.5,4,0.40226867081053674,0.062385035532646904,0.34834890590860873,0.027268670810536744
16384,0.5,5,0.4160739098427444,0.06240086551596935,0.33500155340621895,0.041073909842744394
16384,0.5,6,0.41640656384941754,0.06355869029940991,0.33243588473863467,0.04256411526136533
16384,0.5,7,0.373171905730023,0.06501607071044624,0.37184584305731944,0.003154156942680564
16384,0.5,8,0.32085780425413024,0.06357168945798503,0.42857485059870115,0.05414219574586976
16384,0.5,9,0.39605900781064896,0.06657795153649299,0.34625699181944114,0.02874300818055886
16384,0.5,10,0.4069266457970129,0.058044522292802714,0.35252778612133023,0.031926645797012876
16384,0.5,11,0.3756188037923583,0.06344332093723803,0.37250292548943986,0.0024970745105601377
16384,0.5,12,0.38565322149685144,0.06455885540239986,0.3603494031684506,0.0146505968315494
16384,0.5,13,0.3257776952491022,0.062262241290194587,0.4260393066265806,0.05103930662658063
16384,0.5,14,0.36204713676549594,0.06030561441627669,0.3925020714441846,0.017502071444184586
16384,0.5,15,0.37321356366970476,0.06314045866494272,0.3755094907057394,0.001786436330295238
16384,0.5,16,0.3622549068284021,0.06099921084774712,0.39087263873554545,0.015872638735545452
16384,0.5,17,0.34520505022833364,0.05816664073899891,0.41422809855691545,0.03922809855691545
16384,0.5,18,0.3547087451795954,0.057447028421173774,0.4059441533728886,0.030944153372888583
16384,0.5,19,0.3469318610844521,0.061554478435759896,0.4054189814545409,0.030418981454540917
16384,0.5,20,0.4069968358539129,0.06046827357055323,0.34756288903488164,0.031996835853912886
16384,0.5,21,0.34882661169365936,0.06385779457069152,0.39880981187401976,0.02617338830634064
16384,0.5,22,0.3736106790550441,0.06579920560599128,0.3698776758086942,0.005122324191305816
16384,0.5,23,0.436081080843006,0.05898955860095656,0.3227057840049785,0.06108108084300601
16384,0.5,24,0.3860399162884519,0.0602792309240614,0.3684820680903341,0.011039916288451912
16384,0.5,25,0.3270184886286951,0.06467570925874999,0.4198413826590296,0.04798151137130491
16384,0.5,26,0.405754166917509,0.06717269748942373,0.3357505468095056,0.03924945319049439
16384,0.5,27,0.4146162491311638,0.06570774169671112,0.33003189038196395,0.044968109618036045
16384,0.5,28,0.33605545411411575,0.06403589228575968,0.4116654122643689,0.03894454588588425
16384,0.5,29,0.3706407263799698,0.05883845806635457,0.3868266373234015,0.011826637323401501
16384,0.5,30,0.38387405191679347,0.0617309173019579,0.367703498465801,0.008874051916793468
16384,0.5,31,0.38296033264599283,0.06027802015160394,0.37154087824726467,0.00796033264599283
16384,0.5,32,0.3735863861893447,0.0595601341995195,0.3823741839124336,0.007374183912433607
16384,0.5,33,0.34542282456732104,0.06310698071780241,0.40382381986043525,0.02957717543267896
16384,0.5,34,0.38268738181951323,0.06419701718592358,0.3639886529410717,0.011011347058928311
16384,0.5,35,0.3588975461746442,0.06408251318380859,0.38807235006486507,0.0161024538253558
16384,0.5,36,0.3782524915886033,0.06387207125233274,0.3690297455453363,0.005970254454663704
16384,0.5,37,0.379059949484009,0.061335493608148495,0.37328441467747997,0.004059949484009007
16384,0.5,38,0.40135583557415133,0.05891484564372412,0.35618364731310087,0.02635583557415133
16384,0.5,39,0.3606869273915371,0.060271796179947545,0.39395453275066794,0.01895453275066794
16384,0.5,40,0.38890664466012903,0.06014185577459186,0.3659239125315086,0.01390664466012903
16384,0.5,41,0.37011377383646016,0.06457635312456661,0.37577179699300167,0.004886226163539842
16384,0.5,42,0.430753767717274,0.06312699855173576,0.3196558912748033,0.05575376771727403
16384,0.5,43,0.4261854102496596,0.0625811907244449,0.32502156270145444,0.05118541024965961
16384,0.5,44,0.38115230425654834,0.06378827546074484,0.3663139872750439,0.008686012724956116
16384,0.5,45,0.3297567664204013,0.06754170238071816,0.411283266430422,0.045243233579598696
16384,0.5,46,0.3837771707880647,0.06290604393019672,0.36545697527242643,0.009543024727573568
16384,0.5,47,0.3703909094816164,0.06750308977055686,0.36979557256022844,0.005204427439771564
16384,0.5,48,0.40552878361988054,0.06358116661504742,0.342847688106303,0.032152311893696994
16384,0.5,49,0.3474883739895464,0.0637312598657705,0.40043940206984496,0.027511626010453594
16384,0.5,50,0.3654074899447073,0.05826062811205435,0.3933199905270075,0.0183199905270075
16384,0.5,51,0.3672173275541161,0.06384488690652657,0.38012971660802675,0.007782672445883876
16384,0.5,52,0.4085204738033186,0.06023335624511639,0.3465565470470138,0.03352047380331857
16384,0.5,53,0.3681956095122097,0.06233059907200228,0.38216941922516223,0.007169419225162232
16384,0.5,54,0.39153795258392,0.061468655751326096,0.3606592886299114,0.01653795258391999
16384,0.5,55,0.3987976742745426,0.05729128744700546,0.36201813386773163,0.023797674274542602
16384,0.5,56,0.36966956300477083,0.058125986862904044,0.38928637783917697,0.014286377839176967
16384,0.5,57,0.40420306732701083,0.061673516813979534,0.347875616637854,0.029203067327010834
16384,0.5,58,0.37274684611913017,0.064862397835654,0.3725721853738162,0.0024278146261837996
16384,0.5,59,0.3601284042067337,0.06174999307936013,0.391506555231099,0.016506555231099007
16384,0.5,60,0.35472663472205107,0.06315361417665966,0.3941783768145952,0.02027336527794893
16384,0.5,61,0.3807429862581352,0.06359313465075955,0.36710526598076837,0.00789473401923163
16384,0.5,62,0.35929453571871584,0.06148628177596677,0.39289033767011783,0.01789033767011783
16384,0.5,63,0.3534404131088512,0.061864755643131764,0.39809783181812464,0.023097831818124637
16384,0.5,64,0.3868245149621661,0.059042146901075065,0.37022516556337537,0.011824514962166077
16384,0.5,65,0.3694708807793615,0.05707935287310939,0.391678752200202,0.016678752200201985
16384,0.5,66,0.33214981211373806,0.06496605445937553,0.41387781563628634,0.04285018788626194
16384,0.5,67,0.3968097190964397,0.0569795734738609,0.36461753413393083,0.021809719096439695
16384,0.5,68,0.3854281171366115,0.06260941915461538,0.36441209535918967,0.01058790464081033
16384,0.5,69,0.37542336890417505,0.06073518594149019,0.3781324967378743,0.003132496737874302
16384,0.5,70,0.38120270411990664,0.06115129011944648,0.37152177000342435,0.0062027041199066435
16384,0.5,71,0.3505390801728164,0.06186087032730819,0.40108132027614174,0.02608132027614174
16384,0.5,72,0.3508493184897745,0.059265103219951376,0.4061017591295154,0.031101759129515405
16384,0.5,73,0.40184272638455876,0.06280028421811445,0.34794609287792444,0.02705390712207556
16384,0.5,74,0.37163981016139186,0.06461440821426989,0.3741674147822575,0.003360189838608141
16384,0.5,75,0.4327417622901053,0.05898014930301915,0.325878062091873,0.0577417622901053
16384,0.5,76,0.37171097993219104,0.057579759027214794,0.38836651153811785,0.013366511538117853
16384,0.5,77,0.40417542671376894,0.05973791567699305,0.35176838770282565,0.029175426713768937
16384,0.5,78,0.3662592746859012,0.0647995061714528,0.3792060677213724,0.008740725314098807
16384,0.5,79,0.3919700911200513,0.06432467078783127,0.35459620009800413,0.020403799901995867
16384,0.5,80,0.37129023778211867,0.06674092758447325,0.37036722476411266,0.004632775235887343
16384,0.5,81,0.3861713683068335,0.06984365112157886,0.34973777853195814,0.025262221468041857
16384,0.5,82,0.3737268255633267,0.05948136608961779,0.382394896834762,0.007394896834762021
16384,0.5,83,0.3936530836111234,0.06474994044007443,0.35212157695999435,0.022878423040005647
16384,0.5,84,0.3653334072284816,0.06157766051625546,0.38657780750364523,0.011577807503645232
16384,0.5,85,0.32223745954637106,0.05797285050536499,0.43872750155439866,0.06372750155439866
16384,0.5,86,0.3988180001761076,0.059102178982476605,0.35828494553497586,0.02381800017610758
16384,0.5,87,0.3732242297674614,0.06579551083671231,0.3702706115709713,0.0047293884290287025
16384,0.5,88,0.37139582917186686,0.05884611371818893,0.3860496670398048,0.011049667039804811
16384,0.5,89,0.3851511515134874,0.06527864020885804,0.3594423458334965,0.01555765416650351
16384,0.5,90,0.3390702610180445,0.06510529379433205,0.4063915729063049,0.035929738981955506
16384,0.5,91,0.4047623567862897,0.06395306640093174,0.34286626160557787,0.03213373839442213
16384,0.5,92,0.35294848957705527,0.05984606384333779,0.40273971987136725,0.027739719871367252
16384,0.5,93,0.3744620489988939,0.06205631643210746,0.3764274115389874,0.0014274115389873998
16384,0.5,94,0.3536314805818858,0.06600602314303833,0.38963044439344297,0.021368519418114185
16384,0.5,95,0.35164848212727273,0.06032649308997451,0.4030829854325816,0.028082985432581586
16384,0.5,96,0.36755052090952495,0.06141741735747147,0.38466276495177953,0.009662764951779534
16384,0.5,97,0.41317810182347103,0.0653634183472433,0.33206074146117665,0.042939258538823355
16384,0.5,98,0.37069216100363556,0.06016248847975142,0.3840506980198185,0.009050698019818504
16384,0.5,99,0.416861896756869,0.06276201382707591,0.33354412550747825,0.04186189675686902
16384,0.6180339887498949,0,0.0,0.0,1.0,0.0
16384,0.6180339887498949,1,0.012517037553507304,0.004953510128704042,0.9670427080049591,0.03295729199504094
16384,0.6180339887498949,2,0.0,0.0,1.0,0.0
16384,0.6180339887498949,3,0.0,0.0,1.0,0.0
16384,0.6180339887498949,4,0.017533654608667237,0.006364518222607085,0.9554502593555974,0.04454974064440265
16384,0.6180339887498949,5,0.0,0.0,1.0,0.0
16384,0.6180339887498949,6,0.004121136379632517,0.0014968311186829286,0.9894409758115694,0.010559024188430577
16384,0.6180339887498949,7,0.007480250628313645,0.0027333295513563005,0.9808300719185862,0.019169928081413823
16384,0.6180339887498949,8,0.005642162642350623,0.0021249007311965884,0.9853587817145766,0.014641218285423419
16384,0.6180339887498949,9,0.008673340270211105,0.003423893149992918,0.977129205289767,0.02287079471023301
16384,0.6180339887498949,10,0.023331200152717113,0.008652277081253601,0.9404594062776718,0.05954059372232823
16384,0.6180339887498949,11,0.0,0.0,1.0,0.0
16384,0.6180339887498949,12,0.0,0.0,1.0,0.0
16384,0.6180339887498949,13,0.0,0.0,1.0,0.0
16384,0.6180339887498949,14,0.0,0.0,1.0,0.0
16384,0.6180339887498949,15,0.0,0.0,1.0,0.0
16384,0.6180339887498949,16,0.014926512680333959,0.004859253089346038,0.9634949128658195,0.03650508713418055
16384,0.6180339887498949,17,0.0,0.0,1.0,0.0
16384,0.6180339887498949,18,0.0,0.0,1.0,0.0
16384,0.6180339887498949,19,0.01295034508383991,0.00494859624931504,0.9663618977351686,0.03363810226483144
16384,0.6180339887498949,20,0.0,0.0,1.0,0.0
16384,0.6180339887498949,21,0.005026312954940382,0.0020093196554218373,0.9866510001110553,0.013348999888944668
16384,0.6180339887498949,22,0.0,0.0,1.0,0.0
16384,0.6180339887498949,23,0.004331696256201112,0.0015518217719068805,0.988959813203382,0.011040186796618001
16384,0.6180339887498949,24,0.0,0.0,1.0,0.0
16384,0.6180339887498949,25,0.030486067894945346,0.011191916313939398,0.922832957364585,0.07716704263541496
16384,0.6180339887498949,26,0.0014076963692193356,0.000566282336141144,0.9962437090349988,0.0037562909650011855
16384,0.6180339887498949,27,0.014898533602576647,0.005678605516618751,0.9613855659405046,0.038614434059495384
16384,0.6180339887498949,28,0.029623653298260055,0.010745428833306536,0.9253064374644764,0.07469356253552362
16384,0.6180339887498949,29,0.0,0.0,1.0,0.0
16384,0.6180339887498949,30,0.014153203290565242,0.005366030921993836,0.9633734727253485,0.036626527274651544
16384,0.6180339887498949,31,0.028507656385326374,0.010129249060286782,0.9286126887887572,0.07138731121124275
16384,0.6180339887498949,32,0.0,0.0,1.0,0.0
16384,0.6180339887498949,33,0.011224144914584122,0.004223160627272848,0.9709842047086956,0.02901579529130438
16384,0.6180339887498949,34,0.0,0.0,1.0,0.0
16384,0.6180339887498949,35,0.016373813044257834,0.006240496397102779,0.9576020140026257,0.04239798599737432
16384,0.6180339887498949,36,0.012423333377794499,0.004487260586806208,0.9683945317475031,0.03160546825249688
16384,0.6180339887498949,37,0.012522555488421239,0.004993349037297257,0.9669326574297719,0.03306734257022814
16384,0.6180339887498949,38,0.0,0.0,1.0,0.0
16384,0.6180339887498949,39,0.02266449125020542,0.00850270525388963,0.94188762341168,0.058112376588320025
16384,0.6180339887498949,40,0.0196704926059037,0.007074893445145614,0.950255151707765,0.04974484829223502
16384,0.6180339887498949,41,0.0,0.0,1.0,0.0
16384,0.6180339887498949,42,0.012623783319712034,0.004662455122476261,0.9676204473796116,0.032379552620388385
16384,0.6180339887498949,43,0.03895857785920159,0.013869751854678924,0.9029934527392713,0.09700654726072866
16384,0.6180339887498949,44,0.052311675948723435,0.01710351150852052,0.874636654655801,0.12536334534419902
16384,0.6180339887498949,45,0.02349253558619102,0.008705844174065891,0.940069670293482,0.059930329706518015
16384,0.6180339887498949,46,0.026796631676115457,0.009819615127380998,0.932062448966643,0.06793755103335697
16384,0.6180339887498949,47,0.03046755382999472,0.011412254547953804,0.922304634619144,0.07769536538085597
16384,0.6180339887498949,48,0.0,0.0,1.0,0.0
16384,0.6180339887498949,49,0.0,0.0,1.0,0.0
16384,0.6180339887498949,50,0.023682569453872815,0.008016250612604525,0.9415616098808723,0.05843839011912766
16384,0.6180339887498949,51,0.04054457238169934,0.016137807350011246,0.894921440889743,0.10507855911025699
16384,0.6180339887498949,52,0.016579589818210283,0.0060546914021482046,0.9577551521941401,0.04224484780585991
16384,0.6180339887498949,53,0.0,0.0,1.0,0.0
16384,0.6180339887498949,54,0.015123102107773123,0.005648657129889156,0.9611061325603719,0.03889386743962808
16384,0.6180339887498949,55,0.0,0.0,1.0,0.0
16384,0.6180339887498949,56,0.004472147807193294,0.001874478695085835,0.987897856432352,0.01210214356764805
16384,0.6180339887498949,57,0.019462777772540407,0.00731463034529739,0.9499640658786808,0.05003593412131924
16384,0.6180339887498949,58,0.0,0.0,1.0,0.0
16384,0.6180339887498949,59,0.0,0.0,1.0,0.0
16384,0.6180339887498949,60,0.0,0.0,1.0,0.0
16384,0.6180339887498949,61,0.0,0.0,1.0,0.0
16384,0.6180339887498949,62,0.0,0.0,1.0,0.0
16384,0.6180339887498949,63,0.0,0.0,1.0,0.0
16384,0.6180339887498949,64,0.0,0.0,1.0,0.0
16384,0.6180339887498949,65,0.005497777173605223,0.0021494918659114015,0.9855273670792949,0.014472632920705109
16384,0.6180339887498949,66,0.04844217512520099,0.016277441607633558,0.8825212712540934,0.11747872874590659
16384,0.6180339887498949,67,0.0,0.0,1.0,0.0
16384,0.6180339887498949,68,0.0,0.0,1.0,0.0
16384,0.6180339887498949,69,0.0,0.0,1.0,0.0
16384,0.6180339887498949,70,0.0007862555658896264,0.0003283318958972048,0.9978703204282939,0.002129679571706067
16384,0.6180339887498949,71,0.0316366167530151,0.011779395028241768,0.9195605563707819,0.08043944362921807
16384,0.6180339887498949,72,0.0,0.0,1.0,0.0
16384,0.6180339887498949,73,0.048155472664613896,0.018459958329676618,0.8775249567030317,0.12247504329696834
16384,0.6180339887498949,74,0.017011363966897397,0.005540534099698291,0.9584391725286504,0.04156082747134959
16384,0.6180339887498949,75,0.04605299063005924,0.017406743166510752,0.8833200398796806,0.11667996012031945
16384,0.6180339887498949,76,0.0003911815802664087,0.00014577966905754414,0.9989856773436775,0.0010143226563225083
16384,0.6180339887498949,77,0.0,0.0,1.0,0.0
16384,0.6180339887498949,78,0.0,0.0,1.0,0.0
16384,0.6180339887498949,79,0.0,0.0,1.0,0.0
16384,0.6180339887498949,80,0.0,0.0,1.0,0.0
16384,0.6180339887498949,81,0.03127017945337768,0.010530681073029569,0.9233252199041521,0.07667478009584794
16384,0.6180339887498949,82,0.0,0.0,1.0,0.0
16384,0.6180339887498949,83,0.004601889315064611,0.0017244407053795263,0.9880732990234674,0.01192670097653259
16384,0.6180339887498949,84,0.012417316310242121,0.004781939435800686,0.9676406134833557,0.03235938651664427
16384,0.6180339887498949,85,0.02765166328065355,0.010557522909091788,0.9288566985937812,0.07114330140621883
16384,0.6180339887498949,86,0.005656139248082004,0.002166539339415574,0.9852280110664244,0.014771988933575564
16384,0.6180339887498949,87,0.0,0.0,1.0,0.0
16384,0.6180339887498949,88,0.02611860913919445,0.009894784334358364,0.9329314971559843,0.06706850284401566
16384,0.6180339887498949,89,0.0,0.0,1.0,0.0
16384,0.6180339887498949,90,0.0,0.0,1.0,0.0
16384,0.6180339887498949,91,0.0,0.0,1.0,0.0
16384,0.6180339887498949,92,0.0,0.0,1.0,0.0
16384,0.6180339887498949,93,0.0,0.0,1.0,0.0
16384,0.6180339887498949,94,0.04067780853848768,0.01454192721559322,0.8986676952542136,0.10133230474578636
16384,0.6180339887498949,95,0.005736165226496559,0.0020246400247452834,0.9854731148614797,0.014526885138520296
16384,0.6180339887498949,96,0.013384646012824075,0.004590730111699526,0.9666111608858112,0.03338883911418877
16384,0.6180339887498949,97,0.009113562778376105,0.003315128101085363,0.9767068934248637,0.02329310657513628
16384,0.6180339887498949,98,0.011099364146222979,0.004003576385546492,0.9717544568809018,0.028245543119098215
16384,0.6180339887498949,99,0.0,0.0,1.0,0.0
16384,0.65,0,0.0,0.0,1.0,0.0
16384,0.65,1,0.0,0.0,1.0,0.0
16384,0.65,2,0.0,0.0,1.0,0.0
16384,0.65,3,0.0,0.0,1.0,0.0
16384,0.65,4,0.0,0.0,1.0,0.0
16384,0.65,5,0.0,0.0,1.0,0.0
16384,0.65,6,0.0,0.0,1.0,0.0
16384,0.65,7,0.0,0.0,1.0,0.0
16384,0.65,8,0.0,0.0,1.0,0.0
16384,0.65,9,0.0,0.0,1.0,0.0
16384,0.65,10,0.0,0.0,1.0,0.0
16384,0.65,11,0.0,0.0,1.0,0.0
16384,0.65,12,0.0,0.0,1.0,0.0
16384,0.65,13,0.0,0.0,1.0,0.0
16384,0.65,14,0.0,0.0,1.0,0.0
16384,0.65,15,0.0,0.0,1.0,0.0
16384,0.65,16,0.0,0.0,1.0,0.0
16384,0.65,17,0.0,0.0,1.0,0.0
16384,0.65,18,0.0,0.0,1.0,0.0
16384,0.65,19,0.0,0.0,1.0,0.0
16384,0.65,20,0.0,0.0,1.0,0.0
16384,0.65,21,0.0,0.0,1.0,0.0
16384,0.65,22,0.0,0.0,1.0,0.0
16384,0.65,23,0.0,0.0,1.0,0.0
16384,0.65,24,0.0,0.0,1.0,0.0
16384,0.65,25,0.0,0.0,1.0,0.0
16384,0.65,26,0.0,0.0,1.0,0.0
16384,0.65,27,0.0,0.0,1.0,0.0
16384,0.65,28,0.0,0.0,1.0,0.0
16384,0.65,29,0.0,0.0,1.0,0.0
16384,0.65,30,0.0,0.0,1.0,0.0
16384,0.65,31,0.0,0.0,1.0,0.0
16384,0.65,32,0.0,0.0,1.0,0.0
16384,0.65,33,0.0,0.0,1.0,0.0
16384,0.65,34,0.0,0.0,1.0,0.0
16384,0.65,35,0.0,0.0,1.0,0.0
16384,0.65,36,0.0,0.0,1.0,0.0
16384,0.65,37,0.0,0.0,1.0,0.0
16384,0.65,38,0.0,0.0,1.0,0.0
16384,0.65,39,0.0,0.0,1.0,0.0
16384,0.65,40,0.0,0.0,1.0,0.0
16384,0.65,41,0.0,0.0,1.0,0.0
16384,0.65,42,0.0,0.0,1.0,0.0
16384,0.65,43,0.0,0.0,1.0,0.0
16384,0.65,44,0.0,0.0,1.0,0.0
16384,0.65,45,0.0,0.0,1.0,0.0
16384,0.65,46,0.0,0.0,1.0,0.0
16384,0.65,47,0.0,0.0,1.0,0.0
16384,0.65,48,0.0,0.0,1.0,0.0
16384,0.65,49,0.0,0.0,1.0,0.0
16384,0.65,50,0.0,0.0,1.0,0.0
16384,0.65,51,0.0,0.0,1.0,0.0
16384,0.65,52,0.0,0.0,1.0,0.0
16384,0.65,53,0.0,0.0,1.0,0.0
16384,0.65,54,0.0,0.0,1.0,0.0
16384,0.65,55,0.0,0.0,1.0,0.0
16384,0.65,56,0.0,0.0,1.0,0.0
16384,0.65,57,0.0,0.0,1.0,0.0
16384,0.65,58,0.0,0.0,1.0,0.0
16384,0.65,59,0.0,0.0,1.0,0.0
16384,0.65,60,0.0,0.0,1.0,0.0
16384,0.65,61,0.0,0.0,1.0,0.0
16384,0.65,62,0.0,0.0,1.0,0.0
16384,0.65,63,0.0,0.0,1.0,0.0
16384,0.65,64,0.0,0.0,1.0,0.0
16384,0.65,65,0.0,0.0,1.0,0.0
16384,0.65,66,0.0,0.0,1.0,0.0
16384,0.65,67,0.0,0.0,1.0,0.0
16384,0.65,68,0.0,0.0,1.0,0.0
16384,0.65,69,0.0,0.0,1.0,0.0
16384,0.65,70,0.0,0.0,1.0,0.0
16384,0.65,71,0.0,0.0,1.0,0.0
16384,0.65,72,0.0,0.0,1.0,0.0
16384,0.65,73,0.0,0.0,1.0,0.0
16384,0.65,74,0.0,0.0,1.0,0.0
16384,0.65,75,0.0,0.0,1.0,0.0
16384,0.65,76,0.0,0.0,1.0,0.0
16384,0.65,77,0.0,0.0,1.0,0.0
16384,0.65,78,0.0,0.0,1.0,0.0
16384,0.65,79,0.0,0.0,1.0,0.0
16384,0.65,80,0.0,0.0,1.0,0.0
16384,0.65,81,0.0,0.0,1.0,0.0
16384,0.65,82,0.0,0.0,1.0,0.0
16384,0.65,83,0.0,0.0,1.0,0.0
16384,0.65,84,0.0,0.0,1.0,0.0
16384,0.65,85,0.0,0.0,1.0,0.0
16384,0.65,86,0.0,0.0,1.0,0.0
16384,0.65,87,0.0,0.0,1.0,0.0
16384,0.65,88,0.0,0.0,1.0,0.0
16384,0.65,89,0.0,0.0,1.0,0.0
16384,0.65,90,0.0,0.0,1.0,0.0
16384,0.65,91,0.0,0.0,1.0,0.0
16384,0.65,92,0.0,0.0,1.0,0.0
16384,0.65,93,0.0,0.0,1.0,0.0
16384,0.65,94,0.0,0.0,1.0,0.0
16384,0.65,95,0.0,0.0,1.0,0.0
16384,0.65,96,0.0,0.0,1.0,0.0
16384,0.65,97,0.0,0.0,1.0,0.0
16384,0.65,98,0.0,0.0,1.0,0.0
16384,0.65,99,0.0,0.0,1.0,0.0
16384,0.8,0,0.0,0.0,1.0,0.0
16384,0.8,1,0.0,0.0,1.0,0.0
16384,0.8,2,0.0,0.0,1.0,0.0
16384,0.8,3,0.0,0.0,1.0,0.0
16384,0.8,4,0.0,0.0,1.0,0.0
16384,0.8,5,0.0,0.0,1.0,0.0
16384,0.8,6,0.0,0.0,1.0,0.0
16384,0.8,7,0.0,0.0,1.0,0.0
16384,0.8,8,0.0,0.0,1.0,0.0
16384,0.8,9,0.0,0.0,1.0,0.0
16384,0.8,10,0.0,0.0,1.0,0.0
16384,0.8,11,0.0,0.0,1.0,0.0
16384,0.8,12,0.0,0.0,1.0,0.0
16384,0.8,13,0.0,0.0,1.0,0.0
16384,0.8,14,0.0,0.0,1.0,0.0
16384,0.8,15,0.0,0.0,1.0,0.0
16384,0.8,16,0.0,0.0,1.0,0.0
16384,0.8,17,0.0,0.0,1.0,0.0
16384,0.8,18,0.0,0.0,1.0,0.0
16384,0.8,19,0.0,0.0,1.0,0.0
16384,0.8,20,0.0,0.0,1.0,0.0
16384,0.8,21,0.0,0.0,1.0,0.0
16384,0.8,22,0.0,0.0,1.0,0.0
16384,0.8,23,0.0,0.0,1.0,0.0
16384,0.8,24,0.0,0.0,1.0,0.0
16384,0.8,25,0.0,0.0,1.0,0.0
16384,0.8,26,0.0,0.0,1.0,0.0
16384,0.8,27,0.0,0.0,1.0,0.0
16384,0.8,28,0.0,0.0,1.0,0.0
16384,0.8,29,0.0,0.0,1.0,0.0
16384,0.8,30,0.0,0.0,1.0,0.0
16384,0.8,31,0.0,0.0,1.0,0.0
16384,0.8,32,0.0,0.0,1.0,0.0
16384,0.8,33,0.0,0.0,1.0,0.0
16384,0.8,34,0.0,0.0,1.0,0.0
16384,0.8,35,0.0,0.0,1.0,0.0
16384,0.8,36,0.0,0.0,1.0,0.0
16384,0.8,37,0.0,0.0,1.0,0.0
16384,0.8,38,0.0,0.0,1.0,0.0
16384,0.8,39,0.0,0.0,1.0,0.0
16384,0.8,40,0.0,0.0,1.0,0.0
16384,0.8,41,0.0,0.0,1.0,0.0
16384,0.8,42,0.0,0.0,1.0,0.0
16384,0.8,43,0.0,0.0,1.0,0.0
16384,0.8,44,0.0,0.0,1.0,0.0
16384,0.8,45,0.0,0.0,1.0,0.0
16384,0.8,46,0.0,0.0,1.0,0.0
16384,0.8,47,0.0,0.0,1.0,0.0
16384,0.8,48,0.0,0.0,1.0,0.0
16384,0.8,49,0.0,0.0,1.0,0.0
16384,0.8,50,0.0,0.0,1.0,0.0
16384,0.8,51,0.0,0.0,1.0,0.0
16384,0.8,52,0.0,0.0,1.0,0.0
16384,0.8,53,0.0,0.0,1.0,0.0
16384,0.8,54,0.0,0.0,1.0,0.0
16384,0.8,55,0.0,0.0,1.0,0.0
16384,0.8,56,0.0,0.0,1.0,0.0
16384,0.8,57,0.0,0.0,1.0,0.0
16384,0.8,58,0.0,0.0,1.0,0.0
16384,0.8,59,0.0,0.0,1.0,0.0
16384,0.8,60,0.0,0.0,1.0,0.0
16384,0.8,61,0.0,0.0,1.0,0.0
16384,0.8,62,0.0,0.0,1.0,0.0
16384,0.8,63,0.0,0.0,1.0,0.0
16384,0.8,64,0.0,0.0,1.0,0.0
16384,0.8,65,0.0,0.0,1.0,0.0
16384,0.8,66,0.0,0.0,1.0,0.0
16384,0.8,67,0.0,0.0,1.0,0.0
16384,0.8,68,0.0,0.0,1.0,0.0
16384,0.8,69,0.0,0.0,1.0,0.0
16384,0.8,70,0.0,0.0,1.0,0.0
16384,0.8,71,0.0,0.0,1.0,0.0
16384,0.8,72,0.0,0.0,1.0,0.0
16384,0.8,73,0.0,0.0,1.0,0.0
16384,0.8,74,0.0,0.0,1.0,0.0
16384,0.8,75,0.0,0.0,1.0,0.0
16384,0.8,76,0.0,0.0,1.0,0.0
16384,0.8,77,0.0,0.0,1.0,0.0
16384,0.8,78,0.0,0.0,1.0,0.0
16384,0.8,79,0.0,0.0,1.0,0.0
16384,0.8,80,0.0,0.0,1.0,0.0
16384,0.8,81,0.0,0.0,1.0,0.0
16384,0.8,82,0.0,0.0,1.0,0.0
16384,0.8,83,0.0,0.0,1.0,0.0
16384,0.8,84,0.0,0.0,1.0,0.0
16384,0.8,85,0.0,0.0,1.0,0.0
16384,0.8,86,0.0,0.0,1.0,0.0
16384,0.8,87,0.0,0.0,1.0,0.0
16384,0.8,88,0.0,0.0,1.0,0.0
16384,0.8,89,0.0,0.0,1.0,0.0
16384,0.8,90,0.0,0.0,1.0,0.0
16384,0.8,91,0.0,0.0,1.0,0.0
16384,0.8,92,0.0,0.0,1.0,0.0
16384,0.8,93,0.0,0.0,1.0,0.0
16384,0.8,94,0.0,0.0,1.0,0.0
16384,0.8,95,0.0,0.0,1.0,0.0
16384,0.8,96,0.0,0.0,1.0,0.0
16384,0.8,97,0.0,0.0,1.0,0.0
16384,0.8,98,0.0,0.0,1.0,0.0
16384,0.8,99,0.0,0.0,1.0,0.0
